ERROR - 2025-02-06 03:16:15 --> mysqli_sql_exception: Unknown column 'noticias.idestado' in 'where clause' in /home/casalingenieros/public_html/system/Database/MySQLi/Connection.php:312
Stack trace:
#0 /home/casalingenieros/public_html/system/Database/MySQLi/Connection.php(312): mysqli->query('SELECT `noticia...', 0)
#1 /home/casalingenieros/public_html/system/Database/BaseConnection.php(734): CodeIgniter\Database\MySQLi\Connection->execute('SELECT `noticia...')
#2 /home/casalingenieros/public_html/system/Database/BaseConnection.php(648): CodeIgniter\Database\BaseConnection->simpleQuery('SELECT `noticia...')
#3 /home/casalingenieros/public_html/system/Database/BaseBuilder.php(1644): CodeIgniter\Database\BaseConnection->query('SELECT `noticia...', Array, false)
#4 /home/casalingenieros/public_html/system/Model.php(286): CodeIgniter\Database\BaseBuilder->get()
#5 /home/casalingenieros/public_html/system/BaseModel.php(676): CodeIgniter\Model->doFindAll(0, 0)
#6 /home/casalingenieros/public_html/app/Entities/NoticiaCategoria.php(55): CodeIgniter\BaseModel->findAll()
#7 /home/casalingenieros/public_html/app/Controllers/Front.php(97): App\Entities\NoticiaCategoria::buscarPor('nombre', 'asc', '', '', 29, 0, 0)
#8 /home/casalingenieros/public_html/system/CodeIgniter.php(933): App\Controllers\Front->noticias()
#9 /home/casalingenieros/public_html/system/CodeIgniter.php(509): CodeIgniter\CodeIgniter->runController(Object(App\Controllers\Front))
#10 /home/casalingenieros/public_html/system/CodeIgniter.php(355): CodeIgniter\CodeIgniter->handleRequest(NULL, Object(Config\Cache), false)
#11 /home/casalingenieros/public_html/system/Boot.php(325): CodeIgniter\CodeIgniter->run()
#12 /home/casalingenieros/public_html/system/Boot.php(67): CodeIgniter\Boot::runCodeIgniter(Object(CodeIgniter\CodeIgniter))
#13 /home/casalingenieros/public_html/index.php(56): CodeIgniter\Boot::bootWeb(Object(Config\Paths))
#14 {main}
CRITICAL - 2025-02-06 03:16:15 --> CodeIgniter\Database\Exceptions\DatabaseException: Unknown column 'noticias.idestado' in 'where clause'
[Method: GET, Route: noticias]
in SYSTEMPATH/Database/BaseConnection.php on line 688.
 1 SYSTEMPATH/Database/BaseBuilder.php(1644): CodeIgniter\Database\BaseConnection->query('SELECT `noticiacategoria`.*, (select e.nombre from estados e where noticias.idestado=e.idestado) as estado
FROM `noticiacategoria`
WHERE `noticiacategoria`.`idestado` = :noticiacategoria.idestado:
ORDER BY `nombre` ASC', [...], false)
 2 SYSTEMPATH/Model.php(286): CodeIgniter\Database\BaseBuilder->get()
 3 SYSTEMPATH/BaseModel.php(676): CodeIgniter\Model->doFindAll(0, 0)
 4 APPPATH/Entities/NoticiaCategoria.php(55): CodeIgniter\BaseModel->findAll()
 5 APPPATH/Controllers/Front.php(97): App\Entities\NoticiaCategoria::buscarPor('nombre', 'asc', '', '', 29, 0, 0)
 6 SYSTEMPATH/CodeIgniter.php(933): App\Controllers\Front->noticias()
 7 SYSTEMPATH/CodeIgniter.php(509): CodeIgniter\CodeIgniter->runController(Object(App\Controllers\Front))
 8 SYSTEMPATH/CodeIgniter.php(355): CodeIgniter\CodeIgniter->handleRequest(null, Object(Config\Cache), false)
 9 SYSTEMPATH/Boot.php(325): CodeIgniter\CodeIgniter->run()
10 SYSTEMPATH/Boot.php(67): CodeIgniter\Boot::runCodeIgniter(Object(CodeIgniter\CodeIgniter))
11 FCPATH/index.php(56): CodeIgniter\Boot::bootWeb(Object(Config\Paths))
CRITICAL - 2025-02-06 03:16:15 --> [Caused by] CodeIgniter\Database\Exceptions\DatabaseException: Unknown column 'noticias.idestado' in 'where clause'
in SYSTEMPATH/Database/MySQLi/Connection.php on line 317.
 1 SYSTEMPATH/Database/BaseConnection.php(734): CodeIgniter\Database\MySQLi\Connection->execute('SELECT `noticiacategoria`.*, (select e.nombre from estados e where noticias.idestado=e.idestado) as estado
FROM `noticiacategoria`
WHERE `noticiacategoria`.`idestado` = 29
ORDER BY `nombre` ASC')
 2 SYSTEMPATH/Database/BaseConnection.php(648): CodeIgniter\Database\BaseConnection->simpleQuery('SELECT `noticiacategoria`.*, (select e.nombre from estados e where noticias.idestado=e.idestado) as estado
FROM `noticiacategoria`
WHERE `noticiacategoria`.`idestado` = 29
ORDER BY `nombre` ASC')
 3 SYSTEMPATH/Database/BaseBuilder.php(1644): CodeIgniter\Database\BaseConnection->query('SELECT `noticiacategoria`.*, (select e.nombre from estados e where noticias.idestado=e.idestado) as estado
FROM `noticiacategoria`
WHERE `noticiacategoria`.`idestado` = :noticiacategoria.idestado:
ORDER BY `nombre` ASC', [...], false)
 4 SYSTEMPATH/Model.php(286): CodeIgniter\Database\BaseBuilder->get()
 5 SYSTEMPATH/BaseModel.php(676): CodeIgniter\Model->doFindAll(0, 0)
 6 APPPATH/Entities/NoticiaCategoria.php(55): CodeIgniter\BaseModel->findAll()
 7 APPPATH/Controllers/Front.php(97): App\Entities\NoticiaCategoria::buscarPor('nombre', 'asc', '', '', 29, 0, 0)
 8 SYSTEMPATH/CodeIgniter.php(933): App\Controllers\Front->noticias()
 9 SYSTEMPATH/CodeIgniter.php(509): CodeIgniter\CodeIgniter->runController(Object(App\Controllers\Front))
10 SYSTEMPATH/CodeIgniter.php(355): CodeIgniter\CodeIgniter->handleRequest(null, Object(Config\Cache), false)
11 SYSTEMPATH/Boot.php(325): CodeIgniter\CodeIgniter->run()
12 SYSTEMPATH/Boot.php(67): CodeIgniter\Boot::runCodeIgniter(Object(CodeIgniter\CodeIgniter))
13 FCPATH/index.php(56): CodeIgniter\Boot::bootWeb(Object(Config\Paths))
CRITICAL - 2025-02-06 03:16:15 --> [Caused by] mysqli_sql_exception: Unknown column 'noticias.idestado' in 'where clause'
in SYSTEMPATH/Database/MySQLi/Connection.php on line 312.
 1 SYSTEMPATH/Database/MySQLi/Connection.php(312): mysqli->query('SELECT `noticiacategoria`.*, (select e.nombre from estados e where noticias.idestado=e.idestado) as estado
FROM `noticiacategoria`
WHERE `noticiacategoria`.`idestado` = 29
ORDER BY `nombre` ASC', 0)
 2 SYSTEMPATH/Database/BaseConnection.php(734): CodeIgniter\Database\MySQLi\Connection->execute('SELECT `noticiacategoria`.*, (select e.nombre from estados e where noticias.idestado=e.idestado) as estado
FROM `noticiacategoria`
WHERE `noticiacategoria`.`idestado` = 29
ORDER BY `nombre` ASC')
 3 SYSTEMPATH/Database/BaseConnection.php(648): CodeIgniter\Database\BaseConnection->simpleQuery('SELECT `noticiacategoria`.*, (select e.nombre from estados e where noticias.idestado=e.idestado) as estado
FROM `noticiacategoria`
WHERE `noticiacategoria`.`idestado` = 29
ORDER BY `nombre` ASC')
 4 SYSTEMPATH/Database/BaseBuilder.php(1644): CodeIgniter\Database\BaseConnection->query('SELECT `noticiacategoria`.*, (select e.nombre from estados e where noticias.idestado=e.idestado) as estado
FROM `noticiacategoria`
WHERE `noticiacategoria`.`idestado` = :noticiacategoria.idestado:
ORDER BY `nombre` ASC', [...], false)
 5 SYSTEMPATH/Model.php(286): CodeIgniter\Database\BaseBuilder->get()
 6 SYSTEMPATH/BaseModel.php(676): CodeIgniter\Model->doFindAll(0, 0)
 7 APPPATH/Entities/NoticiaCategoria.php(55): CodeIgniter\BaseModel->findAll()
 8 APPPATH/Controllers/Front.php(97): App\Entities\NoticiaCategoria::buscarPor('nombre', 'asc', '', '', 29, 0, 0)
 9 SYSTEMPATH/CodeIgniter.php(933): App\Controllers\Front->noticias()
10 SYSTEMPATH/CodeIgniter.php(509): CodeIgniter\CodeIgniter->runController(Object(App\Controllers\Front))
11 SYSTEMPATH/CodeIgniter.php(355): CodeIgniter\CodeIgniter->handleRequest(null, Object(Config\Cache), false)
12 SYSTEMPATH/Boot.php(325): CodeIgniter\CodeIgniter->run()
13 SYSTEMPATH/Boot.php(67): CodeIgniter\Boot::runCodeIgniter(Object(CodeIgniter\CodeIgniter))
14 FCPATH/index.php(56): CodeIgniter\Boot::bootWeb(Object(Config\Paths))
ERROR - 2025-02-06 03:27:33 --> mysqli_sql_exception: Unknown column 'noticias.idnoticiacategoria' in 'where clause' in /home/casalingenieros/public_html/system/Database/MySQLi/Connection.php:312
Stack trace:
#0 /home/casalingenieros/public_html/system/Database/MySQLi/Connection.php(312): mysqli->query('SELECT COUNT(*)...', 0)
#1 /home/casalingenieros/public_html/system/Database/BaseConnection.php(734): CodeIgniter\Database\MySQLi\Connection->execute('SELECT COUNT(*)...')
#2 /home/casalingenieros/public_html/system/Database/BaseConnection.php(648): CodeIgniter\Database\BaseConnection->simpleQuery('SELECT COUNT(*)...')
#3 /home/casalingenieros/public_html/system/Database/BaseBuilder.php(1728): CodeIgniter\Database\BaseConnection->query('SELECT COUNT(*)...', Array, false)
#4 /home/casalingenieros/public_html/system/Model.php(678): CodeIgniter\Database\BaseBuilder->countAllResults(true)
#5 /home/casalingenieros/public_html/app/Entities/Noticia.php(125): CodeIgniter\Model->countAllResults()
#6 /home/casalingenieros/public_html/app/Controllers/NoticiaController.php(24): App\Entities\Noticia::buscarTotalPor('nombre', '', 25, '2')
#7 /home/casalingenieros/public_html/system/CodeIgniter.php(933): App\Controllers\NoticiaController->noticias()
#8 /home/casalingenieros/public_html/system/CodeIgniter.php(509): CodeIgniter\CodeIgniter->runController(Object(App\Controllers\NoticiaController))
#9 /home/casalingenieros/public_html/system/CodeIgniter.php(355): CodeIgniter\CodeIgniter->handleRequest(NULL, Object(Config\Cache), false)
#10 /home/casalingenieros/public_html/system/Boot.php(325): CodeIgniter\CodeIgniter->run()
#11 /home/casalingenieros/public_html/system/Boot.php(67): CodeIgniter\Boot::runCodeIgniter(Object(CodeIgniter\CodeIgniter))
#12 /home/casalingenieros/public_html/index.php(56): CodeIgniter\Boot::bootWeb(Object(Config\Paths))
#13 {main}
CRITICAL - 2025-02-06 03:27:33 --> CodeIgniter\Database\Exceptions\DatabaseException: Unknown column 'noticias.idnoticiacategoria' in 'where clause'
[Method: POST, Route: NoticiaController/noticias]
in SYSTEMPATH/Database/BaseConnection.php on line 688.
 1 SYSTEMPATH/Database/BaseBuilder.php(1728): CodeIgniter\Database\BaseConnection->query('SELECT COUNT(*) AS `numrows`
FROM `noticias`
WHERE `noticias`.`idestado` = :noticias.idestado:
AND `noticias`.`idnoticiacategoria` = :noticias.idnoticiacategoria:', [...], false)
 2 SYSTEMPATH/Model.php(678): CodeIgniter\Database\BaseBuilder->countAllResults(true)
 3 APPPATH/Entities/Noticia.php(125): CodeIgniter\Model->countAllResults()
 4 APPPATH/Controllers/NoticiaController.php(24): App\Entities\Noticia::buscarTotalPor('nombre', '', 25, '2')
 5 SYSTEMPATH/CodeIgniter.php(933): App\Controllers\NoticiaController->noticias()
 6 SYSTEMPATH/CodeIgniter.php(509): CodeIgniter\CodeIgniter->runController(Object(App\Controllers\NoticiaController))
 7 SYSTEMPATH/CodeIgniter.php(355): CodeIgniter\CodeIgniter->handleRequest(null, Object(Config\Cache), false)
 8 SYSTEMPATH/Boot.php(325): CodeIgniter\CodeIgniter->run()
 9 SYSTEMPATH/Boot.php(67): CodeIgniter\Boot::runCodeIgniter(Object(CodeIgniter\CodeIgniter))
10 FCPATH/index.php(56): CodeIgniter\Boot::bootWeb(Object(Config\Paths))
CRITICAL - 2025-02-06 03:27:33 --> [Caused by] CodeIgniter\Database\Exceptions\DatabaseException: Unknown column 'noticias.idnoticiacategoria' in 'where clause'
in SYSTEMPATH/Database/MySQLi/Connection.php on line 317.
 1 SYSTEMPATH/Database/BaseConnection.php(734): CodeIgniter\Database\MySQLi\Connection->execute('SELECT COUNT(*) AS `numrows`
FROM `noticias`
WHERE `noticias`.`idestado` = 25
AND `noticias`.`idnoticiacategoria` = \'2\'')
 2 SYSTEMPATH/Database/BaseConnection.php(648): CodeIgniter\Database\BaseConnection->simpleQuery('SELECT COUNT(*) AS `numrows`
FROM `noticias`
WHERE `noticias`.`idestado` = 25
AND `noticias`.`idnoticiacategoria` = \'2\'')
 3 SYSTEMPATH/Database/BaseBuilder.php(1728): CodeIgniter\Database\BaseConnection->query('SELECT COUNT(*) AS `numrows`
FROM `noticias`
WHERE `noticias`.`idestado` = :noticias.idestado:
AND `noticias`.`idnoticiacategoria` = :noticias.idnoticiacategoria:', [...], false)
 4 SYSTEMPATH/Model.php(678): CodeIgniter\Database\BaseBuilder->countAllResults(true)
 5 APPPATH/Entities/Noticia.php(125): CodeIgniter\Model->countAllResults()
 6 APPPATH/Controllers/NoticiaController.php(24): App\Entities\Noticia::buscarTotalPor('nombre', '', 25, '2')
 7 SYSTEMPATH/CodeIgniter.php(933): App\Controllers\NoticiaController->noticias()
 8 SYSTEMPATH/CodeIgniter.php(509): CodeIgniter\CodeIgniter->runController(Object(App\Controllers\NoticiaController))
 9 SYSTEMPATH/CodeIgniter.php(355): CodeIgniter\CodeIgniter->handleRequest(null, Object(Config\Cache), false)
10 SYSTEMPATH/Boot.php(325): CodeIgniter\CodeIgniter->run()
11 SYSTEMPATH/Boot.php(67): CodeIgniter\Boot::runCodeIgniter(Object(CodeIgniter\CodeIgniter))
12 FCPATH/index.php(56): CodeIgniter\Boot::bootWeb(Object(Config\Paths))
CRITICAL - 2025-02-06 03:27:33 --> [Caused by] mysqli_sql_exception: Unknown column 'noticias.idnoticiacategoria' in 'where clause'
in SYSTEMPATH/Database/MySQLi/Connection.php on line 312.
 1 SYSTEMPATH/Database/MySQLi/Connection.php(312): mysqli->query('SELECT COUNT(*) AS `numrows`
FROM `noticias`
WHERE `noticias`.`idestado` = 25
AND `noticias`.`idnoticiacategoria` = \'2\'', 0)
 2 SYSTEMPATH/Database/BaseConnection.php(734): CodeIgniter\Database\MySQLi\Connection->execute('SELECT COUNT(*) AS `numrows`
FROM `noticias`
WHERE `noticias`.`idestado` = 25
AND `noticias`.`idnoticiacategoria` = \'2\'')
 3 SYSTEMPATH/Database/BaseConnection.php(648): CodeIgniter\Database\BaseConnection->simpleQuery('SELECT COUNT(*) AS `numrows`
FROM `noticias`
WHERE `noticias`.`idestado` = 25
AND `noticias`.`idnoticiacategoria` = \'2\'')
 4 SYSTEMPATH/Database/BaseBuilder.php(1728): CodeIgniter\Database\BaseConnection->query('SELECT COUNT(*) AS `numrows`
FROM `noticias`
WHERE `noticias`.`idestado` = :noticias.idestado:
AND `noticias`.`idnoticiacategoria` = :noticias.idnoticiacategoria:', [...], false)
 5 SYSTEMPATH/Model.php(678): CodeIgniter\Database\BaseBuilder->countAllResults(true)
 6 APPPATH/Entities/Noticia.php(125): CodeIgniter\Model->countAllResults()
 7 APPPATH/Controllers/NoticiaController.php(24): App\Entities\Noticia::buscarTotalPor('nombre', '', 25, '2')
 8 SYSTEMPATH/CodeIgniter.php(933): App\Controllers\NoticiaController->noticias()
 9 SYSTEMPATH/CodeIgniter.php(509): CodeIgniter\CodeIgniter->runController(Object(App\Controllers\NoticiaController))
10 SYSTEMPATH/CodeIgniter.php(355): CodeIgniter\CodeIgniter->handleRequest(null, Object(Config\Cache), false)
11 SYSTEMPATH/Boot.php(325): CodeIgniter\CodeIgniter->run()
12 SYSTEMPATH/Boot.php(67): CodeIgniter\Boot::runCodeIgniter(Object(CodeIgniter\CodeIgniter))
13 FCPATH/index.php(56): CodeIgniter\Boot::bootWeb(Object(Config\Paths))
ERROR - 2025-02-06 03:27:37 --> mysqli_sql_exception: Unknown column 'noticias.idnoticiacategoria' in 'where clause' in /home/casalingenieros/public_html/system/Database/MySQLi/Connection.php:312
Stack trace:
#0 /home/casalingenieros/public_html/system/Database/MySQLi/Connection.php(312): mysqli->query('SELECT COUNT(*)...', 0)
#1 /home/casalingenieros/public_html/system/Database/BaseConnection.php(734): CodeIgniter\Database\MySQLi\Connection->execute('SELECT COUNT(*)...')
#2 /home/casalingenieros/public_html/system/Database/BaseConnection.php(648): CodeIgniter\Database\BaseConnection->simpleQuery('SELECT COUNT(*)...')
#3 /home/casalingenieros/public_html/system/Database/BaseBuilder.php(1728): CodeIgniter\Database\BaseConnection->query('SELECT COUNT(*)...', Array, false)
#4 /home/casalingenieros/public_html/system/Model.php(678): CodeIgniter\Database\BaseBuilder->countAllResults(true)
#5 /home/casalingenieros/public_html/app/Entities/Noticia.php(125): CodeIgniter\Model->countAllResults()
#6 /home/casalingenieros/public_html/app/Controllers/NoticiaController.php(24): App\Entities\Noticia::buscarTotalPor('nombre', '', 25, '1')
#7 /home/casalingenieros/public_html/system/CodeIgniter.php(933): App\Controllers\NoticiaController->noticias()
#8 /home/casalingenieros/public_html/system/CodeIgniter.php(509): CodeIgniter\CodeIgniter->runController(Object(App\Controllers\NoticiaController))
#9 /home/casalingenieros/public_html/system/CodeIgniter.php(355): CodeIgniter\CodeIgniter->handleRequest(NULL, Object(Config\Cache), false)
#10 /home/casalingenieros/public_html/system/Boot.php(325): CodeIgniter\CodeIgniter->run()
#11 /home/casalingenieros/public_html/system/Boot.php(67): CodeIgniter\Boot::runCodeIgniter(Object(CodeIgniter\CodeIgniter))
#12 /home/casalingenieros/public_html/index.php(56): CodeIgniter\Boot::bootWeb(Object(Config\Paths))
#13 {main}
CRITICAL - 2025-02-06 03:27:37 --> CodeIgniter\Database\Exceptions\DatabaseException: Unknown column 'noticias.idnoticiacategoria' in 'where clause'
[Method: POST, Route: NoticiaController/noticias]
in SYSTEMPATH/Database/BaseConnection.php on line 688.
 1 SYSTEMPATH/Database/BaseBuilder.php(1728): CodeIgniter\Database\BaseConnection->query('SELECT COUNT(*) AS `numrows`
FROM `noticias`
WHERE `noticias`.`idestado` = :noticias.idestado:
AND `noticias`.`idnoticiacategoria` = :noticias.idnoticiacategoria:', [...], false)
 2 SYSTEMPATH/Model.php(678): CodeIgniter\Database\BaseBuilder->countAllResults(true)
 3 APPPATH/Entities/Noticia.php(125): CodeIgniter\Model->countAllResults()
 4 APPPATH/Controllers/NoticiaController.php(24): App\Entities\Noticia::buscarTotalPor('nombre', '', 25, '1')
 5 SYSTEMPATH/CodeIgniter.php(933): App\Controllers\NoticiaController->noticias()
 6 SYSTEMPATH/CodeIgniter.php(509): CodeIgniter\CodeIgniter->runController(Object(App\Controllers\NoticiaController))
 7 SYSTEMPATH/CodeIgniter.php(355): CodeIgniter\CodeIgniter->handleRequest(null, Object(Config\Cache), false)
 8 SYSTEMPATH/Boot.php(325): CodeIgniter\CodeIgniter->run()
 9 SYSTEMPATH/Boot.php(67): CodeIgniter\Boot::runCodeIgniter(Object(CodeIgniter\CodeIgniter))
10 FCPATH/index.php(56): CodeIgniter\Boot::bootWeb(Object(Config\Paths))
CRITICAL - 2025-02-06 03:27:37 --> [Caused by] CodeIgniter\Database\Exceptions\DatabaseException: Unknown column 'noticias.idnoticiacategoria' in 'where clause'
in SYSTEMPATH/Database/MySQLi/Connection.php on line 317.
 1 SYSTEMPATH/Database/BaseConnection.php(734): CodeIgniter\Database\MySQLi\Connection->execute('SELECT COUNT(*) AS `numrows`
FROM `noticias`
WHERE `noticias`.`idestado` = 25
AND `noticias`.`idnoticiacategoria` = \'1\'')
 2 SYSTEMPATH/Database/BaseConnection.php(648): CodeIgniter\Database\BaseConnection->simpleQuery('SELECT COUNT(*) AS `numrows`
FROM `noticias`
WHERE `noticias`.`idestado` = 25
AND `noticias`.`idnoticiacategoria` = \'1\'')
 3 SYSTEMPATH/Database/BaseBuilder.php(1728): CodeIgniter\Database\BaseConnection->query('SELECT COUNT(*) AS `numrows`
FROM `noticias`
WHERE `noticias`.`idestado` = :noticias.idestado:
AND `noticias`.`idnoticiacategoria` = :noticias.idnoticiacategoria:', [...], false)
 4 SYSTEMPATH/Model.php(678): CodeIgniter\Database\BaseBuilder->countAllResults(true)
 5 APPPATH/Entities/Noticia.php(125): CodeIgniter\Model->countAllResults()
 6 APPPATH/Controllers/NoticiaController.php(24): App\Entities\Noticia::buscarTotalPor('nombre', '', 25, '1')
 7 SYSTEMPATH/CodeIgniter.php(933): App\Controllers\NoticiaController->noticias()
 8 SYSTEMPATH/CodeIgniter.php(509): CodeIgniter\CodeIgniter->runController(Object(App\Controllers\NoticiaController))
 9 SYSTEMPATH/CodeIgniter.php(355): CodeIgniter\CodeIgniter->handleRequest(null, Object(Config\Cache), false)
10 SYSTEMPATH/Boot.php(325): CodeIgniter\CodeIgniter->run()
11 SYSTEMPATH/Boot.php(67): CodeIgniter\Boot::runCodeIgniter(Object(CodeIgniter\CodeIgniter))
12 FCPATH/index.php(56): CodeIgniter\Boot::bootWeb(Object(Config\Paths))
CRITICAL - 2025-02-06 03:27:37 --> [Caused by] mysqli_sql_exception: Unknown column 'noticias.idnoticiacategoria' in 'where clause'
in SYSTEMPATH/Database/MySQLi/Connection.php on line 312.
 1 SYSTEMPATH/Database/MySQLi/Connection.php(312): mysqli->query('SELECT COUNT(*) AS `numrows`
FROM `noticias`
WHERE `noticias`.`idestado` = 25
AND `noticias`.`idnoticiacategoria` = \'1\'', 0)
 2 SYSTEMPATH/Database/BaseConnection.php(734): CodeIgniter\Database\MySQLi\Connection->execute('SELECT COUNT(*) AS `numrows`
FROM `noticias`
WHERE `noticias`.`idestado` = 25
AND `noticias`.`idnoticiacategoria` = \'1\'')
 3 SYSTEMPATH/Database/BaseConnection.php(648): CodeIgniter\Database\BaseConnection->simpleQuery('SELECT COUNT(*) AS `numrows`
FROM `noticias`
WHERE `noticias`.`idestado` = 25
AND `noticias`.`idnoticiacategoria` = \'1\'')
 4 SYSTEMPATH/Database/BaseBuilder.php(1728): CodeIgniter\Database\BaseConnection->query('SELECT COUNT(*) AS `numrows`
FROM `noticias`
WHERE `noticias`.`idestado` = :noticias.idestado:
AND `noticias`.`idnoticiacategoria` = :noticias.idnoticiacategoria:', [...], false)
 5 SYSTEMPATH/Model.php(678): CodeIgniter\Database\BaseBuilder->countAllResults(true)
 6 APPPATH/Entities/Noticia.php(125): CodeIgniter\Model->countAllResults()
 7 APPPATH/Controllers/NoticiaController.php(24): App\Entities\Noticia::buscarTotalPor('nombre', '', 25, '1')
 8 SYSTEMPATH/CodeIgniter.php(933): App\Controllers\NoticiaController->noticias()
 9 SYSTEMPATH/CodeIgniter.php(509): CodeIgniter\CodeIgniter->runController(Object(App\Controllers\NoticiaController))
10 SYSTEMPATH/CodeIgniter.php(355): CodeIgniter\CodeIgniter->handleRequest(null, Object(Config\Cache), false)
11 SYSTEMPATH/Boot.php(325): CodeIgniter\CodeIgniter->run()
12 SYSTEMPATH/Boot.php(67): CodeIgniter\Boot::runCodeIgniter(Object(CodeIgniter\CodeIgniter))
13 FCPATH/index.php(56): CodeIgniter\Boot::bootWeb(Object(Config\Paths))
CRITICAL - 2025-02-06 03:27:44 --> CodeIgniter\HTTP\Exceptions\BadRequestException: The URI you submitted has disallowed characters: ""https:"
[Method: GET, Route: %22https:/www.youtube.com/embed/CcC6-zsE1Jc]
in SYSTEMPATH/Router/Router.php on line 737.
 1 SYSTEMPATH/Router/Router.php(204): CodeIgniter\Router\Router->checkDisallowedChars('"https:/www.youtube.com/embed/CcC6-zsE1Jc')
 2 SYSTEMPATH/CodeIgniter.php(834): CodeIgniter\Router\Router->handle('"https:/www.youtube.com/embed/CcC6-zsE1Jc')
 3 SYSTEMPATH/CodeIgniter.php(457): CodeIgniter\CodeIgniter->tryToRouteIt(Object(CodeIgniter\Router\RouteCollection))
 4 SYSTEMPATH/CodeIgniter.php(355): CodeIgniter\CodeIgniter->handleRequest(null, Object(Config\Cache), false)
 5 SYSTEMPATH/Boot.php(325): CodeIgniter\CodeIgniter->run()
 6 SYSTEMPATH/Boot.php(67): CodeIgniter\Boot::runCodeIgniter(Object(CodeIgniter\CodeIgniter))
 7 FCPATH/index.php(56): CodeIgniter\Boot::bootWeb(Object(Config\Paths))
CRITICAL - 2025-02-06 03:27:56 --> CodeIgniter\HTTP\Exceptions\BadRequestException: The URI you submitted has disallowed characters: ""https:"
[Method: GET, Route: %22https:/www.youtube.com/embed/CcC6-zsE1Jc]
in SYSTEMPATH/Router/Router.php on line 737.
 1 SYSTEMPATH/Router/Router.php(204): CodeIgniter\Router\Router->checkDisallowedChars('"https:/www.youtube.com/embed/CcC6-zsE1Jc')
 2 SYSTEMPATH/CodeIgniter.php(834): CodeIgniter\Router\Router->handle('"https:/www.youtube.com/embed/CcC6-zsE1Jc')
 3 SYSTEMPATH/CodeIgniter.php(457): CodeIgniter\CodeIgniter->tryToRouteIt(Object(CodeIgniter\Router\RouteCollection))
 4 SYSTEMPATH/CodeIgniter.php(355): CodeIgniter\CodeIgniter->handleRequest(null, Object(Config\Cache), false)
 5 SYSTEMPATH/Boot.php(325): CodeIgniter\CodeIgniter->run()
 6 SYSTEMPATH/Boot.php(67): CodeIgniter\Boot::runCodeIgniter(Object(CodeIgniter\CodeIgniter))
 7 FCPATH/index.php(56): CodeIgniter\Boot::bootWeb(Object(Config\Paths))
ERROR - 2025-02-06 03:28:17 --> mysqli_sql_exception: Unknown column 'noticias.idnoticiacategoria' in 'where clause' in /home/casalingenieros/public_html/system/Database/MySQLi/Connection.php:312
Stack trace:
#0 /home/casalingenieros/public_html/system/Database/MySQLi/Connection.php(312): mysqli->query('SELECT COUNT(*)...', 0)
#1 /home/casalingenieros/public_html/system/Database/BaseConnection.php(734): CodeIgniter\Database\MySQLi\Connection->execute('SELECT COUNT(*)...')
#2 /home/casalingenieros/public_html/system/Database/BaseConnection.php(648): CodeIgniter\Database\BaseConnection->simpleQuery('SELECT COUNT(*)...')
#3 /home/casalingenieros/public_html/system/Database/BaseBuilder.php(1728): CodeIgniter\Database\BaseConnection->query('SELECT COUNT(*)...', Array, false)
#4 /home/casalingenieros/public_html/system/Model.php(678): CodeIgniter\Database\BaseBuilder->countAllResults(true)
#5 /home/casalingenieros/public_html/app/Entities/Noticia.php(125): CodeIgniter\Model->countAllResults()
#6 /home/casalingenieros/public_html/app/Controllers/NoticiaController.php(24): App\Entities\Noticia::buscarTotalPor('nombre', '', 25, '2')
#7 /home/casalingenieros/public_html/system/CodeIgniter.php(933): App\Controllers\NoticiaController->noticias()
#8 /home/casalingenieros/public_html/system/CodeIgniter.php(509): CodeIgniter\CodeIgniter->runController(Object(App\Controllers\NoticiaController))
#9 /home/casalingenieros/public_html/system/CodeIgniter.php(355): CodeIgniter\CodeIgniter->handleRequest(NULL, Object(Config\Cache), false)
#10 /home/casalingenieros/public_html/system/Boot.php(325): CodeIgniter\CodeIgniter->run()
#11 /home/casalingenieros/public_html/system/Boot.php(67): CodeIgniter\Boot::runCodeIgniter(Object(CodeIgniter\CodeIgniter))
#12 /home/casalingenieros/public_html/index.php(56): CodeIgniter\Boot::bootWeb(Object(Config\Paths))
#13 {main}
CRITICAL - 2025-02-06 03:28:17 --> CodeIgniter\Database\Exceptions\DatabaseException: Unknown column 'noticias.idnoticiacategoria' in 'where clause'
[Method: POST, Route: NoticiaController/noticias]
in SYSTEMPATH/Database/BaseConnection.php on line 688.
 1 SYSTEMPATH/Database/BaseBuilder.php(1728): CodeIgniter\Database\BaseConnection->query('SELECT COUNT(*) AS `numrows`
FROM `noticias`
WHERE `noticias`.`idestado` = :noticias.idestado:
AND `noticias`.`idnoticiacategoria` = :noticias.idnoticiacategoria:', [...], false)
 2 SYSTEMPATH/Model.php(678): CodeIgniter\Database\BaseBuilder->countAllResults(true)
 3 APPPATH/Entities/Noticia.php(125): CodeIgniter\Model->countAllResults()
 4 APPPATH/Controllers/NoticiaController.php(24): App\Entities\Noticia::buscarTotalPor('nombre', '', 25, '2')
 5 SYSTEMPATH/CodeIgniter.php(933): App\Controllers\NoticiaController->noticias()
 6 SYSTEMPATH/CodeIgniter.php(509): CodeIgniter\CodeIgniter->runController(Object(App\Controllers\NoticiaController))
 7 SYSTEMPATH/CodeIgniter.php(355): CodeIgniter\CodeIgniter->handleRequest(null, Object(Config\Cache), false)
 8 SYSTEMPATH/Boot.php(325): CodeIgniter\CodeIgniter->run()
 9 SYSTEMPATH/Boot.php(67): CodeIgniter\Boot::runCodeIgniter(Object(CodeIgniter\CodeIgniter))
10 FCPATH/index.php(56): CodeIgniter\Boot::bootWeb(Object(Config\Paths))
CRITICAL - 2025-02-06 03:28:17 --> [Caused by] CodeIgniter\Database\Exceptions\DatabaseException: Unknown column 'noticias.idnoticiacategoria' in 'where clause'
in SYSTEMPATH/Database/MySQLi/Connection.php on line 317.
 1 SYSTEMPATH/Database/BaseConnection.php(734): CodeIgniter\Database\MySQLi\Connection->execute('SELECT COUNT(*) AS `numrows`
FROM `noticias`
WHERE `noticias`.`idestado` = 25
AND `noticias`.`idnoticiacategoria` = \'2\'')
 2 SYSTEMPATH/Database/BaseConnection.php(648): CodeIgniter\Database\BaseConnection->simpleQuery('SELECT COUNT(*) AS `numrows`
FROM `noticias`
WHERE `noticias`.`idestado` = 25
AND `noticias`.`idnoticiacategoria` = \'2\'')
 3 SYSTEMPATH/Database/BaseBuilder.php(1728): CodeIgniter\Database\BaseConnection->query('SELECT COUNT(*) AS `numrows`
FROM `noticias`
WHERE `noticias`.`idestado` = :noticias.idestado:
AND `noticias`.`idnoticiacategoria` = :noticias.idnoticiacategoria:', [...], false)
 4 SYSTEMPATH/Model.php(678): CodeIgniter\Database\BaseBuilder->countAllResults(true)
 5 APPPATH/Entities/Noticia.php(125): CodeIgniter\Model->countAllResults()
 6 APPPATH/Controllers/NoticiaController.php(24): App\Entities\Noticia::buscarTotalPor('nombre', '', 25, '2')
 7 SYSTEMPATH/CodeIgniter.php(933): App\Controllers\NoticiaController->noticias()
 8 SYSTEMPATH/CodeIgniter.php(509): CodeIgniter\CodeIgniter->runController(Object(App\Controllers\NoticiaController))
 9 SYSTEMPATH/CodeIgniter.php(355): CodeIgniter\CodeIgniter->handleRequest(null, Object(Config\Cache), false)
10 SYSTEMPATH/Boot.php(325): CodeIgniter\CodeIgniter->run()
11 SYSTEMPATH/Boot.php(67): CodeIgniter\Boot::runCodeIgniter(Object(CodeIgniter\CodeIgniter))
12 FCPATH/index.php(56): CodeIgniter\Boot::bootWeb(Object(Config\Paths))
CRITICAL - 2025-02-06 03:28:17 --> [Caused by] mysqli_sql_exception: Unknown column 'noticias.idnoticiacategoria' in 'where clause'
in SYSTEMPATH/Database/MySQLi/Connection.php on line 312.
 1 SYSTEMPATH/Database/MySQLi/Connection.php(312): mysqli->query('SELECT COUNT(*) AS `numrows`
FROM `noticias`
WHERE `noticias`.`idestado` = 25
AND `noticias`.`idnoticiacategoria` = \'2\'', 0)
 2 SYSTEMPATH/Database/BaseConnection.php(734): CodeIgniter\Database\MySQLi\Connection->execute('SELECT COUNT(*) AS `numrows`
FROM `noticias`
WHERE `noticias`.`idestado` = 25
AND `noticias`.`idnoticiacategoria` = \'2\'')
 3 SYSTEMPATH/Database/BaseConnection.php(648): CodeIgniter\Database\BaseConnection->simpleQuery('SELECT COUNT(*) AS `numrows`
FROM `noticias`
WHERE `noticias`.`idestado` = 25
AND `noticias`.`idnoticiacategoria` = \'2\'')
 4 SYSTEMPATH/Database/BaseBuilder.php(1728): CodeIgniter\Database\BaseConnection->query('SELECT COUNT(*) AS `numrows`
FROM `noticias`
WHERE `noticias`.`idestado` = :noticias.idestado:
AND `noticias`.`idnoticiacategoria` = :noticias.idnoticiacategoria:', [...], false)
 5 SYSTEMPATH/Model.php(678): CodeIgniter\Database\BaseBuilder->countAllResults(true)
 6 APPPATH/Entities/Noticia.php(125): CodeIgniter\Model->countAllResults()
 7 APPPATH/Controllers/NoticiaController.php(24): App\Entities\Noticia::buscarTotalPor('nombre', '', 25, '2')
 8 SYSTEMPATH/CodeIgniter.php(933): App\Controllers\NoticiaController->noticias()
 9 SYSTEMPATH/CodeIgniter.php(509): CodeIgniter\CodeIgniter->runController(Object(App\Controllers\NoticiaController))
10 SYSTEMPATH/CodeIgniter.php(355): CodeIgniter\CodeIgniter->handleRequest(null, Object(Config\Cache), false)
11 SYSTEMPATH/Boot.php(325): CodeIgniter\CodeIgniter->run()
12 SYSTEMPATH/Boot.php(67): CodeIgniter\Boot::runCodeIgniter(Object(CodeIgniter\CodeIgniter))
13 FCPATH/index.php(56): CodeIgniter\Boot::bootWeb(Object(Config\Paths))
ERROR - 2025-02-06 03:29:14 --> mysqli_sql_exception: Unknown column 'noticias.idpcategoria' in 'where clause' in /home/casalingenieros/public_html/system/Database/MySQLi/Connection.php:312
Stack trace:
#0 /home/casalingenieros/public_html/system/Database/MySQLi/Connection.php(312): mysqli->query('SELECT `noticia...', 0)
#1 /home/casalingenieros/public_html/system/Database/BaseConnection.php(734): CodeIgniter\Database\MySQLi\Connection->execute('SELECT `noticia...')
#2 /home/casalingenieros/public_html/system/Database/BaseConnection.php(648): CodeIgniter\Database\BaseConnection->simpleQuery('SELECT `noticia...')
#3 /home/casalingenieros/public_html/system/Database/BaseBuilder.php(1644): CodeIgniter\Database\BaseConnection->query('SELECT `noticia...', Array, false)
#4 /home/casalingenieros/public_html/system/Model.php(286): CodeIgniter\Database\BaseBuilder->get()
#5 /home/casalingenieros/public_html/system/BaseModel.php(676): CodeIgniter\Model->doFindAll(9, 0)
#6 /home/casalingenieros/public_html/app/Entities/Noticia.php(97): CodeIgniter\BaseModel->findAll(9, 0)
#7 /home/casalingenieros/public_html/app/Controllers/NoticiaController.php(28): App\Entities\Noticia::buscarPor('fecha_desc', 'asc', 'nombre', '', 25, '2', 0, 9)
#8 /home/casalingenieros/public_html/system/CodeIgniter.php(933): App\Controllers\NoticiaController->noticias()
#9 /home/casalingenieros/public_html/system/CodeIgniter.php(509): CodeIgniter\CodeIgniter->runController(Object(App\Controllers\NoticiaController))
#10 /home/casalingenieros/public_html/system/CodeIgniter.php(355): CodeIgniter\CodeIgniter->handleRequest(NULL, Object(Config\Cache), false)
#11 /home/casalingenieros/public_html/system/Boot.php(325): CodeIgniter\CodeIgniter->run()
#12 /home/casalingenieros/public_html/system/Boot.php(67): CodeIgniter\Boot::runCodeIgniter(Object(CodeIgniter\CodeIgniter))
#13 /home/casalingenieros/public_html/index.php(56): CodeIgniter\Boot::bootWeb(Object(Config\Paths))
#14 {main}
CRITICAL - 2025-02-06 03:29:14 --> CodeIgniter\Database\Exceptions\DatabaseException: Unknown column 'noticias.idpcategoria' in 'where clause'
[Method: POST, Route: NoticiaController/noticias]
in SYSTEMPATH/Database/BaseConnection.php on line 688.
 1 SYSTEMPATH/Database/BaseBuilder.php(1644): CodeIgniter\Database\BaseConnection->query('SELECT `noticias`.*, (select e.nombre from estados e where noticias.idestado=e.idestado) as estado, (select p.nombre from parametros p where noticias.idpcategoria=p.idparametro) as categoria
FROM `noticias`
WHERE `noticias`.`idestado` = :noticias.idestado:
AND `noticias`.`idnoticiacategoria` = :noticias.idnoticiacategoria:
ORDER BY `fechapublicacion` DESC
 LIMIT 9', [...], false)
 2 SYSTEMPATH/Model.php(286): CodeIgniter\Database\BaseBuilder->get()
 3 SYSTEMPATH/BaseModel.php(676): CodeIgniter\Model->doFindAll(9, 0)
 4 APPPATH/Entities/Noticia.php(97): CodeIgniter\BaseModel->findAll(9, 0)
 5 APPPATH/Controllers/NoticiaController.php(28): App\Entities\Noticia::buscarPor('fecha_desc', 'asc', 'nombre', '', 25, '2', 0, 9)
 6 SYSTEMPATH/CodeIgniter.php(933): App\Controllers\NoticiaController->noticias()
 7 SYSTEMPATH/CodeIgniter.php(509): CodeIgniter\CodeIgniter->runController(Object(App\Controllers\NoticiaController))
 8 SYSTEMPATH/CodeIgniter.php(355): CodeIgniter\CodeIgniter->handleRequest(null, Object(Config\Cache), false)
 9 SYSTEMPATH/Boot.php(325): CodeIgniter\CodeIgniter->run()
10 SYSTEMPATH/Boot.php(67): CodeIgniter\Boot::runCodeIgniter(Object(CodeIgniter\CodeIgniter))
11 FCPATH/index.php(56): CodeIgniter\Boot::bootWeb(Object(Config\Paths))
CRITICAL - 2025-02-06 03:29:14 --> [Caused by] CodeIgniter\Database\Exceptions\DatabaseException: Unknown column 'noticias.idpcategoria' in 'where clause'
in SYSTEMPATH/Database/MySQLi/Connection.php on line 317.
 1 SYSTEMPATH/Database/BaseConnection.php(734): CodeIgniter\Database\MySQLi\Connection->execute('SELECT `noticias`.*, (select e.nombre from estados e where noticias.idestado=e.idestado) as estado, (select p.nombre from parametros p where noticias.idpcategoria=p.idparametro) as categoria
FROM `noticias`
WHERE `noticias`.`idestado` = 25
AND `noticias`.`idnoticiacategoria` = \'2\'
ORDER BY `fechapublicacion` DESC
 LIMIT 9')
 2 SYSTEMPATH/Database/BaseConnection.php(648): CodeIgniter\Database\BaseConnection->simpleQuery('SELECT `noticias`.*, (select e.nombre from estados e where noticias.idestado=e.idestado) as estado, (select p.nombre from parametros p where noticias.idpcategoria=p.idparametro) as categoria
FROM `noticias`
WHERE `noticias`.`idestado` = 25
AND `noticias`.`idnoticiacategoria` = \'2\'
ORDER BY `fechapublicacion` DESC
 LIMIT 9')
 3 SYSTEMPATH/Database/BaseBuilder.php(1644): CodeIgniter\Database\BaseConnection->query('SELECT `noticias`.*, (select e.nombre from estados e where noticias.idestado=e.idestado) as estado, (select p.nombre from parametros p where noticias.idpcategoria=p.idparametro) as categoria
FROM `noticias`
WHERE `noticias`.`idestado` = :noticias.idestado:
AND `noticias`.`idnoticiacategoria` = :noticias.idnoticiacategoria:
ORDER BY `fechapublicacion` DESC
 LIMIT 9', [...], false)
 4 SYSTEMPATH/Model.php(286): CodeIgniter\Database\BaseBuilder->get()
 5 SYSTEMPATH/BaseModel.php(676): CodeIgniter\Model->doFindAll(9, 0)
 6 APPPATH/Entities/Noticia.php(97): CodeIgniter\BaseModel->findAll(9, 0)
 7 APPPATH/Controllers/NoticiaController.php(28): App\Entities\Noticia::buscarPor('fecha_desc', 'asc', 'nombre', '', 25, '2', 0, 9)
 8 SYSTEMPATH/CodeIgniter.php(933): App\Controllers\NoticiaController->noticias()
 9 SYSTEMPATH/CodeIgniter.php(509): CodeIgniter\CodeIgniter->runController(Object(App\Controllers\NoticiaController))
10 SYSTEMPATH/CodeIgniter.php(355): CodeIgniter\CodeIgniter->handleRequest(null, Object(Config\Cache), false)
11 SYSTEMPATH/Boot.php(325): CodeIgniter\CodeIgniter->run()
12 SYSTEMPATH/Boot.php(67): CodeIgniter\Boot::runCodeIgniter(Object(CodeIgniter\CodeIgniter))
13 FCPATH/index.php(56): CodeIgniter\Boot::bootWeb(Object(Config\Paths))
CRITICAL - 2025-02-06 03:29:14 --> [Caused by] mysqli_sql_exception: Unknown column 'noticias.idpcategoria' in 'where clause'
in SYSTEMPATH/Database/MySQLi/Connection.php on line 312.
 1 SYSTEMPATH/Database/MySQLi/Connection.php(312): mysqli->query('SELECT `noticias`.*, (select e.nombre from estados e where noticias.idestado=e.idestado) as estado, (select p.nombre from parametros p where noticias.idpcategoria=p.idparametro) as categoria
FROM `noticias`
WHERE `noticias`.`idestado` = 25
AND `noticias`.`idnoticiacategoria` = \'2\'
ORDER BY `fechapublicacion` DESC
 LIMIT 9', 0)
 2 SYSTEMPATH/Database/BaseConnection.php(734): CodeIgniter\Database\MySQLi\Connection->execute('SELECT `noticias`.*, (select e.nombre from estados e where noticias.idestado=e.idestado) as estado, (select p.nombre from parametros p where noticias.idpcategoria=p.idparametro) as categoria
FROM `noticias`
WHERE `noticias`.`idestado` = 25
AND `noticias`.`idnoticiacategoria` = \'2\'
ORDER BY `fechapublicacion` DESC
 LIMIT 9')
 3 SYSTEMPATH/Database/BaseConnection.php(648): CodeIgniter\Database\BaseConnection->simpleQuery('SELECT `noticias`.*, (select e.nombre from estados e where noticias.idestado=e.idestado) as estado, (select p.nombre from parametros p where noticias.idpcategoria=p.idparametro) as categoria
FROM `noticias`
WHERE `noticias`.`idestado` = 25
AND `noticias`.`idnoticiacategoria` = \'2\'
ORDER BY `fechapublicacion` DESC
 LIMIT 9')
 4 SYSTEMPATH/Database/BaseBuilder.php(1644): CodeIgniter\Database\BaseConnection->query('SELECT `noticias`.*, (select e.nombre from estados e where noticias.idestado=e.idestado) as estado, (select p.nombre from parametros p where noticias.idpcategoria=p.idparametro) as categoria
FROM `noticias`
WHERE `noticias`.`idestado` = :noticias.idestado:
AND `noticias`.`idnoticiacategoria` = :noticias.idnoticiacategoria:
ORDER BY `fechapublicacion` DESC
 LIMIT 9', [...], false)
 5 SYSTEMPATH/Model.php(286): CodeIgniter\Database\BaseBuilder->get()
 6 SYSTEMPATH/BaseModel.php(676): CodeIgniter\Model->doFindAll(9, 0)
 7 APPPATH/Entities/Noticia.php(97): CodeIgniter\BaseModel->findAll(9, 0)
 8 APPPATH/Controllers/NoticiaController.php(28): App\Entities\Noticia::buscarPor('fecha_desc', 'asc', 'nombre', '', 25, '2', 0, 9)
 9 SYSTEMPATH/CodeIgniter.php(933): App\Controllers\NoticiaController->noticias()
10 SYSTEMPATH/CodeIgniter.php(509): CodeIgniter\CodeIgniter->runController(Object(App\Controllers\NoticiaController))
11 SYSTEMPATH/CodeIgniter.php(355): CodeIgniter\CodeIgniter->handleRequest(null, Object(Config\Cache), false)
12 SYSTEMPATH/Boot.php(325): CodeIgniter\CodeIgniter->run()
13 SYSTEMPATH/Boot.php(67): CodeIgniter\Boot::runCodeIgniter(Object(CodeIgniter\CodeIgniter))
14 FCPATH/index.php(56): CodeIgniter\Boot::bootWeb(Object(Config\Paths))
ERROR - 2025-02-06 03:29:18 --> mysqli_sql_exception: Unknown column 'noticias.idpcategoria' in 'where clause' in /home/casalingenieros/public_html/system/Database/MySQLi/Connection.php:312
Stack trace:
#0 /home/casalingenieros/public_html/system/Database/MySQLi/Connection.php(312): mysqli->query('SELECT `noticia...', 0)
#1 /home/casalingenieros/public_html/system/Database/BaseConnection.php(734): CodeIgniter\Database\MySQLi\Connection->execute('SELECT `noticia...')
#2 /home/casalingenieros/public_html/system/Database/BaseConnection.php(648): CodeIgniter\Database\BaseConnection->simpleQuery('SELECT `noticia...')
#3 /home/casalingenieros/public_html/system/Database/BaseBuilder.php(1644): CodeIgniter\Database\BaseConnection->query('SELECT `noticia...', Array, false)
#4 /home/casalingenieros/public_html/system/Model.php(286): CodeIgniter\Database\BaseBuilder->get()
#5 /home/casalingenieros/public_html/system/BaseModel.php(676): CodeIgniter\Model->doFindAll(9, 0)
#6 /home/casalingenieros/public_html/app/Entities/Noticia.php(97): CodeIgniter\BaseModel->findAll(9, 0)
#7 /home/casalingenieros/public_html/app/Controllers/NoticiaController.php(28): App\Entities\Noticia::buscarPor('fecha_desc', 'asc', 'nombre', '', 25, '2', 0, 9)
#8 /home/casalingenieros/public_html/system/CodeIgniter.php(933): App\Controllers\NoticiaController->noticias()
#9 /home/casalingenieros/public_html/system/CodeIgniter.php(509): CodeIgniter\CodeIgniter->runController(Object(App\Controllers\NoticiaController))
#10 /home/casalingenieros/public_html/system/CodeIgniter.php(355): CodeIgniter\CodeIgniter->handleRequest(NULL, Object(Config\Cache), false)
#11 /home/casalingenieros/public_html/system/Boot.php(325): CodeIgniter\CodeIgniter->run()
#12 /home/casalingenieros/public_html/system/Boot.php(67): CodeIgniter\Boot::runCodeIgniter(Object(CodeIgniter\CodeIgniter))
#13 /home/casalingenieros/public_html/index.php(56): CodeIgniter\Boot::bootWeb(Object(Config\Paths))
#14 {main}
CRITICAL - 2025-02-06 03:29:18 --> CodeIgniter\Database\Exceptions\DatabaseException: Unknown column 'noticias.idpcategoria' in 'where clause'
[Method: POST, Route: NoticiaController/noticias]
in SYSTEMPATH/Database/BaseConnection.php on line 688.
 1 SYSTEMPATH/Database/BaseBuilder.php(1644): CodeIgniter\Database\BaseConnection->query('SELECT `noticias`.*, (select e.nombre from estados e where noticias.idestado=e.idestado) as estado, (select p.nombre from parametros p where noticias.idpcategoria=p.idparametro) as categoria
FROM `noticias`
WHERE `noticias`.`idestado` = :noticias.idestado:
AND `noticias`.`idnoticiacategoria` = :noticias.idnoticiacategoria:
ORDER BY `fechapublicacion` DESC
 LIMIT 9', [...], false)
 2 SYSTEMPATH/Model.php(286): CodeIgniter\Database\BaseBuilder->get()
 3 SYSTEMPATH/BaseModel.php(676): CodeIgniter\Model->doFindAll(9, 0)
 4 APPPATH/Entities/Noticia.php(97): CodeIgniter\BaseModel->findAll(9, 0)
 5 APPPATH/Controllers/NoticiaController.php(28): App\Entities\Noticia::buscarPor('fecha_desc', 'asc', 'nombre', '', 25, '2', 0, 9)
 6 SYSTEMPATH/CodeIgniter.php(933): App\Controllers\NoticiaController->noticias()
 7 SYSTEMPATH/CodeIgniter.php(509): CodeIgniter\CodeIgniter->runController(Object(App\Controllers\NoticiaController))
 8 SYSTEMPATH/CodeIgniter.php(355): CodeIgniter\CodeIgniter->handleRequest(null, Object(Config\Cache), false)
 9 SYSTEMPATH/Boot.php(325): CodeIgniter\CodeIgniter->run()
10 SYSTEMPATH/Boot.php(67): CodeIgniter\Boot::runCodeIgniter(Object(CodeIgniter\CodeIgniter))
11 FCPATH/index.php(56): CodeIgniter\Boot::bootWeb(Object(Config\Paths))
CRITICAL - 2025-02-06 03:29:18 --> [Caused by] CodeIgniter\Database\Exceptions\DatabaseException: Unknown column 'noticias.idpcategoria' in 'where clause'
in SYSTEMPATH/Database/MySQLi/Connection.php on line 317.
 1 SYSTEMPATH/Database/BaseConnection.php(734): CodeIgniter\Database\MySQLi\Connection->execute('SELECT `noticias`.*, (select e.nombre from estados e where noticias.idestado=e.idestado) as estado, (select p.nombre from parametros p where noticias.idpcategoria=p.idparametro) as categoria
FROM `noticias`
WHERE `noticias`.`idestado` = 25
AND `noticias`.`idnoticiacategoria` = \'2\'
ORDER BY `fechapublicacion` DESC
 LIMIT 9')
 2 SYSTEMPATH/Database/BaseConnection.php(648): CodeIgniter\Database\BaseConnection->simpleQuery('SELECT `noticias`.*, (select e.nombre from estados e where noticias.idestado=e.idestado) as estado, (select p.nombre from parametros p where noticias.idpcategoria=p.idparametro) as categoria
FROM `noticias`
WHERE `noticias`.`idestado` = 25
AND `noticias`.`idnoticiacategoria` = \'2\'
ORDER BY `fechapublicacion` DESC
 LIMIT 9')
 3 SYSTEMPATH/Database/BaseBuilder.php(1644): CodeIgniter\Database\BaseConnection->query('SELECT `noticias`.*, (select e.nombre from estados e where noticias.idestado=e.idestado) as estado, (select p.nombre from parametros p where noticias.idpcategoria=p.idparametro) as categoria
FROM `noticias`
WHERE `noticias`.`idestado` = :noticias.idestado:
AND `noticias`.`idnoticiacategoria` = :noticias.idnoticiacategoria:
ORDER BY `fechapublicacion` DESC
 LIMIT 9', [...], false)
 4 SYSTEMPATH/Model.php(286): CodeIgniter\Database\BaseBuilder->get()
 5 SYSTEMPATH/BaseModel.php(676): CodeIgniter\Model->doFindAll(9, 0)
 6 APPPATH/Entities/Noticia.php(97): CodeIgniter\BaseModel->findAll(9, 0)
 7 APPPATH/Controllers/NoticiaController.php(28): App\Entities\Noticia::buscarPor('fecha_desc', 'asc', 'nombre', '', 25, '2', 0, 9)
 8 SYSTEMPATH/CodeIgniter.php(933): App\Controllers\NoticiaController->noticias()
 9 SYSTEMPATH/CodeIgniter.php(509): CodeIgniter\CodeIgniter->runController(Object(App\Controllers\NoticiaController))
10 SYSTEMPATH/CodeIgniter.php(355): CodeIgniter\CodeIgniter->handleRequest(null, Object(Config\Cache), false)
11 SYSTEMPATH/Boot.php(325): CodeIgniter\CodeIgniter->run()
12 SYSTEMPATH/Boot.php(67): CodeIgniter\Boot::runCodeIgniter(Object(CodeIgniter\CodeIgniter))
13 FCPATH/index.php(56): CodeIgniter\Boot::bootWeb(Object(Config\Paths))
CRITICAL - 2025-02-06 03:29:18 --> [Caused by] mysqli_sql_exception: Unknown column 'noticias.idpcategoria' in 'where clause'
in SYSTEMPATH/Database/MySQLi/Connection.php on line 312.
 1 SYSTEMPATH/Database/MySQLi/Connection.php(312): mysqli->query('SELECT `noticias`.*, (select e.nombre from estados e where noticias.idestado=e.idestado) as estado, (select p.nombre from parametros p where noticias.idpcategoria=p.idparametro) as categoria
FROM `noticias`
WHERE `noticias`.`idestado` = 25
AND `noticias`.`idnoticiacategoria` = \'2\'
ORDER BY `fechapublicacion` DESC
 LIMIT 9', 0)
 2 SYSTEMPATH/Database/BaseConnection.php(734): CodeIgniter\Database\MySQLi\Connection->execute('SELECT `noticias`.*, (select e.nombre from estados e where noticias.idestado=e.idestado) as estado, (select p.nombre from parametros p where noticias.idpcategoria=p.idparametro) as categoria
FROM `noticias`
WHERE `noticias`.`idestado` = 25
AND `noticias`.`idnoticiacategoria` = \'2\'
ORDER BY `fechapublicacion` DESC
 LIMIT 9')
 3 SYSTEMPATH/Database/BaseConnection.php(648): CodeIgniter\Database\BaseConnection->simpleQuery('SELECT `noticias`.*, (select e.nombre from estados e where noticias.idestado=e.idestado) as estado, (select p.nombre from parametros p where noticias.idpcategoria=p.idparametro) as categoria
FROM `noticias`
WHERE `noticias`.`idestado` = 25
AND `noticias`.`idnoticiacategoria` = \'2\'
ORDER BY `fechapublicacion` DESC
 LIMIT 9')
 4 SYSTEMPATH/Database/BaseBuilder.php(1644): CodeIgniter\Database\BaseConnection->query('SELECT `noticias`.*, (select e.nombre from estados e where noticias.idestado=e.idestado) as estado, (select p.nombre from parametros p where noticias.idpcategoria=p.idparametro) as categoria
FROM `noticias`
WHERE `noticias`.`idestado` = :noticias.idestado:
AND `noticias`.`idnoticiacategoria` = :noticias.idnoticiacategoria:
ORDER BY `fechapublicacion` DESC
 LIMIT 9', [...], false)
 5 SYSTEMPATH/Model.php(286): CodeIgniter\Database\BaseBuilder->get()
 6 SYSTEMPATH/BaseModel.php(676): CodeIgniter\Model->doFindAll(9, 0)
 7 APPPATH/Entities/Noticia.php(97): CodeIgniter\BaseModel->findAll(9, 0)
 8 APPPATH/Controllers/NoticiaController.php(28): App\Entities\Noticia::buscarPor('fecha_desc', 'asc', 'nombre', '', 25, '2', 0, 9)
 9 SYSTEMPATH/CodeIgniter.php(933): App\Controllers\NoticiaController->noticias()
10 SYSTEMPATH/CodeIgniter.php(509): CodeIgniter\CodeIgniter->runController(Object(App\Controllers\NoticiaController))
11 SYSTEMPATH/CodeIgniter.php(355): CodeIgniter\CodeIgniter->handleRequest(null, Object(Config\Cache), false)
12 SYSTEMPATH/Boot.php(325): CodeIgniter\CodeIgniter->run()
13 SYSTEMPATH/Boot.php(67): CodeIgniter\Boot::runCodeIgniter(Object(CodeIgniter\CodeIgniter))
14 FCPATH/index.php(56): CodeIgniter\Boot::bootWeb(Object(Config\Paths))
CRITICAL - 2025-02-06 03:30:21 --> ArgumentCountError: Too few arguments to function App\Entities\Noticia::buscarPor(), 7 passed in /home/casalingenieros/public_html/app/Controllers/Front.php on line 108 and exactly 8 expected
[Method: GET, Route: noticia/equipo-de-filtracion-%28dializador%29-para-combusible-diesel-db65]
in APPPATH/Entities/Noticia.php on line 58.
 1 APPPATH/Controllers/Front.php(108): App\Entities\Noticia::buscarPor('random', 'random', '', '', 25, 0, 0)
 2 SYSTEMPATH/CodeIgniter.php(933): App\Controllers\Front->noticiaDetalle('equipo-de-filtracion-(dializador)-para-combusible-diesel-db65')
 3 SYSTEMPATH/CodeIgniter.php(509): CodeIgniter\CodeIgniter->runController(Object(App\Controllers\Front))
 4 SYSTEMPATH/CodeIgniter.php(355): CodeIgniter\CodeIgniter->handleRequest(null, Object(Config\Cache), false)
 5 SYSTEMPATH/Boot.php(325): CodeIgniter\CodeIgniter->run()
 6 SYSTEMPATH/Boot.php(67): CodeIgniter\Boot::runCodeIgniter(Object(CodeIgniter\CodeIgniter))
 7 FCPATH/index.php(56): CodeIgniter\Boot::bootWeb(Object(Config\Paths))
INFO - 2025-02-06 04:41:14 --> Session: Class initialized using 'CodeIgniter\Session\Handlers\FileHandler' driver.
CRITICAL - 2025-02-06 04:41:14 --> ErrorException: Undefined array key "captcha_text"
[Method: POST, Route: FormularioController/mailContacto]
in APPPATH/Controllers/FormularioController.php on line 47.
 1 APPPATH/Controllers/FormularioController.php(47): CodeIgniter\Debug\Exceptions->errorHandler(2, 'Undefined array key "captcha_text"', '/home/casalingenieros/public_html/app/Controllers/FormularioController.php', 47)
 2 SYSTEMPATH/CodeIgniter.php(933): App\Controllers\FormularioController->mailContacto()
 3 SYSTEMPATH/CodeIgniter.php(509): CodeIgniter\CodeIgniter->runController(Object(App\Controllers\FormularioController))
 4 SYSTEMPATH/CodeIgniter.php(355): CodeIgniter\CodeIgniter->handleRequest(null, Object(Config\Cache), false)
 5 SYSTEMPATH/Boot.php(325): CodeIgniter\CodeIgniter->run()
 6 SYSTEMPATH/Boot.php(67): CodeIgniter\Boot::runCodeIgniter(Object(CodeIgniter\CodeIgniter))
 7 FCPATH/index.php(56): CodeIgniter\Boot::bootWeb(Object(Config\Paths))
INFO - 2025-02-06 04:42:32 --> Session: Class initialized using 'CodeIgniter\Session\Handlers\FileHandler' driver.
CRITICAL - 2025-02-06 04:42:32 --> ErrorException: Undefined array key "captcha_text"
[Method: GET, Route: FormularioController/mailContacto]
in APPPATH/Controllers/FormularioController.php on line 47.
 1 APPPATH/Controllers/FormularioController.php(47): CodeIgniter\Debug\Exceptions->errorHandler(2, 'Undefined array key "captcha_text"', '/home/casalingenieros/public_html/app/Controllers/FormularioController.php', 47)
 2 SYSTEMPATH/CodeIgniter.php(933): App\Controllers\FormularioController->mailContacto()
 3 SYSTEMPATH/CodeIgniter.php(509): CodeIgniter\CodeIgniter->runController(Object(App\Controllers\FormularioController))
 4 SYSTEMPATH/CodeIgniter.php(355): CodeIgniter\CodeIgniter->handleRequest(null, Object(Config\Cache), false)
 5 SYSTEMPATH/Boot.php(325): CodeIgniter\CodeIgniter->run()
 6 SYSTEMPATH/Boot.php(67): CodeIgniter\Boot::runCodeIgniter(Object(CodeIgniter\CodeIgniter))
 7 FCPATH/index.php(56): CodeIgniter\Boot::bootWeb(Object(Config\Paths))
INFO - 2025-02-06 04:43:02 --> Session: Class initialized using 'CodeIgniter\Session\Handlers\FileHandler' driver.
INFO - 2025-02-06 04:43:06 --> Session: Class initialized using 'CodeIgniter\Session\Handlers\FileHandler' driver.
CRITICAL - 2025-02-06 04:43:06 --> ErrorException: Undefined array key "captcha_text"
[Method: POST, Route: FormularioController/mailContacto]
in APPPATH/Controllers/FormularioController.php on line 47.
 1 APPPATH/Controllers/FormularioController.php(47): CodeIgniter\Debug\Exceptions->errorHandler(2, 'Undefined array key "captcha_text"', '/home/casalingenieros/public_html/app/Controllers/FormularioController.php', 47)
 2 SYSTEMPATH/CodeIgniter.php(933): App\Controllers\FormularioController->mailContacto()
 3 SYSTEMPATH/CodeIgniter.php(509): CodeIgniter\CodeIgniter->runController(Object(App\Controllers\FormularioController))
 4 SYSTEMPATH/CodeIgniter.php(355): CodeIgniter\CodeIgniter->handleRequest(null, Object(Config\Cache), false)
 5 SYSTEMPATH/Boot.php(325): CodeIgniter\CodeIgniter->run()
 6 SYSTEMPATH/Boot.php(67): CodeIgniter\Boot::runCodeIgniter(Object(CodeIgniter\CodeIgniter))
 7 FCPATH/index.php(56): CodeIgniter\Boot::bootWeb(Object(Config\Paths))
INFO - 2025-02-06 04:44:10 --> Session: Class initialized using 'CodeIgniter\Session\Handlers\FileHandler' driver.
INFO - 2025-02-06 04:45:14 --> Session: Class initialized using 'CodeIgniter\Session\Handlers\FileHandler' driver.
INFO - 2025-02-06 04:45:45 --> Session: Class initialized using 'CodeIgniter\Session\Handlers\FileHandler' driver.
INFO - 2025-02-06 04:45:46 --> Session: Class initialized using 'CodeIgniter\Session\Handlers\FileHandler' driver.
WARNING - 2025-02-06 04:45:46 --> [DEPRECATED] Implicit conversion from float 43.33333333333333 to int loses precision in APPPATH/Controllers/Front.php on line 176.
 1 APPPATH/Controllers/Front.php(176): imagettftext(Object(GdImage), 24, -13, 43.3333333333333285963817615993320941925048828125, 30, 0, '/home/casalingenieros/public_html/public/template/fonts/Poppins-Regular.ttf', 'V')
 2 SYSTEMPATH/CodeIgniter.php(933): App\Controllers\Front->creaCaptcha()
 3 SYSTEMPATH/CodeIgniter.php(509): CodeIgniter\CodeIgniter->runController(Object(App\Controllers\Front))
 4 SYSTEMPATH/CodeIgniter.php(355): CodeIgniter\CodeIgniter->handleRequest(null, Object(Config\Cache), false)
 5 SYSTEMPATH/Boot.php(325): CodeIgniter\CodeIgniter->run()
 6 SYSTEMPATH/Boot.php(67): CodeIgniter\Boot::runCodeIgniter(Object(CodeIgniter\CodeIgniter))
 7 FCPATH/index.php(56): CodeIgniter\Boot::bootWeb(Object(Config\Paths))
WARNING - 2025-02-06 04:45:46 --> [DEPRECATED] Implicit conversion from float 71.66666666666666 to int loses precision in APPPATH/Controllers/Front.php on line 176.
 1 APPPATH/Controllers/Front.php(176): imagettftext(Object(GdImage), 24, -4, 71.666666666666657192763523198664188385009765625, 31, 0, '/home/casalingenieros/public_html/public/template/fonts/Poppins-Bold.ttf', 'D')
 2 SYSTEMPATH/CodeIgniter.php(933): App\Controllers\Front->creaCaptcha()
 3 SYSTEMPATH/CodeIgniter.php(509): CodeIgniter\CodeIgniter->runController(Object(App\Controllers\Front))
 4 SYSTEMPATH/CodeIgniter.php(355): CodeIgniter\CodeIgniter->handleRequest(null, Object(Config\Cache), false)
 5 SYSTEMPATH/Boot.php(325): CodeIgniter\CodeIgniter->run()
 6 SYSTEMPATH/Boot.php(67): CodeIgniter\Boot::runCodeIgniter(Object(CodeIgniter\CodeIgniter))
 7 FCPATH/index.php(56): CodeIgniter\Boot::bootWeb(Object(Config\Paths))
WARNING - 2025-02-06 04:45:46 --> [DEPRECATED] Implicit conversion from float 128.33333333333331 to int loses precision in APPPATH/Controllers/Front.php on line 176.
 1 APPPATH/Controllers/Front.php(176): imagettftext(Object(GdImage), 24, -11, 128.33333333333331438552704639732837677001953125, 32, 16777215, '/home/casalingenieros/public_html/public/template/fonts/Poppins-Regular.ttf', 'E')
 2 SYSTEMPATH/CodeIgniter.php(933): App\Controllers\Front->creaCaptcha()
 3 SYSTEMPATH/CodeIgniter.php(509): CodeIgniter\CodeIgniter->runController(Object(App\Controllers\Front))
 4 SYSTEMPATH/CodeIgniter.php(355): CodeIgniter\CodeIgniter->handleRequest(null, Object(Config\Cache), false)
 5 SYSTEMPATH/Boot.php(325): CodeIgniter\CodeIgniter->run()
 6 SYSTEMPATH/Boot.php(67): CodeIgniter\Boot::runCodeIgniter(Object(CodeIgniter\CodeIgniter))
 7 FCPATH/index.php(56): CodeIgniter\Boot::bootWeb(Object(Config\Paths))
WARNING - 2025-02-06 04:45:46 --> [DEPRECATED] Implicit conversion from float 156.66666666666666 to int loses precision in APPPATH/Controllers/Front.php on line 176.
 1 APPPATH/Controllers/Front.php(176): imagettftext(Object(GdImage), 24, 4, 156.666666666666657192763523198664188385009765625, 35, 16777215, '/home/casalingenieros/public_html/public/template/fonts/Poppins-Bold.ttf', 'D')
 2 SYSTEMPATH/CodeIgniter.php(933): App\Controllers\Front->creaCaptcha()
 3 SYSTEMPATH/CodeIgniter.php(509): CodeIgniter\CodeIgniter->runController(Object(App\Controllers\Front))
 4 SYSTEMPATH/CodeIgniter.php(355): CodeIgniter\CodeIgniter->handleRequest(null, Object(Config\Cache), false)
 5 SYSTEMPATH/Boot.php(325): CodeIgniter\CodeIgniter->run()
 6 SYSTEMPATH/Boot.php(67): CodeIgniter\Boot::runCodeIgniter(Object(CodeIgniter\CodeIgniter))
 7 FCPATH/index.php(56): CodeIgniter\Boot::bootWeb(Object(Config\Paths))
INFO - 2025-02-06 04:45:47 --> Session: Class initialized using 'CodeIgniter\Session\Handlers\FileHandler' driver.
WARNING - 2025-02-06 04:45:47 --> [DEPRECATED] Implicit conversion from float 43.33333333333333 to int loses precision in APPPATH/Controllers/Front.php on line 176.
 1 APPPATH/Controllers/Front.php(176): imagettftext(Object(GdImage), 24, 5, 43.3333333333333285963817615993320941925048828125, 42, 0, '/home/casalingenieros/public_html/public/template/fonts/Poppins-Regular.ttf', 'K')
 2 SYSTEMPATH/CodeIgniter.php(933): App\Controllers\Front->creaCaptcha()
 3 SYSTEMPATH/CodeIgniter.php(509): CodeIgniter\CodeIgniter->runController(Object(App\Controllers\Front))
 4 SYSTEMPATH/CodeIgniter.php(355): CodeIgniter\CodeIgniter->handleRequest(null, Object(Config\Cache), false)
 5 SYSTEMPATH/Boot.php(325): CodeIgniter\CodeIgniter->run()
 6 SYSTEMPATH/Boot.php(67): CodeIgniter\Boot::runCodeIgniter(Object(CodeIgniter\CodeIgniter))
 7 FCPATH/index.php(56): CodeIgniter\Boot::bootWeb(Object(Config\Paths))
WARNING - 2025-02-06 04:45:47 --> [DEPRECATED] Implicit conversion from float 71.66666666666666 to int loses precision in APPPATH/Controllers/Front.php on line 176.
 1 APPPATH/Controllers/Front.php(176): imagettftext(Object(GdImage), 24, -2, 71.666666666666657192763523198664188385009765625, 25, 16777215, '/home/casalingenieros/public_html/public/template/fonts/Poppins-Regular.ttf', 'K')
 2 SYSTEMPATH/CodeIgniter.php(933): App\Controllers\Front->creaCaptcha()
 3 SYSTEMPATH/CodeIgniter.php(509): CodeIgniter\CodeIgniter->runController(Object(App\Controllers\Front))
 4 SYSTEMPATH/CodeIgniter.php(355): CodeIgniter\CodeIgniter->handleRequest(null, Object(Config\Cache), false)
 5 SYSTEMPATH/Boot.php(325): CodeIgniter\CodeIgniter->run()
 6 SYSTEMPATH/Boot.php(67): CodeIgniter\Boot::runCodeIgniter(Object(CodeIgniter\CodeIgniter))
 7 FCPATH/index.php(56): CodeIgniter\Boot::bootWeb(Object(Config\Paths))
WARNING - 2025-02-06 04:45:47 --> [DEPRECATED] Implicit conversion from float 128.33333333333331 to int loses precision in APPPATH/Controllers/Front.php on line 176.
 1 APPPATH/Controllers/Front.php(176): imagettftext(Object(GdImage), 24, 2, 128.33333333333331438552704639732837677001953125, 31, 16777215, '/home/casalingenieros/public_html/public/template/fonts/Poppins-Bold.ttf', 'Y')
 2 SYSTEMPATH/CodeIgniter.php(933): App\Controllers\Front->creaCaptcha()
 3 SYSTEMPATH/CodeIgniter.php(509): CodeIgniter\CodeIgniter->runController(Object(App\Controllers\Front))
 4 SYSTEMPATH/CodeIgniter.php(355): CodeIgniter\CodeIgniter->handleRequest(null, Object(Config\Cache), false)
 5 SYSTEMPATH/Boot.php(325): CodeIgniter\CodeIgniter->run()
 6 SYSTEMPATH/Boot.php(67): CodeIgniter\Boot::runCodeIgniter(Object(CodeIgniter\CodeIgniter))
 7 FCPATH/index.php(56): CodeIgniter\Boot::bootWeb(Object(Config\Paths))
WARNING - 2025-02-06 04:45:47 --> [DEPRECATED] Implicit conversion from float 156.66666666666666 to int loses precision in APPPATH/Controllers/Front.php on line 176.
 1 APPPATH/Controllers/Front.php(176): imagettftext(Object(GdImage), 24, -4, 156.666666666666657192763523198664188385009765625, 41, 0, '/home/casalingenieros/public_html/public/template/fonts/Poppins-Regular.ttf', 'B')
 2 SYSTEMPATH/CodeIgniter.php(933): App\Controllers\Front->creaCaptcha()
 3 SYSTEMPATH/CodeIgniter.php(509): CodeIgniter\CodeIgniter->runController(Object(App\Controllers\Front))
 4 SYSTEMPATH/CodeIgniter.php(355): CodeIgniter\CodeIgniter->handleRequest(null, Object(Config\Cache), false)
 5 SYSTEMPATH/Boot.php(325): CodeIgniter\CodeIgniter->run()
 6 SYSTEMPATH/Boot.php(67): CodeIgniter\Boot::runCodeIgniter(Object(CodeIgniter\CodeIgniter))
 7 FCPATH/index.php(56): CodeIgniter\Boot::bootWeb(Object(Config\Paths))
INFO - 2025-02-06 04:45:55 --> Session: Class initialized using 'CodeIgniter\Session\Handlers\FileHandler' driver.
INFO - 2025-02-06 04:47:19 --> Session: Class initialized using 'CodeIgniter\Session\Handlers\FileHandler' driver.
INFO - 2025-02-06 04:47:20 --> Session: Class initialized using 'CodeIgniter\Session\Handlers\FileHandler' driver.
WARNING - 2025-02-06 04:47:20 --> [DEPRECATED] Implicit conversion from float 43.33333333333333 to int loses precision in APPPATH/Controllers/Front.php on line 176.
 1 APPPATH/Controllers/Front.php(176): imagettftext(Object(GdImage), 24, 3, 43.3333333333333285963817615993320941925048828125, 36, 0, '/home/casalingenieros/public_html/public/template/fonts/Poppins-Regular.ttf', 'B')
 2 SYSTEMPATH/CodeIgniter.php(933): App\Controllers\Front->creaCaptcha()
 3 SYSTEMPATH/CodeIgniter.php(509): CodeIgniter\CodeIgniter->runController(Object(App\Controllers\Front))
 4 SYSTEMPATH/CodeIgniter.php(355): CodeIgniter\CodeIgniter->handleRequest(null, Object(Config\Cache), false)
 5 SYSTEMPATH/Boot.php(325): CodeIgniter\CodeIgniter->run()
 6 SYSTEMPATH/Boot.php(67): CodeIgniter\Boot::runCodeIgniter(Object(CodeIgniter\CodeIgniter))
 7 FCPATH/index.php(56): CodeIgniter\Boot::bootWeb(Object(Config\Paths))
WARNING - 2025-02-06 04:47:20 --> [DEPRECATED] Implicit conversion from float 71.66666666666666 to int loses precision in APPPATH/Controllers/Front.php on line 176.
 1 APPPATH/Controllers/Front.php(176): imagettftext(Object(GdImage), 24, -2, 71.666666666666657192763523198664188385009765625, 33, 0, '/home/casalingenieros/public_html/public/template/fonts/Poppins-Regular.ttf', 'N')
 2 SYSTEMPATH/CodeIgniter.php(933): App\Controllers\Front->creaCaptcha()
 3 SYSTEMPATH/CodeIgniter.php(509): CodeIgniter\CodeIgniter->runController(Object(App\Controllers\Front))
 4 SYSTEMPATH/CodeIgniter.php(355): CodeIgniter\CodeIgniter->handleRequest(null, Object(Config\Cache), false)
 5 SYSTEMPATH/Boot.php(325): CodeIgniter\CodeIgniter->run()
 6 SYSTEMPATH/Boot.php(67): CodeIgniter\Boot::runCodeIgniter(Object(CodeIgniter\CodeIgniter))
 7 FCPATH/index.php(56): CodeIgniter\Boot::bootWeb(Object(Config\Paths))
WARNING - 2025-02-06 04:47:20 --> [DEPRECATED] Implicit conversion from float 128.33333333333331 to int loses precision in APPPATH/Controllers/Front.php on line 176.
 1 APPPATH/Controllers/Front.php(176): imagettftext(Object(GdImage), 24, -11, 128.33333333333331438552704639732837677001953125, 44, 16777215, '/home/casalingenieros/public_html/public/template/fonts/Poppins-Bold.ttf', 'M')
 2 SYSTEMPATH/CodeIgniter.php(933): App\Controllers\Front->creaCaptcha()
 3 SYSTEMPATH/CodeIgniter.php(509): CodeIgniter\CodeIgniter->runController(Object(App\Controllers\Front))
 4 SYSTEMPATH/CodeIgniter.php(355): CodeIgniter\CodeIgniter->handleRequest(null, Object(Config\Cache), false)
 5 SYSTEMPATH/Boot.php(325): CodeIgniter\CodeIgniter->run()
 6 SYSTEMPATH/Boot.php(67): CodeIgniter\Boot::runCodeIgniter(Object(CodeIgniter\CodeIgniter))
 7 FCPATH/index.php(56): CodeIgniter\Boot::bootWeb(Object(Config\Paths))
WARNING - 2025-02-06 04:47:20 --> [DEPRECATED] Implicit conversion from float 156.66666666666666 to int loses precision in APPPATH/Controllers/Front.php on line 176.
 1 APPPATH/Controllers/Front.php(176): imagettftext(Object(GdImage), 24, -2, 156.666666666666657192763523198664188385009765625, 41, 0, '/home/casalingenieros/public_html/public/template/fonts/Poppins-Bold.ttf', 'V')
 2 SYSTEMPATH/CodeIgniter.php(933): App\Controllers\Front->creaCaptcha()
 3 SYSTEMPATH/CodeIgniter.php(509): CodeIgniter\CodeIgniter->runController(Object(App\Controllers\Front))
 4 SYSTEMPATH/CodeIgniter.php(355): CodeIgniter\CodeIgniter->handleRequest(null, Object(Config\Cache), false)
 5 SYSTEMPATH/Boot.php(325): CodeIgniter\CodeIgniter->run()
 6 SYSTEMPATH/Boot.php(67): CodeIgniter\Boot::runCodeIgniter(Object(CodeIgniter\CodeIgniter))
 7 FCPATH/index.php(56): CodeIgniter\Boot::bootWeb(Object(Config\Paths))
INFO - 2025-02-06 04:47:20 --> Session: Class initialized using 'CodeIgniter\Session\Handlers\FileHandler' driver.
WARNING - 2025-02-06 04:47:20 --> [DEPRECATED] Implicit conversion from float 43.33333333333333 to int loses precision in APPPATH/Controllers/Front.php on line 176.
 1 APPPATH/Controllers/Front.php(176): imagettftext(Object(GdImage), 24, -15, 43.3333333333333285963817615993320941925048828125, 34, 16777215, '/home/casalingenieros/public_html/public/template/fonts/Poppins-Bold.ttf', 'H')
 2 SYSTEMPATH/CodeIgniter.php(933): App\Controllers\Front->creaCaptcha()
 3 SYSTEMPATH/CodeIgniter.php(509): CodeIgniter\CodeIgniter->runController(Object(App\Controllers\Front))
 4 SYSTEMPATH/CodeIgniter.php(355): CodeIgniter\CodeIgniter->handleRequest(null, Object(Config\Cache), false)
 5 SYSTEMPATH/Boot.php(325): CodeIgniter\CodeIgniter->run()
 6 SYSTEMPATH/Boot.php(67): CodeIgniter\Boot::runCodeIgniter(Object(CodeIgniter\CodeIgniter))
 7 FCPATH/index.php(56): CodeIgniter\Boot::bootWeb(Object(Config\Paths))
WARNING - 2025-02-06 04:47:20 --> [DEPRECATED] Implicit conversion from float 71.66666666666666 to int loses precision in APPPATH/Controllers/Front.php on line 176.
 1 APPPATH/Controllers/Front.php(176): imagettftext(Object(GdImage), 24, -13, 71.666666666666657192763523198664188385009765625, 31, 16777215, '/home/casalingenieros/public_html/public/template/fonts/Poppins-Regular.ttf', 'Y')
 2 SYSTEMPATH/CodeIgniter.php(933): App\Controllers\Front->creaCaptcha()
 3 SYSTEMPATH/CodeIgniter.php(509): CodeIgniter\CodeIgniter->runController(Object(App\Controllers\Front))
 4 SYSTEMPATH/CodeIgniter.php(355): CodeIgniter\CodeIgniter->handleRequest(null, Object(Config\Cache), false)
 5 SYSTEMPATH/Boot.php(325): CodeIgniter\CodeIgniter->run()
 6 SYSTEMPATH/Boot.php(67): CodeIgniter\Boot::runCodeIgniter(Object(CodeIgniter\CodeIgniter))
 7 FCPATH/index.php(56): CodeIgniter\Boot::bootWeb(Object(Config\Paths))
WARNING - 2025-02-06 04:47:20 --> [DEPRECATED] Implicit conversion from float 128.33333333333331 to int loses precision in APPPATH/Controllers/Front.php on line 176.
 1 APPPATH/Controllers/Front.php(176): imagettftext(Object(GdImage), 24, 12, 128.33333333333331438552704639732837677001953125, 33, 0, '/home/casalingenieros/public_html/public/template/fonts/Poppins-Bold.ttf', 'G')
 2 SYSTEMPATH/CodeIgniter.php(933): App\Controllers\Front->creaCaptcha()
 3 SYSTEMPATH/CodeIgniter.php(509): CodeIgniter\CodeIgniter->runController(Object(App\Controllers\Front))
 4 SYSTEMPATH/CodeIgniter.php(355): CodeIgniter\CodeIgniter->handleRequest(null, Object(Config\Cache), false)
 5 SYSTEMPATH/Boot.php(325): CodeIgniter\CodeIgniter->run()
 6 SYSTEMPATH/Boot.php(67): CodeIgniter\Boot::runCodeIgniter(Object(CodeIgniter\CodeIgniter))
 7 FCPATH/index.php(56): CodeIgniter\Boot::bootWeb(Object(Config\Paths))
WARNING - 2025-02-06 04:47:20 --> [DEPRECATED] Implicit conversion from float 156.66666666666666 to int loses precision in APPPATH/Controllers/Front.php on line 176.
 1 APPPATH/Controllers/Front.php(176): imagettftext(Object(GdImage), 24, 10, 156.666666666666657192763523198664188385009765625, 41, 16777215, '/home/casalingenieros/public_html/public/template/fonts/Poppins-Bold.ttf', 'U')
 2 SYSTEMPATH/CodeIgniter.php(933): App\Controllers\Front->creaCaptcha()
 3 SYSTEMPATH/CodeIgniter.php(509): CodeIgniter\CodeIgniter->runController(Object(App\Controllers\Front))
 4 SYSTEMPATH/CodeIgniter.php(355): CodeIgniter\CodeIgniter->handleRequest(null, Object(Config\Cache), false)
 5 SYSTEMPATH/Boot.php(325): CodeIgniter\CodeIgniter->run()
 6 SYSTEMPATH/Boot.php(67): CodeIgniter\Boot::runCodeIgniter(Object(CodeIgniter\CodeIgniter))
 7 FCPATH/index.php(56): CodeIgniter\Boot::bootWeb(Object(Config\Paths))
INFO - 2025-02-06 04:47:47 --> Session: Class initialized using 'CodeIgniter\Session\Handlers\FileHandler' driver.
INFO - 2025-02-06 04:48:22 --> Session: Class initialized using 'CodeIgniter\Session\Handlers\FileHandler' driver.
INFO - 2025-02-06 04:48:30 --> Session: Class initialized using 'CodeIgniter\Session\Handlers\FileHandler' driver.
INFO - 2025-02-06 04:49:24 --> Session: Class initialized using 'CodeIgniter\Session\Handlers\FileHandler' driver.
INFO - 2025-02-06 04:50:35 --> Session: Class initialized using 'CodeIgniter\Session\Handlers\FileHandler' driver.
INFO - 2025-02-06 04:50:36 --> Session: Class initialized using 'CodeIgniter\Session\Handlers\FileHandler' driver.
WARNING - 2025-02-06 04:50:36 --> [DEPRECATED] Implicit conversion from float 43.33333333333333 to int loses precision in APPPATH/Controllers/Front.php on line 176.
 1 APPPATH/Controllers/Front.php(176): imagettftext(Object(GdImage), 24, -9, 43.3333333333333285963817615993320941925048828125, 40, 0, '/home/casalingenieros/public_html/public/template/fonts/Poppins-Regular.ttf', 'S')
 2 SYSTEMPATH/CodeIgniter.php(933): App\Controllers\Front->creaCaptcha()
 3 SYSTEMPATH/CodeIgniter.php(509): CodeIgniter\CodeIgniter->runController(Object(App\Controllers\Front))
 4 SYSTEMPATH/CodeIgniter.php(355): CodeIgniter\CodeIgniter->handleRequest(null, Object(Config\Cache), false)
 5 SYSTEMPATH/Boot.php(325): CodeIgniter\CodeIgniter->run()
 6 SYSTEMPATH/Boot.php(67): CodeIgniter\Boot::runCodeIgniter(Object(CodeIgniter\CodeIgniter))
 7 FCPATH/index.php(56): CodeIgniter\Boot::bootWeb(Object(Config\Paths))
WARNING - 2025-02-06 04:50:36 --> [DEPRECATED] Implicit conversion from float 71.66666666666666 to int loses precision in APPPATH/Controllers/Front.php on line 176.
 1 APPPATH/Controllers/Front.php(176): imagettftext(Object(GdImage), 24, 8, 71.666666666666657192763523198664188385009765625, 43, 0, '/home/casalingenieros/public_html/public/template/fonts/Poppins-Regular.ttf', 'G')
 2 SYSTEMPATH/CodeIgniter.php(933): App\Controllers\Front->creaCaptcha()
 3 SYSTEMPATH/CodeIgniter.php(509): CodeIgniter\CodeIgniter->runController(Object(App\Controllers\Front))
 4 SYSTEMPATH/CodeIgniter.php(355): CodeIgniter\CodeIgniter->handleRequest(null, Object(Config\Cache), false)
 5 SYSTEMPATH/Boot.php(325): CodeIgniter\CodeIgniter->run()
 6 SYSTEMPATH/Boot.php(67): CodeIgniter\Boot::runCodeIgniter(Object(CodeIgniter\CodeIgniter))
 7 FCPATH/index.php(56): CodeIgniter\Boot::bootWeb(Object(Config\Paths))
WARNING - 2025-02-06 04:50:36 --> [DEPRECATED] Implicit conversion from float 128.33333333333331 to int loses precision in APPPATH/Controllers/Front.php on line 176.
 1 APPPATH/Controllers/Front.php(176): imagettftext(Object(GdImage), 24, 5, 128.33333333333331438552704639732837677001953125, 28, 0, '/home/casalingenieros/public_html/public/template/fonts/Poppins-Bold.ttf', 'U')
 2 SYSTEMPATH/CodeIgniter.php(933): App\Controllers\Front->creaCaptcha()
 3 SYSTEMPATH/CodeIgniter.php(509): CodeIgniter\CodeIgniter->runController(Object(App\Controllers\Front))
 4 SYSTEMPATH/CodeIgniter.php(355): CodeIgniter\CodeIgniter->handleRequest(null, Object(Config\Cache), false)
 5 SYSTEMPATH/Boot.php(325): CodeIgniter\CodeIgniter->run()
 6 SYSTEMPATH/Boot.php(67): CodeIgniter\Boot::runCodeIgniter(Object(CodeIgniter\CodeIgniter))
 7 FCPATH/index.php(56): CodeIgniter\Boot::bootWeb(Object(Config\Paths))
WARNING - 2025-02-06 04:50:36 --> [DEPRECATED] Implicit conversion from float 156.66666666666666 to int loses precision in APPPATH/Controllers/Front.php on line 176.
 1 APPPATH/Controllers/Front.php(176): imagettftext(Object(GdImage), 24, 0, 156.666666666666657192763523198664188385009765625, 40, 16777215, '/home/casalingenieros/public_html/public/template/fonts/Poppins-Regular.ttf', 'V')
 2 SYSTEMPATH/CodeIgniter.php(933): App\Controllers\Front->creaCaptcha()
 3 SYSTEMPATH/CodeIgniter.php(509): CodeIgniter\CodeIgniter->runController(Object(App\Controllers\Front))
 4 SYSTEMPATH/CodeIgniter.php(355): CodeIgniter\CodeIgniter->handleRequest(null, Object(Config\Cache), false)
 5 SYSTEMPATH/Boot.php(325): CodeIgniter\CodeIgniter->run()
 6 SYSTEMPATH/Boot.php(67): CodeIgniter\Boot::runCodeIgniter(Object(CodeIgniter\CodeIgniter))
 7 FCPATH/index.php(56): CodeIgniter\Boot::bootWeb(Object(Config\Paths))
INFO - 2025-02-06 04:50:37 --> Session: Class initialized using 'CodeIgniter\Session\Handlers\FileHandler' driver.
WARNING - 2025-02-06 04:50:37 --> [DEPRECATED] Implicit conversion from float 43.33333333333333 to int loses precision in APPPATH/Controllers/Front.php on line 176.
 1 APPPATH/Controllers/Front.php(176): imagettftext(Object(GdImage), 24, 2, 43.3333333333333285963817615993320941925048828125, 34, 16777215, '/home/casalingenieros/public_html/public/template/fonts/Poppins-Bold.ttf', 'H')
 2 SYSTEMPATH/CodeIgniter.php(933): App\Controllers\Front->creaCaptcha()
 3 SYSTEMPATH/CodeIgniter.php(509): CodeIgniter\CodeIgniter->runController(Object(App\Controllers\Front))
 4 SYSTEMPATH/CodeIgniter.php(355): CodeIgniter\CodeIgniter->handleRequest(null, Object(Config\Cache), false)
 5 SYSTEMPATH/Boot.php(325): CodeIgniter\CodeIgniter->run()
 6 SYSTEMPATH/Boot.php(67): CodeIgniter\Boot::runCodeIgniter(Object(CodeIgniter\CodeIgniter))
 7 FCPATH/index.php(56): CodeIgniter\Boot::bootWeb(Object(Config\Paths))
WARNING - 2025-02-06 04:50:37 --> [DEPRECATED] Implicit conversion from float 71.66666666666666 to int loses precision in APPPATH/Controllers/Front.php on line 176.
 1 APPPATH/Controllers/Front.php(176): imagettftext(Object(GdImage), 24, 14, 71.666666666666657192763523198664188385009765625, 45, 16777215, '/home/casalingenieros/public_html/public/template/fonts/Poppins-Bold.ttf', 'K')
 2 SYSTEMPATH/CodeIgniter.php(933): App\Controllers\Front->creaCaptcha()
 3 SYSTEMPATH/CodeIgniter.php(509): CodeIgniter\CodeIgniter->runController(Object(App\Controllers\Front))
 4 SYSTEMPATH/CodeIgniter.php(355): CodeIgniter\CodeIgniter->handleRequest(null, Object(Config\Cache), false)
 5 SYSTEMPATH/Boot.php(325): CodeIgniter\CodeIgniter->run()
 6 SYSTEMPATH/Boot.php(67): CodeIgniter\Boot::runCodeIgniter(Object(CodeIgniter\CodeIgniter))
 7 FCPATH/index.php(56): CodeIgniter\Boot::bootWeb(Object(Config\Paths))
WARNING - 2025-02-06 04:50:37 --> [DEPRECATED] Implicit conversion from float 128.33333333333331 to int loses precision in APPPATH/Controllers/Front.php on line 176.
 1 APPPATH/Controllers/Front.php(176): imagettftext(Object(GdImage), 24, 5, 128.33333333333331438552704639732837677001953125, 38, 0, '/home/casalingenieros/public_html/public/template/fonts/Poppins-Bold.ttf', 'R')
 2 SYSTEMPATH/CodeIgniter.php(933): App\Controllers\Front->creaCaptcha()
 3 SYSTEMPATH/CodeIgniter.php(509): CodeIgniter\CodeIgniter->runController(Object(App\Controllers\Front))
 4 SYSTEMPATH/CodeIgniter.php(355): CodeIgniter\CodeIgniter->handleRequest(null, Object(Config\Cache), false)
 5 SYSTEMPATH/Boot.php(325): CodeIgniter\CodeIgniter->run()
 6 SYSTEMPATH/Boot.php(67): CodeIgniter\Boot::runCodeIgniter(Object(CodeIgniter\CodeIgniter))
 7 FCPATH/index.php(56): CodeIgniter\Boot::bootWeb(Object(Config\Paths))
WARNING - 2025-02-06 04:50:37 --> [DEPRECATED] Implicit conversion from float 156.66666666666666 to int loses precision in APPPATH/Controllers/Front.php on line 176.
 1 APPPATH/Controllers/Front.php(176): imagettftext(Object(GdImage), 24, -9, 156.666666666666657192763523198664188385009765625, 28, 0, '/home/casalingenieros/public_html/public/template/fonts/Poppins-Regular.ttf', 'T')
 2 SYSTEMPATH/CodeIgniter.php(933): App\Controllers\Front->creaCaptcha()
 3 SYSTEMPATH/CodeIgniter.php(509): CodeIgniter\CodeIgniter->runController(Object(App\Controllers\Front))
 4 SYSTEMPATH/CodeIgniter.php(355): CodeIgniter\CodeIgniter->handleRequest(null, Object(Config\Cache), false)
 5 SYSTEMPATH/Boot.php(325): CodeIgniter\CodeIgniter->run()
 6 SYSTEMPATH/Boot.php(67): CodeIgniter\Boot::runCodeIgniter(Object(CodeIgniter\CodeIgniter))
 7 FCPATH/index.php(56): CodeIgniter\Boot::bootWeb(Object(Config\Paths))
INFO - 2025-02-06 04:50:37 --> Session: Class initialized using 'CodeIgniter\Session\Handlers\FileHandler' driver.
INFO - 2025-02-06 04:51:05 --> Session: Class initialized using 'CodeIgniter\Session\Handlers\FileHandler' driver.
INFO - 2025-02-06 04:51:10 --> Session: Class initialized using 'CodeIgniter\Session\Handlers\FileHandler' driver.
INFO - 2025-02-06 04:51:11 --> Session: Class initialized using 'CodeIgniter\Session\Handlers\FileHandler' driver.
WARNING - 2025-02-06 04:51:11 --> [DEPRECATED] Implicit conversion from float 43.33333333333333 to int loses precision in APPPATH/Controllers/Front.php on line 176.
 1 APPPATH/Controllers/Front.php(176): imagettftext(Object(GdImage), 24, -4, 43.3333333333333285963817615993320941925048828125, 32, 0, '/home/casalingenieros/public_html/public/template/fonts/Poppins-Regular.ttf', 'W')
 2 SYSTEMPATH/CodeIgniter.php(933): App\Controllers\Front->creaCaptcha()
 3 SYSTEMPATH/CodeIgniter.php(509): CodeIgniter\CodeIgniter->runController(Object(App\Controllers\Front))
 4 SYSTEMPATH/CodeIgniter.php(355): CodeIgniter\CodeIgniter->handleRequest(null, Object(Config\Cache), false)
 5 SYSTEMPATH/Boot.php(325): CodeIgniter\CodeIgniter->run()
 6 SYSTEMPATH/Boot.php(67): CodeIgniter\Boot::runCodeIgniter(Object(CodeIgniter\CodeIgniter))
 7 FCPATH/index.php(56): CodeIgniter\Boot::bootWeb(Object(Config\Paths))
WARNING - 2025-02-06 04:51:11 --> [DEPRECATED] Implicit conversion from float 71.66666666666666 to int loses precision in APPPATH/Controllers/Front.php on line 176.
 1 APPPATH/Controllers/Front.php(176): imagettftext(Object(GdImage), 24, 7, 71.666666666666657192763523198664188385009765625, 45, 0, '/home/casalingenieros/public_html/public/template/fonts/Poppins-Regular.ttf', 'M')
 2 SYSTEMPATH/CodeIgniter.php(933): App\Controllers\Front->creaCaptcha()
 3 SYSTEMPATH/CodeIgniter.php(509): CodeIgniter\CodeIgniter->runController(Object(App\Controllers\Front))
 4 SYSTEMPATH/CodeIgniter.php(355): CodeIgniter\CodeIgniter->handleRequest(null, Object(Config\Cache), false)
 5 SYSTEMPATH/Boot.php(325): CodeIgniter\CodeIgniter->run()
 6 SYSTEMPATH/Boot.php(67): CodeIgniter\Boot::runCodeIgniter(Object(CodeIgniter\CodeIgniter))
 7 FCPATH/index.php(56): CodeIgniter\Boot::bootWeb(Object(Config\Paths))
WARNING - 2025-02-06 04:51:11 --> [DEPRECATED] Implicit conversion from float 128.33333333333331 to int loses precision in APPPATH/Controllers/Front.php on line 176.
 1 APPPATH/Controllers/Front.php(176): imagettftext(Object(GdImage), 24, 10, 128.33333333333331438552704639732837677001953125, 35, 0, '/home/casalingenieros/public_html/public/template/fonts/Poppins-Bold.ttf', 'M')
 2 SYSTEMPATH/CodeIgniter.php(933): App\Controllers\Front->creaCaptcha()
 3 SYSTEMPATH/CodeIgniter.php(509): CodeIgniter\CodeIgniter->runController(Object(App\Controllers\Front))
 4 SYSTEMPATH/CodeIgniter.php(355): CodeIgniter\CodeIgniter->handleRequest(null, Object(Config\Cache), false)
 5 SYSTEMPATH/Boot.php(325): CodeIgniter\CodeIgniter->run()
 6 SYSTEMPATH/Boot.php(67): CodeIgniter\Boot::runCodeIgniter(Object(CodeIgniter\CodeIgniter))
 7 FCPATH/index.php(56): CodeIgniter\Boot::bootWeb(Object(Config\Paths))
WARNING - 2025-02-06 04:51:11 --> [DEPRECATED] Implicit conversion from float 156.66666666666666 to int loses precision in APPPATH/Controllers/Front.php on line 176.
 1 APPPATH/Controllers/Front.php(176): imagettftext(Object(GdImage), 24, 13, 156.666666666666657192763523198664188385009765625, 33, 16777215, '/home/casalingenieros/public_html/public/template/fonts/Poppins-Bold.ttf', 'Z')
 2 SYSTEMPATH/CodeIgniter.php(933): App\Controllers\Front->creaCaptcha()
 3 SYSTEMPATH/CodeIgniter.php(509): CodeIgniter\CodeIgniter->runController(Object(App\Controllers\Front))
 4 SYSTEMPATH/CodeIgniter.php(355): CodeIgniter\CodeIgniter->handleRequest(null, Object(Config\Cache), false)
 5 SYSTEMPATH/Boot.php(325): CodeIgniter\CodeIgniter->run()
 6 SYSTEMPATH/Boot.php(67): CodeIgniter\Boot::runCodeIgniter(Object(CodeIgniter\CodeIgniter))
 7 FCPATH/index.php(56): CodeIgniter\Boot::bootWeb(Object(Config\Paths))
INFO - 2025-02-06 04:51:12 --> Session: Class initialized using 'CodeIgniter\Session\Handlers\FileHandler' driver.
WARNING - 2025-02-06 04:51:12 --> [DEPRECATED] Implicit conversion from float 43.33333333333333 to int loses precision in APPPATH/Controllers/Front.php on line 176.
 1 APPPATH/Controllers/Front.php(176): imagettftext(Object(GdImage), 24, -3, 43.3333333333333285963817615993320941925048828125, 41, 16777215, '/home/casalingenieros/public_html/public/template/fonts/Poppins-Regular.ttf', 'Q')
 2 SYSTEMPATH/CodeIgniter.php(933): App\Controllers\Front->creaCaptcha()
 3 SYSTEMPATH/CodeIgniter.php(509): CodeIgniter\CodeIgniter->runController(Object(App\Controllers\Front))
 4 SYSTEMPATH/CodeIgniter.php(355): CodeIgniter\CodeIgniter->handleRequest(null, Object(Config\Cache), false)
 5 SYSTEMPATH/Boot.php(325): CodeIgniter\CodeIgniter->run()
 6 SYSTEMPATH/Boot.php(67): CodeIgniter\Boot::runCodeIgniter(Object(CodeIgniter\CodeIgniter))
 7 FCPATH/index.php(56): CodeIgniter\Boot::bootWeb(Object(Config\Paths))
WARNING - 2025-02-06 04:51:12 --> [DEPRECATED] Implicit conversion from float 71.66666666666666 to int loses precision in APPPATH/Controllers/Front.php on line 176.
 1 APPPATH/Controllers/Front.php(176): imagettftext(Object(GdImage), 24, 5, 71.666666666666657192763523198664188385009765625, 44, 0, '/home/casalingenieros/public_html/public/template/fonts/Poppins-Bold.ttf', 'V')
 2 SYSTEMPATH/CodeIgniter.php(933): App\Controllers\Front->creaCaptcha()
 3 SYSTEMPATH/CodeIgniter.php(509): CodeIgniter\CodeIgniter->runController(Object(App\Controllers\Front))
 4 SYSTEMPATH/CodeIgniter.php(355): CodeIgniter\CodeIgniter->handleRequest(null, Object(Config\Cache), false)
 5 SYSTEMPATH/Boot.php(325): CodeIgniter\CodeIgniter->run()
 6 SYSTEMPATH/Boot.php(67): CodeIgniter\Boot::runCodeIgniter(Object(CodeIgniter\CodeIgniter))
 7 FCPATH/index.php(56): CodeIgniter\Boot::bootWeb(Object(Config\Paths))
WARNING - 2025-02-06 04:51:12 --> [DEPRECATED] Implicit conversion from float 128.33333333333331 to int loses precision in APPPATH/Controllers/Front.php on line 176.
 1 APPPATH/Controllers/Front.php(176): imagettftext(Object(GdImage), 24, -7, 128.33333333333331438552704639732837677001953125, 33, 0, '/home/casalingenieros/public_html/public/template/fonts/Poppins-Bold.ttf', 'B')
 2 SYSTEMPATH/CodeIgniter.php(933): App\Controllers\Front->creaCaptcha()
 3 SYSTEMPATH/CodeIgniter.php(509): CodeIgniter\CodeIgniter->runController(Object(App\Controllers\Front))
 4 SYSTEMPATH/CodeIgniter.php(355): CodeIgniter\CodeIgniter->handleRequest(null, Object(Config\Cache), false)
 5 SYSTEMPATH/Boot.php(325): CodeIgniter\CodeIgniter->run()
 6 SYSTEMPATH/Boot.php(67): CodeIgniter\Boot::runCodeIgniter(Object(CodeIgniter\CodeIgniter))
 7 FCPATH/index.php(56): CodeIgniter\Boot::bootWeb(Object(Config\Paths))
WARNING - 2025-02-06 04:51:12 --> [DEPRECATED] Implicit conversion from float 156.66666666666666 to int loses precision in APPPATH/Controllers/Front.php on line 176.
 1 APPPATH/Controllers/Front.php(176): imagettftext(Object(GdImage), 24, 8, 156.666666666666657192763523198664188385009765625, 37, 0, '/home/casalingenieros/public_html/public/template/fonts/Poppins-Bold.ttf', 'G')
 2 SYSTEMPATH/CodeIgniter.php(933): App\Controllers\Front->creaCaptcha()
 3 SYSTEMPATH/CodeIgniter.php(509): CodeIgniter\CodeIgniter->runController(Object(App\Controllers\Front))
 4 SYSTEMPATH/CodeIgniter.php(355): CodeIgniter\CodeIgniter->handleRequest(null, Object(Config\Cache), false)
 5 SYSTEMPATH/Boot.php(325): CodeIgniter\CodeIgniter->run()
 6 SYSTEMPATH/Boot.php(67): CodeIgniter\Boot::runCodeIgniter(Object(CodeIgniter\CodeIgniter))
 7 FCPATH/index.php(56): CodeIgniter\Boot::bootWeb(Object(Config\Paths))
INFO - 2025-02-06 04:51:14 --> Session: Class initialized using 'CodeIgniter\Session\Handlers\FileHandler' driver.
INFO - 2025-02-06 04:51:52 --> Session: Class initialized using 'CodeIgniter\Session\Handlers\FileHandler' driver.
INFO - 2025-02-06 04:52:04 --> Session: Class initialized using 'CodeIgniter\Session\Handlers\FileHandler' driver.
INFO - 2025-02-06 04:52:19 --> Session: Class initialized using 'CodeIgniter\Session\Handlers\FileHandler' driver.
ERROR - 2025-02-06 04:52:19 --> mysqli_sql_exception: Table 'casalingenieros_casal.configuracion' doesn't exist in /home/casalingenieros/public_html/system/Database/MySQLi/Connection.php:312
Stack trace:
#0 /home/casalingenieros/public_html/system/Database/MySQLi/Connection.php(312): mysqli->query('SELECT *\nFROM `...', 0)
#1 /home/casalingenieros/public_html/system/Database/BaseConnection.php(734): CodeIgniter\Database\MySQLi\Connection->execute('SELECT *\nFROM `...')
#2 /home/casalingenieros/public_html/system/Database/BaseConnection.php(648): CodeIgniter\Database\BaseConnection->simpleQuery('SELECT *\nFROM `...')
#3 /home/casalingenieros/public_html/system/Database/BaseBuilder.php(1644): CodeIgniter\Database\BaseConnection->query('SELECT *\nFROM `...', Array, false)
#4 /home/casalingenieros/public_html/system/Model.php(210): CodeIgniter\Database\BaseBuilder->get()
#5 /home/casalingenieros/public_html/system/BaseModel.php(610): CodeIgniter\Model->doFind(true, 1)
#6 /home/casalingenieros/public_html/app/Entities/Configuracion.php(42): CodeIgniter\BaseModel->find(1)
#7 /home/casalingenieros/public_html/app/Controllers/FormularioController.php(102): App\Entities\Configuracion->obtenerById(1)
#8 /home/casalingenieros/public_html/system/CodeIgniter.php(933): App\Controllers\FormularioController->mailContacto()
#9 /home/casalingenieros/public_html/system/CodeIgniter.php(509): CodeIgniter\CodeIgniter->runController(Object(App\Controllers\FormularioController))
#10 /home/casalingenieros/public_html/system/CodeIgniter.php(355): CodeIgniter\CodeIgniter->handleRequest(NULL, Object(Config\Cache), false)
#11 /home/casalingenieros/public_html/system/Boot.php(325): CodeIgniter\CodeIgniter->run()
#12 /home/casalingenieros/public_html/system/Boot.php(67): CodeIgniter\Boot::runCodeIgniter(Object(CodeIgniter\CodeIgniter))
#13 /home/casalingenieros/public_html/index.php(56): CodeIgniter\Boot::bootWeb(Object(Config\Paths))
#14 {main}
CRITICAL - 2025-02-06 04:52:19 --> CodeIgniter\Database\Exceptions\DatabaseException: Table 'casalingenieros_casal.configuracion' doesn't exist
[Method: POST, Route: FormularioController/mailContacto]
in SYSTEMPATH/Database/BaseConnection.php on line 688.
 1 SYSTEMPATH/Database/BaseBuilder.php(1644): CodeIgniter\Database\BaseConnection->query('SELECT *
FROM `configuracion`
WHERE `configuracion`.`idconfiguracion` = :configuracion.idconfiguracion:', [...], false)
 2 SYSTEMPATH/Model.php(210): CodeIgniter\Database\BaseBuilder->get()
 3 SYSTEMPATH/BaseModel.php(610): CodeIgniter\Model->doFind(true, 1)
 4 APPPATH/Entities/Configuracion.php(42): CodeIgniter\BaseModel->find(1)
 5 APPPATH/Controllers/FormularioController.php(102): App\Entities\Configuracion->obtenerById(1)
 6 SYSTEMPATH/CodeIgniter.php(933): App\Controllers\FormularioController->mailContacto()
 7 SYSTEMPATH/CodeIgniter.php(509): CodeIgniter\CodeIgniter->runController(Object(App\Controllers\FormularioController))
 8 SYSTEMPATH/CodeIgniter.php(355): CodeIgniter\CodeIgniter->handleRequest(null, Object(Config\Cache), false)
 9 SYSTEMPATH/Boot.php(325): CodeIgniter\CodeIgniter->run()
10 SYSTEMPATH/Boot.php(67): CodeIgniter\Boot::runCodeIgniter(Object(CodeIgniter\CodeIgniter))
11 FCPATH/index.php(56): CodeIgniter\Boot::bootWeb(Object(Config\Paths))
CRITICAL - 2025-02-06 04:52:19 --> [Caused by] CodeIgniter\Database\Exceptions\DatabaseException: Table 'casalingenieros_casal.configuracion' doesn't exist
in SYSTEMPATH/Database/MySQLi/Connection.php on line 317.
 1 SYSTEMPATH/Database/BaseConnection.php(734): CodeIgniter\Database\MySQLi\Connection->execute('SELECT *
FROM `configuracion`
WHERE `configuracion`.`idconfiguracion` = 1')
 2 SYSTEMPATH/Database/BaseConnection.php(648): CodeIgniter\Database\BaseConnection->simpleQuery('SELECT *
FROM `configuracion`
WHERE `configuracion`.`idconfiguracion` = 1')
 3 SYSTEMPATH/Database/BaseBuilder.php(1644): CodeIgniter\Database\BaseConnection->query('SELECT *
FROM `configuracion`
WHERE `configuracion`.`idconfiguracion` = :configuracion.idconfiguracion:', [...], false)
 4 SYSTEMPATH/Model.php(210): CodeIgniter\Database\BaseBuilder->get()
 5 SYSTEMPATH/BaseModel.php(610): CodeIgniter\Model->doFind(true, 1)
 6 APPPATH/Entities/Configuracion.php(42): CodeIgniter\BaseModel->find(1)
 7 APPPATH/Controllers/FormularioController.php(102): App\Entities\Configuracion->obtenerById(1)
 8 SYSTEMPATH/CodeIgniter.php(933): App\Controllers\FormularioController->mailContacto()
 9 SYSTEMPATH/CodeIgniter.php(509): CodeIgniter\CodeIgniter->runController(Object(App\Controllers\FormularioController))
10 SYSTEMPATH/CodeIgniter.php(355): CodeIgniter\CodeIgniter->handleRequest(null, Object(Config\Cache), false)
11 SYSTEMPATH/Boot.php(325): CodeIgniter\CodeIgniter->run()
12 SYSTEMPATH/Boot.php(67): CodeIgniter\Boot::runCodeIgniter(Object(CodeIgniter\CodeIgniter))
13 FCPATH/index.php(56): CodeIgniter\Boot::bootWeb(Object(Config\Paths))
CRITICAL - 2025-02-06 04:52:19 --> [Caused by] mysqli_sql_exception: Table 'casalingenieros_casal.configuracion' doesn't exist
in SYSTEMPATH/Database/MySQLi/Connection.php on line 312.
 1 SYSTEMPATH/Database/MySQLi/Connection.php(312): mysqli->query('SELECT *
FROM `configuracion`
WHERE `configuracion`.`idconfiguracion` = 1', 0)
 2 SYSTEMPATH/Database/BaseConnection.php(734): CodeIgniter\Database\MySQLi\Connection->execute('SELECT *
FROM `configuracion`
WHERE `configuracion`.`idconfiguracion` = 1')
 3 SYSTEMPATH/Database/BaseConnection.php(648): CodeIgniter\Database\BaseConnection->simpleQuery('SELECT *
FROM `configuracion`
WHERE `configuracion`.`idconfiguracion` = 1')
 4 SYSTEMPATH/Database/BaseBuilder.php(1644): CodeIgniter\Database\BaseConnection->query('SELECT *
FROM `configuracion`
WHERE `configuracion`.`idconfiguracion` = :configuracion.idconfiguracion:', [...], false)
 5 SYSTEMPATH/Model.php(210): CodeIgniter\Database\BaseBuilder->get()
 6 SYSTEMPATH/BaseModel.php(610): CodeIgniter\Model->doFind(true, 1)
 7 APPPATH/Entities/Configuracion.php(42): CodeIgniter\BaseModel->find(1)
 8 APPPATH/Controllers/FormularioController.php(102): App\Entities\Configuracion->obtenerById(1)
 9 SYSTEMPATH/CodeIgniter.php(933): App\Controllers\FormularioController->mailContacto()
10 SYSTEMPATH/CodeIgniter.php(509): CodeIgniter\CodeIgniter->runController(Object(App\Controllers\FormularioController))
11 SYSTEMPATH/CodeIgniter.php(355): CodeIgniter\CodeIgniter->handleRequest(null, Object(Config\Cache), false)
12 SYSTEMPATH/Boot.php(325): CodeIgniter\CodeIgniter->run()
13 SYSTEMPATH/Boot.php(67): CodeIgniter\Boot::runCodeIgniter(Object(CodeIgniter\CodeIgniter))
14 FCPATH/index.php(56): CodeIgniter\Boot::bootWeb(Object(Config\Paths))
INFO - 2025-02-06 04:52:33 --> Session: Class initialized using 'CodeIgniter\Session\Handlers\FileHandler' driver.
INFO - 2025-02-06 04:52:34 --> Session: Class initialized using 'CodeIgniter\Session\Handlers\FileHandler' driver.
WARNING - 2025-02-06 04:52:34 --> [DEPRECATED] Implicit conversion from float 43.33333333333333 to int loses precision in APPPATH/Controllers/Front.php on line 176.
 1 APPPATH/Controllers/Front.php(176): imagettftext(Object(GdImage), 24, -4, 43.3333333333333285963817615993320941925048828125, 44, 0, '/home/casalingenieros/public_html/public/template/fonts/Poppins-Bold.ttf', 'R')
 2 SYSTEMPATH/CodeIgniter.php(933): App\Controllers\Front->creaCaptcha()
 3 SYSTEMPATH/CodeIgniter.php(509): CodeIgniter\CodeIgniter->runController(Object(App\Controllers\Front))
 4 SYSTEMPATH/CodeIgniter.php(355): CodeIgniter\CodeIgniter->handleRequest(null, Object(Config\Cache), false)
 5 SYSTEMPATH/Boot.php(325): CodeIgniter\CodeIgniter->run()
 6 SYSTEMPATH/Boot.php(67): CodeIgniter\Boot::runCodeIgniter(Object(CodeIgniter\CodeIgniter))
 7 FCPATH/index.php(56): CodeIgniter\Boot::bootWeb(Object(Config\Paths))
WARNING - 2025-02-06 04:52:34 --> [DEPRECATED] Implicit conversion from float 71.66666666666666 to int loses precision in APPPATH/Controllers/Front.php on line 176.
 1 APPPATH/Controllers/Front.php(176): imagettftext(Object(GdImage), 24, -12, 71.666666666666657192763523198664188385009765625, 41, 0, '/home/casalingenieros/public_html/public/template/fonts/Poppins-Regular.ttf', 'M')
 2 SYSTEMPATH/CodeIgniter.php(933): App\Controllers\Front->creaCaptcha()
 3 SYSTEMPATH/CodeIgniter.php(509): CodeIgniter\CodeIgniter->runController(Object(App\Controllers\Front))
 4 SYSTEMPATH/CodeIgniter.php(355): CodeIgniter\CodeIgniter->handleRequest(null, Object(Config\Cache), false)
 5 SYSTEMPATH/Boot.php(325): CodeIgniter\CodeIgniter->run()
 6 SYSTEMPATH/Boot.php(67): CodeIgniter\Boot::runCodeIgniter(Object(CodeIgniter\CodeIgniter))
 7 FCPATH/index.php(56): CodeIgniter\Boot::bootWeb(Object(Config\Paths))
WARNING - 2025-02-06 04:52:34 --> [DEPRECATED] Implicit conversion from float 128.33333333333331 to int loses precision in APPPATH/Controllers/Front.php on line 176.
 1 APPPATH/Controllers/Front.php(176): imagettftext(Object(GdImage), 24, -1, 128.33333333333331438552704639732837677001953125, 40, 16777215, '/home/casalingenieros/public_html/public/template/fonts/Poppins-Bold.ttf', 'X')
 2 SYSTEMPATH/CodeIgniter.php(933): App\Controllers\Front->creaCaptcha()
 3 SYSTEMPATH/CodeIgniter.php(509): CodeIgniter\CodeIgniter->runController(Object(App\Controllers\Front))
 4 SYSTEMPATH/CodeIgniter.php(355): CodeIgniter\CodeIgniter->handleRequest(null, Object(Config\Cache), false)
 5 SYSTEMPATH/Boot.php(325): CodeIgniter\CodeIgniter->run()
 6 SYSTEMPATH/Boot.php(67): CodeIgniter\Boot::runCodeIgniter(Object(CodeIgniter\CodeIgniter))
 7 FCPATH/index.php(56): CodeIgniter\Boot::bootWeb(Object(Config\Paths))
WARNING - 2025-02-06 04:52:34 --> [DEPRECATED] Implicit conversion from float 156.66666666666666 to int loses precision in APPPATH/Controllers/Front.php on line 176.
 1 APPPATH/Controllers/Front.php(176): imagettftext(Object(GdImage), 24, -8, 156.666666666666657192763523198664188385009765625, 31, 16777215, '/home/casalingenieros/public_html/public/template/fonts/Poppins-Regular.ttf', 'P')
 2 SYSTEMPATH/CodeIgniter.php(933): App\Controllers\Front->creaCaptcha()
 3 SYSTEMPATH/CodeIgniter.php(509): CodeIgniter\CodeIgniter->runController(Object(App\Controllers\Front))
 4 SYSTEMPATH/CodeIgniter.php(355): CodeIgniter\CodeIgniter->handleRequest(null, Object(Config\Cache), false)
 5 SYSTEMPATH/Boot.php(325): CodeIgniter\CodeIgniter->run()
 6 SYSTEMPATH/Boot.php(67): CodeIgniter\Boot::runCodeIgniter(Object(CodeIgniter\CodeIgniter))
 7 FCPATH/index.php(56): CodeIgniter\Boot::bootWeb(Object(Config\Paths))
INFO - 2025-02-06 04:52:34 --> Session: Class initialized using 'CodeIgniter\Session\Handlers\FileHandler' driver.
WARNING - 2025-02-06 04:52:34 --> [DEPRECATED] Implicit conversion from float 43.33333333333333 to int loses precision in APPPATH/Controllers/Front.php on line 176.
 1 APPPATH/Controllers/Front.php(176): imagettftext(Object(GdImage), 24, -3, 43.3333333333333285963817615993320941925048828125, 45, 0, '/home/casalingenieros/public_html/public/template/fonts/Poppins-Bold.ttf', 'Q')
 2 SYSTEMPATH/CodeIgniter.php(933): App\Controllers\Front->creaCaptcha()
 3 SYSTEMPATH/CodeIgniter.php(509): CodeIgniter\CodeIgniter->runController(Object(App\Controllers\Front))
 4 SYSTEMPATH/CodeIgniter.php(355): CodeIgniter\CodeIgniter->handleRequest(null, Object(Config\Cache), false)
 5 SYSTEMPATH/Boot.php(325): CodeIgniter\CodeIgniter->run()
 6 SYSTEMPATH/Boot.php(67): CodeIgniter\Boot::runCodeIgniter(Object(CodeIgniter\CodeIgniter))
 7 FCPATH/index.php(56): CodeIgniter\Boot::bootWeb(Object(Config\Paths))
WARNING - 2025-02-06 04:52:34 --> [DEPRECATED] Implicit conversion from float 71.66666666666666 to int loses precision in APPPATH/Controllers/Front.php on line 176.
 1 APPPATH/Controllers/Front.php(176): imagettftext(Object(GdImage), 24, -12, 71.666666666666657192763523198664188385009765625, 38, 16777215, '/home/casalingenieros/public_html/public/template/fonts/Poppins-Bold.ttf', 'J')
 2 SYSTEMPATH/CodeIgniter.php(933): App\Controllers\Front->creaCaptcha()
 3 SYSTEMPATH/CodeIgniter.php(509): CodeIgniter\CodeIgniter->runController(Object(App\Controllers\Front))
 4 SYSTEMPATH/CodeIgniter.php(355): CodeIgniter\CodeIgniter->handleRequest(null, Object(Config\Cache), false)
 5 SYSTEMPATH/Boot.php(325): CodeIgniter\CodeIgniter->run()
 6 SYSTEMPATH/Boot.php(67): CodeIgniter\Boot::runCodeIgniter(Object(CodeIgniter\CodeIgniter))
 7 FCPATH/index.php(56): CodeIgniter\Boot::bootWeb(Object(Config\Paths))
WARNING - 2025-02-06 04:52:34 --> [DEPRECATED] Implicit conversion from float 128.33333333333331 to int loses precision in APPPATH/Controllers/Front.php on line 176.
 1 APPPATH/Controllers/Front.php(176): imagettftext(Object(GdImage), 24, 3, 128.33333333333331438552704639732837677001953125, 36, 16777215, '/home/casalingenieros/public_html/public/template/fonts/Poppins-Bold.ttf', 'N')
 2 SYSTEMPATH/CodeIgniter.php(933): App\Controllers\Front->creaCaptcha()
 3 SYSTEMPATH/CodeIgniter.php(509): CodeIgniter\CodeIgniter->runController(Object(App\Controllers\Front))
 4 SYSTEMPATH/CodeIgniter.php(355): CodeIgniter\CodeIgniter->handleRequest(null, Object(Config\Cache), false)
 5 SYSTEMPATH/Boot.php(325): CodeIgniter\CodeIgniter->run()
 6 SYSTEMPATH/Boot.php(67): CodeIgniter\Boot::runCodeIgniter(Object(CodeIgniter\CodeIgniter))
 7 FCPATH/index.php(56): CodeIgniter\Boot::bootWeb(Object(Config\Paths))
WARNING - 2025-02-06 04:52:34 --> [DEPRECATED] Implicit conversion from float 156.66666666666666 to int loses precision in APPPATH/Controllers/Front.php on line 176.
 1 APPPATH/Controllers/Front.php(176): imagettftext(Object(GdImage), 24, 4, 156.666666666666657192763523198664188385009765625, 39, 0, '/home/casalingenieros/public_html/public/template/fonts/Poppins-Regular.ttf', 'Q')
 2 SYSTEMPATH/CodeIgniter.php(933): App\Controllers\Front->creaCaptcha()
 3 SYSTEMPATH/CodeIgniter.php(509): CodeIgniter\CodeIgniter->runController(Object(App\Controllers\Front))
 4 SYSTEMPATH/CodeIgniter.php(355): CodeIgniter\CodeIgniter->handleRequest(null, Object(Config\Cache), false)
 5 SYSTEMPATH/Boot.php(325): CodeIgniter\CodeIgniter->run()
 6 SYSTEMPATH/Boot.php(67): CodeIgniter\Boot::runCodeIgniter(Object(CodeIgniter\CodeIgniter))
 7 FCPATH/index.php(56): CodeIgniter\Boot::bootWeb(Object(Config\Paths))
INFO - 2025-02-06 04:53:12 --> Session: Class initialized using 'CodeIgniter\Session\Handlers\FileHandler' driver.
INFO - 2025-02-06 04:53:14 --> Session: Class initialized using 'CodeIgniter\Session\Handlers\FileHandler' driver.
INFO - 2025-02-06 04:53:15 --> Session: Class initialized using 'CodeIgniter\Session\Handlers\FileHandler' driver.
WARNING - 2025-02-06 04:53:15 --> [DEPRECATED] Implicit conversion from float 43.33333333333333 to int loses precision in APPPATH/Controllers/Front.php on line 176.
 1 APPPATH/Controllers/Front.php(176): imagettftext(Object(GdImage), 24, 4, 43.3333333333333285963817615993320941925048828125, 34, 0, '/home/casalingenieros/public_html/public/template/fonts/Poppins-Bold.ttf', 'E')
 2 SYSTEMPATH/CodeIgniter.php(933): App\Controllers\Front->creaCaptcha()
 3 SYSTEMPATH/CodeIgniter.php(509): CodeIgniter\CodeIgniter->runController(Object(App\Controllers\Front))
 4 SYSTEMPATH/CodeIgniter.php(355): CodeIgniter\CodeIgniter->handleRequest(null, Object(Config\Cache), false)
 5 SYSTEMPATH/Boot.php(325): CodeIgniter\CodeIgniter->run()
 6 SYSTEMPATH/Boot.php(67): CodeIgniter\Boot::runCodeIgniter(Object(CodeIgniter\CodeIgniter))
 7 FCPATH/index.php(56): CodeIgniter\Boot::bootWeb(Object(Config\Paths))
WARNING - 2025-02-06 04:53:15 --> [DEPRECATED] Implicit conversion from float 71.66666666666666 to int loses precision in APPPATH/Controllers/Front.php on line 176.
 1 APPPATH/Controllers/Front.php(176): imagettftext(Object(GdImage), 24, -13, 71.666666666666657192763523198664188385009765625, 33, 16777215, '/home/casalingenieros/public_html/public/template/fonts/Poppins-Regular.ttf', 'Y')
 2 SYSTEMPATH/CodeIgniter.php(933): App\Controllers\Front->creaCaptcha()
 3 SYSTEMPATH/CodeIgniter.php(509): CodeIgniter\CodeIgniter->runController(Object(App\Controllers\Front))
 4 SYSTEMPATH/CodeIgniter.php(355): CodeIgniter\CodeIgniter->handleRequest(null, Object(Config\Cache), false)
 5 SYSTEMPATH/Boot.php(325): CodeIgniter\CodeIgniter->run()
 6 SYSTEMPATH/Boot.php(67): CodeIgniter\Boot::runCodeIgniter(Object(CodeIgniter\CodeIgniter))
 7 FCPATH/index.php(56): CodeIgniter\Boot::bootWeb(Object(Config\Paths))
WARNING - 2025-02-06 04:53:15 --> [DEPRECATED] Implicit conversion from float 128.33333333333331 to int loses precision in APPPATH/Controllers/Front.php on line 176.
 1 APPPATH/Controllers/Front.php(176): imagettftext(Object(GdImage), 24, 6, 128.33333333333331438552704639732837677001953125, 36, 0, '/home/casalingenieros/public_html/public/template/fonts/Poppins-Regular.ttf', 'W')
 2 SYSTEMPATH/CodeIgniter.php(933): App\Controllers\Front->creaCaptcha()
 3 SYSTEMPATH/CodeIgniter.php(509): CodeIgniter\CodeIgniter->runController(Object(App\Controllers\Front))
 4 SYSTEMPATH/CodeIgniter.php(355): CodeIgniter\CodeIgniter->handleRequest(null, Object(Config\Cache), false)
 5 SYSTEMPATH/Boot.php(325): CodeIgniter\CodeIgniter->run()
 6 SYSTEMPATH/Boot.php(67): CodeIgniter\Boot::runCodeIgniter(Object(CodeIgniter\CodeIgniter))
 7 FCPATH/index.php(56): CodeIgniter\Boot::bootWeb(Object(Config\Paths))
WARNING - 2025-02-06 04:53:15 --> [DEPRECATED] Implicit conversion from float 156.66666666666666 to int loses precision in APPPATH/Controllers/Front.php on line 176.
 1 APPPATH/Controllers/Front.php(176): imagettftext(Object(GdImage), 24, -3, 156.666666666666657192763523198664188385009765625, 41, 0, '/home/casalingenieros/public_html/public/template/fonts/Poppins-Bold.ttf', 'M')
 2 SYSTEMPATH/CodeIgniter.php(933): App\Controllers\Front->creaCaptcha()
 3 SYSTEMPATH/CodeIgniter.php(509): CodeIgniter\CodeIgniter->runController(Object(App\Controllers\Front))
 4 SYSTEMPATH/CodeIgniter.php(355): CodeIgniter\CodeIgniter->handleRequest(null, Object(Config\Cache), false)
 5 SYSTEMPATH/Boot.php(325): CodeIgniter\CodeIgniter->run()
 6 SYSTEMPATH/Boot.php(67): CodeIgniter\Boot::runCodeIgniter(Object(CodeIgniter\CodeIgniter))
 7 FCPATH/index.php(56): CodeIgniter\Boot::bootWeb(Object(Config\Paths))
INFO - 2025-02-06 04:53:15 --> Session: Class initialized using 'CodeIgniter\Session\Handlers\FileHandler' driver.
WARNING - 2025-02-06 04:53:15 --> [DEPRECATED] Implicit conversion from float 43.33333333333333 to int loses precision in APPPATH/Controllers/Front.php on line 176.
 1 APPPATH/Controllers/Front.php(176): imagettftext(Object(GdImage), 24, -5, 43.3333333333333285963817615993320941925048828125, 27, 16777215, '/home/casalingenieros/public_html/public/template/fonts/Poppins-Bold.ttf', 'B')
 2 SYSTEMPATH/CodeIgniter.php(933): App\Controllers\Front->creaCaptcha()
 3 SYSTEMPATH/CodeIgniter.php(509): CodeIgniter\CodeIgniter->runController(Object(App\Controllers\Front))
 4 SYSTEMPATH/CodeIgniter.php(355): CodeIgniter\CodeIgniter->handleRequest(null, Object(Config\Cache), false)
 5 SYSTEMPATH/Boot.php(325): CodeIgniter\CodeIgniter->run()
 6 SYSTEMPATH/Boot.php(67): CodeIgniter\Boot::runCodeIgniter(Object(CodeIgniter\CodeIgniter))
 7 FCPATH/index.php(56): CodeIgniter\Boot::bootWeb(Object(Config\Paths))
WARNING - 2025-02-06 04:53:15 --> [DEPRECATED] Implicit conversion from float 71.66666666666666 to int loses precision in APPPATH/Controllers/Front.php on line 176.
 1 APPPATH/Controllers/Front.php(176): imagettftext(Object(GdImage), 24, 10, 71.666666666666657192763523198664188385009765625, 40, 0, '/home/casalingenieros/public_html/public/template/fonts/Poppins-Regular.ttf', 'V')
 2 SYSTEMPATH/CodeIgniter.php(933): App\Controllers\Front->creaCaptcha()
 3 SYSTEMPATH/CodeIgniter.php(509): CodeIgniter\CodeIgniter->runController(Object(App\Controllers\Front))
 4 SYSTEMPATH/CodeIgniter.php(355): CodeIgniter\CodeIgniter->handleRequest(null, Object(Config\Cache), false)
 5 SYSTEMPATH/Boot.php(325): CodeIgniter\CodeIgniter->run()
 6 SYSTEMPATH/Boot.php(67): CodeIgniter\Boot::runCodeIgniter(Object(CodeIgniter\CodeIgniter))
 7 FCPATH/index.php(56): CodeIgniter\Boot::bootWeb(Object(Config\Paths))
WARNING - 2025-02-06 04:53:15 --> [DEPRECATED] Implicit conversion from float 128.33333333333331 to int loses precision in APPPATH/Controllers/Front.php on line 176.
 1 APPPATH/Controllers/Front.php(176): imagettftext(Object(GdImage), 24, 9, 128.33333333333331438552704639732837677001953125, 40, 0, '/home/casalingenieros/public_html/public/template/fonts/Poppins-Bold.ttf', 'E')
 2 SYSTEMPATH/CodeIgniter.php(933): App\Controllers\Front->creaCaptcha()
 3 SYSTEMPATH/CodeIgniter.php(509): CodeIgniter\CodeIgniter->runController(Object(App\Controllers\Front))
 4 SYSTEMPATH/CodeIgniter.php(355): CodeIgniter\CodeIgniter->handleRequest(null, Object(Config\Cache), false)
 5 SYSTEMPATH/Boot.php(325): CodeIgniter\CodeIgniter->run()
 6 SYSTEMPATH/Boot.php(67): CodeIgniter\Boot::runCodeIgniter(Object(CodeIgniter\CodeIgniter))
 7 FCPATH/index.php(56): CodeIgniter\Boot::bootWeb(Object(Config\Paths))
WARNING - 2025-02-06 04:53:15 --> [DEPRECATED] Implicit conversion from float 156.66666666666666 to int loses precision in APPPATH/Controllers/Front.php on line 176.
 1 APPPATH/Controllers/Front.php(176): imagettftext(Object(GdImage), 24, 5, 156.666666666666657192763523198664188385009765625, 42, 0, '/home/casalingenieros/public_html/public/template/fonts/Poppins-Regular.ttf', 'D')
 2 SYSTEMPATH/CodeIgniter.php(933): App\Controllers\Front->creaCaptcha()
 3 SYSTEMPATH/CodeIgniter.php(509): CodeIgniter\CodeIgniter->runController(Object(App\Controllers\Front))
 4 SYSTEMPATH/CodeIgniter.php(355): CodeIgniter\CodeIgniter->handleRequest(null, Object(Config\Cache), false)
 5 SYSTEMPATH/Boot.php(325): CodeIgniter\CodeIgniter->run()
 6 SYSTEMPATH/Boot.php(67): CodeIgniter\Boot::runCodeIgniter(Object(CodeIgniter\CodeIgniter))
 7 FCPATH/index.php(56): CodeIgniter\Boot::bootWeb(Object(Config\Paths))
INFO - 2025-02-06 04:57:40 --> Session: Class initialized using 'CodeIgniter\Session\Handlers\FileHandler' driver.
INFO - 2025-02-06 04:57:42 --> Session: Class initialized using 'CodeIgniter\Session\Handlers\FileHandler' driver.
INFO - 2025-02-06 04:57:43 --> Session: Class initialized using 'CodeIgniter\Session\Handlers\FileHandler' driver.
WARNING - 2025-02-06 04:57:43 --> [DEPRECATED] Implicit conversion from float 43.33333333333333 to int loses precision in APPPATH/Controllers/Front.php on line 176.
 1 APPPATH/Controllers/Front.php(176): imagettftext(Object(GdImage), 24, 15, 43.3333333333333285963817615993320941925048828125, 40, 16777215, '/home/casalingenieros/public_html/public/template/fonts/Poppins-Bold.ttf', 'B')
 2 SYSTEMPATH/CodeIgniter.php(933): App\Controllers\Front->creaCaptcha()
 3 SYSTEMPATH/CodeIgniter.php(509): CodeIgniter\CodeIgniter->runController(Object(App\Controllers\Front))
 4 SYSTEMPATH/CodeIgniter.php(355): CodeIgniter\CodeIgniter->handleRequest(null, Object(Config\Cache), false)
 5 SYSTEMPATH/Boot.php(325): CodeIgniter\CodeIgniter->run()
 6 SYSTEMPATH/Boot.php(67): CodeIgniter\Boot::runCodeIgniter(Object(CodeIgniter\CodeIgniter))
 7 FCPATH/index.php(56): CodeIgniter\Boot::bootWeb(Object(Config\Paths))
WARNING - 2025-02-06 04:57:43 --> [DEPRECATED] Implicit conversion from float 71.66666666666666 to int loses precision in APPPATH/Controllers/Front.php on line 176.
 1 APPPATH/Controllers/Front.php(176): imagettftext(Object(GdImage), 24, -13, 71.666666666666657192763523198664188385009765625, 34, 16777215, '/home/casalingenieros/public_html/public/template/fonts/Poppins-Regular.ttf', 'D')
 2 SYSTEMPATH/CodeIgniter.php(933): App\Controllers\Front->creaCaptcha()
 3 SYSTEMPATH/CodeIgniter.php(509): CodeIgniter\CodeIgniter->runController(Object(App\Controllers\Front))
 4 SYSTEMPATH/CodeIgniter.php(355): CodeIgniter\CodeIgniter->handleRequest(null, Object(Config\Cache), false)
 5 SYSTEMPATH/Boot.php(325): CodeIgniter\CodeIgniter->run()
 6 SYSTEMPATH/Boot.php(67): CodeIgniter\Boot::runCodeIgniter(Object(CodeIgniter\CodeIgniter))
 7 FCPATH/index.php(56): CodeIgniter\Boot::bootWeb(Object(Config\Paths))
WARNING - 2025-02-06 04:57:43 --> [DEPRECATED] Implicit conversion from float 128.33333333333331 to int loses precision in APPPATH/Controllers/Front.php on line 176.
 1 APPPATH/Controllers/Front.php(176): imagettftext(Object(GdImage), 24, 4, 128.33333333333331438552704639732837677001953125, 29, 0, '/home/casalingenieros/public_html/public/template/fonts/Poppins-Regular.ttf', 'U')
 2 SYSTEMPATH/CodeIgniter.php(933): App\Controllers\Front->creaCaptcha()
 3 SYSTEMPATH/CodeIgniter.php(509): CodeIgniter\CodeIgniter->runController(Object(App\Controllers\Front))
 4 SYSTEMPATH/CodeIgniter.php(355): CodeIgniter\CodeIgniter->handleRequest(null, Object(Config\Cache), false)
 5 SYSTEMPATH/Boot.php(325): CodeIgniter\CodeIgniter->run()
 6 SYSTEMPATH/Boot.php(67): CodeIgniter\Boot::runCodeIgniter(Object(CodeIgniter\CodeIgniter))
 7 FCPATH/index.php(56): CodeIgniter\Boot::bootWeb(Object(Config\Paths))
WARNING - 2025-02-06 04:57:43 --> [DEPRECATED] Implicit conversion from float 156.66666666666666 to int loses precision in APPPATH/Controllers/Front.php on line 176.
 1 APPPATH/Controllers/Front.php(176): imagettftext(Object(GdImage), 24, 4, 156.666666666666657192763523198664188385009765625, 45, 0, '/home/casalingenieros/public_html/public/template/fonts/Poppins-Regular.ttf', 'P')
 2 SYSTEMPATH/CodeIgniter.php(933): App\Controllers\Front->creaCaptcha()
 3 SYSTEMPATH/CodeIgniter.php(509): CodeIgniter\CodeIgniter->runController(Object(App\Controllers\Front))
 4 SYSTEMPATH/CodeIgniter.php(355): CodeIgniter\CodeIgniter->handleRequest(null, Object(Config\Cache), false)
 5 SYSTEMPATH/Boot.php(325): CodeIgniter\CodeIgniter->run()
 6 SYSTEMPATH/Boot.php(67): CodeIgniter\Boot::runCodeIgniter(Object(CodeIgniter\CodeIgniter))
 7 FCPATH/index.php(56): CodeIgniter\Boot::bootWeb(Object(Config\Paths))
INFO - 2025-02-06 04:57:44 --> Session: Class initialized using 'CodeIgniter\Session\Handlers\FileHandler' driver.
WARNING - 2025-02-06 04:57:44 --> [DEPRECATED] Implicit conversion from float 43.33333333333333 to int loses precision in APPPATH/Controllers/Front.php on line 176.
 1 APPPATH/Controllers/Front.php(176): imagettftext(Object(GdImage), 24, 1, 43.3333333333333285963817615993320941925048828125, 32, 0, '/home/casalingenieros/public_html/public/template/fonts/Poppins-Regular.ttf', 'H')
 2 SYSTEMPATH/CodeIgniter.php(933): App\Controllers\Front->creaCaptcha()
 3 SYSTEMPATH/CodeIgniter.php(509): CodeIgniter\CodeIgniter->runController(Object(App\Controllers\Front))
 4 SYSTEMPATH/CodeIgniter.php(355): CodeIgniter\CodeIgniter->handleRequest(null, Object(Config\Cache), false)
 5 SYSTEMPATH/Boot.php(325): CodeIgniter\CodeIgniter->run()
 6 SYSTEMPATH/Boot.php(67): CodeIgniter\Boot::runCodeIgniter(Object(CodeIgniter\CodeIgniter))
 7 FCPATH/index.php(56): CodeIgniter\Boot::bootWeb(Object(Config\Paths))
WARNING - 2025-02-06 04:57:44 --> [DEPRECATED] Implicit conversion from float 71.66666666666666 to int loses precision in APPPATH/Controllers/Front.php on line 176.
 1 APPPATH/Controllers/Front.php(176): imagettftext(Object(GdImage), 24, 3, 71.666666666666657192763523198664188385009765625, 38, 0, '/home/casalingenieros/public_html/public/template/fonts/Poppins-Regular.ttf', 'N')
 2 SYSTEMPATH/CodeIgniter.php(933): App\Controllers\Front->creaCaptcha()
 3 SYSTEMPATH/CodeIgniter.php(509): CodeIgniter\CodeIgniter->runController(Object(App\Controllers\Front))
 4 SYSTEMPATH/CodeIgniter.php(355): CodeIgniter\CodeIgniter->handleRequest(null, Object(Config\Cache), false)
 5 SYSTEMPATH/Boot.php(325): CodeIgniter\CodeIgniter->run()
 6 SYSTEMPATH/Boot.php(67): CodeIgniter\Boot::runCodeIgniter(Object(CodeIgniter\CodeIgniter))
 7 FCPATH/index.php(56): CodeIgniter\Boot::bootWeb(Object(Config\Paths))
WARNING - 2025-02-06 04:57:44 --> [DEPRECATED] Implicit conversion from float 128.33333333333331 to int loses precision in APPPATH/Controllers/Front.php on line 176.
 1 APPPATH/Controllers/Front.php(176): imagettftext(Object(GdImage), 24, 4, 128.33333333333331438552704639732837677001953125, 44, 16777215, '/home/casalingenieros/public_html/public/template/fonts/Poppins-Bold.ttf', 'S')
 2 SYSTEMPATH/CodeIgniter.php(933): App\Controllers\Front->creaCaptcha()
 3 SYSTEMPATH/CodeIgniter.php(509): CodeIgniter\CodeIgniter->runController(Object(App\Controllers\Front))
 4 SYSTEMPATH/CodeIgniter.php(355): CodeIgniter\CodeIgniter->handleRequest(null, Object(Config\Cache), false)
 5 SYSTEMPATH/Boot.php(325): CodeIgniter\CodeIgniter->run()
 6 SYSTEMPATH/Boot.php(67): CodeIgniter\Boot::runCodeIgniter(Object(CodeIgniter\CodeIgniter))
 7 FCPATH/index.php(56): CodeIgniter\Boot::bootWeb(Object(Config\Paths))
WARNING - 2025-02-06 04:57:44 --> [DEPRECATED] Implicit conversion from float 156.66666666666666 to int loses precision in APPPATH/Controllers/Front.php on line 176.
 1 APPPATH/Controllers/Front.php(176): imagettftext(Object(GdImage), 24, -2, 156.666666666666657192763523198664188385009765625, 43, 0, '/home/casalingenieros/public_html/public/template/fonts/Poppins-Regular.ttf', 'G')
 2 SYSTEMPATH/CodeIgniter.php(933): App\Controllers\Front->creaCaptcha()
 3 SYSTEMPATH/CodeIgniter.php(509): CodeIgniter\CodeIgniter->runController(Object(App\Controllers\Front))
 4 SYSTEMPATH/CodeIgniter.php(355): CodeIgniter\CodeIgniter->handleRequest(null, Object(Config\Cache), false)
 5 SYSTEMPATH/Boot.php(325): CodeIgniter\CodeIgniter->run()
 6 SYSTEMPATH/Boot.php(67): CodeIgniter\Boot::runCodeIgniter(Object(CodeIgniter\CodeIgniter))
 7 FCPATH/index.php(56): CodeIgniter\Boot::bootWeb(Object(Config\Paths))
INFO - 2025-02-06 04:59:29 --> Session: Class initialized using 'CodeIgniter\Session\Handlers\FileHandler' driver.
INFO - 2025-02-06 04:59:29 --> Session: Class initialized using 'CodeIgniter\Session\Handlers\FileHandler' driver.
INFO - 2025-02-06 04:59:52 --> Session: Class initialized using 'CodeIgniter\Session\Handlers\FileHandler' driver.
INFO - 2025-02-06 05:02:40 --> Session: Class initialized using 'CodeIgniter\Session\Handlers\FileHandler' driver.
INFO - 2025-02-06 05:05:55 --> Session: Class initialized using 'CodeIgniter\Session\Handlers\FileHandler' driver.
INFO - 2025-02-06 05:05:56 --> Session: Class initialized using 'CodeIgniter\Session\Handlers\FileHandler' driver.
WARNING - 2025-02-06 05:05:56 --> [DEPRECATED] Implicit conversion from float 43.33333333333333 to int loses precision in APPPATH/Controllers/Front.php on line 176.
 1 APPPATH/Controllers/Front.php(176): imagettftext(Object(GdImage), 24, -13, 43.3333333333333285963817615993320941925048828125, 41, 16777215, '/home/casalingenieros/public_html/public/template/fonts/Poppins-Bold.ttf', 'D')
 2 SYSTEMPATH/CodeIgniter.php(933): App\Controllers\Front->creaCaptcha()
 3 SYSTEMPATH/CodeIgniter.php(509): CodeIgniter\CodeIgniter->runController(Object(App\Controllers\Front))
 4 SYSTEMPATH/CodeIgniter.php(355): CodeIgniter\CodeIgniter->handleRequest(null, Object(Config\Cache), false)
 5 SYSTEMPATH/Boot.php(325): CodeIgniter\CodeIgniter->run()
 6 SYSTEMPATH/Boot.php(67): CodeIgniter\Boot::runCodeIgniter(Object(CodeIgniter\CodeIgniter))
 7 FCPATH/index.php(56): CodeIgniter\Boot::bootWeb(Object(Config\Paths))
WARNING - 2025-02-06 05:05:56 --> [DEPRECATED] Implicit conversion from float 71.66666666666666 to int loses precision in APPPATH/Controllers/Front.php on line 176.
 1 APPPATH/Controllers/Front.php(176): imagettftext(Object(GdImage), 24, -1, 71.666666666666657192763523198664188385009765625, 28, 16777215, '/home/casalingenieros/public_html/public/template/fonts/Poppins-Bold.ttf', 'Z')
 2 SYSTEMPATH/CodeIgniter.php(933): App\Controllers\Front->creaCaptcha()
 3 SYSTEMPATH/CodeIgniter.php(509): CodeIgniter\CodeIgniter->runController(Object(App\Controllers\Front))
 4 SYSTEMPATH/CodeIgniter.php(355): CodeIgniter\CodeIgniter->handleRequest(null, Object(Config\Cache), false)
 5 SYSTEMPATH/Boot.php(325): CodeIgniter\CodeIgniter->run()
 6 SYSTEMPATH/Boot.php(67): CodeIgniter\Boot::runCodeIgniter(Object(CodeIgniter\CodeIgniter))
 7 FCPATH/index.php(56): CodeIgniter\Boot::bootWeb(Object(Config\Paths))
WARNING - 2025-02-06 05:05:56 --> [DEPRECATED] Implicit conversion from float 128.33333333333331 to int loses precision in APPPATH/Controllers/Front.php on line 176.
 1 APPPATH/Controllers/Front.php(176): imagettftext(Object(GdImage), 24, 13, 128.33333333333331438552704639732837677001953125, 35, 0, '/home/casalingenieros/public_html/public/template/fonts/Poppins-Bold.ttf', 'Y')
 2 SYSTEMPATH/CodeIgniter.php(933): App\Controllers\Front->creaCaptcha()
 3 SYSTEMPATH/CodeIgniter.php(509): CodeIgniter\CodeIgniter->runController(Object(App\Controllers\Front))
 4 SYSTEMPATH/CodeIgniter.php(355): CodeIgniter\CodeIgniter->handleRequest(null, Object(Config\Cache), false)
 5 SYSTEMPATH/Boot.php(325): CodeIgniter\CodeIgniter->run()
 6 SYSTEMPATH/Boot.php(67): CodeIgniter\Boot::runCodeIgniter(Object(CodeIgniter\CodeIgniter))
 7 FCPATH/index.php(56): CodeIgniter\Boot::bootWeb(Object(Config\Paths))
WARNING - 2025-02-06 05:05:56 --> [DEPRECATED] Implicit conversion from float 156.66666666666666 to int loses precision in APPPATH/Controllers/Front.php on line 176.
 1 APPPATH/Controllers/Front.php(176): imagettftext(Object(GdImage), 24, 14, 156.666666666666657192763523198664188385009765625, 44, 16777215, '/home/casalingenieros/public_html/public/template/fonts/Poppins-Regular.ttf', 'B')
 2 SYSTEMPATH/CodeIgniter.php(933): App\Controllers\Front->creaCaptcha()
 3 SYSTEMPATH/CodeIgniter.php(509): CodeIgniter\CodeIgniter->runController(Object(App\Controllers\Front))
 4 SYSTEMPATH/CodeIgniter.php(355): CodeIgniter\CodeIgniter->handleRequest(null, Object(Config\Cache), false)
 5 SYSTEMPATH/Boot.php(325): CodeIgniter\CodeIgniter->run()
 6 SYSTEMPATH/Boot.php(67): CodeIgniter\Boot::runCodeIgniter(Object(CodeIgniter\CodeIgniter))
 7 FCPATH/index.php(56): CodeIgniter\Boot::bootWeb(Object(Config\Paths))
INFO - 2025-02-06 05:05:56 --> Session: Class initialized using 'CodeIgniter\Session\Handlers\FileHandler' driver.
WARNING - 2025-02-06 05:05:56 --> [DEPRECATED] Implicit conversion from float 43.33333333333333 to int loses precision in APPPATH/Controllers/Front.php on line 176.
 1 APPPATH/Controllers/Front.php(176): imagettftext(Object(GdImage), 24, 6, 43.3333333333333285963817615993320941925048828125, 40, 0, '/home/casalingenieros/public_html/public/template/fonts/Poppins-Regular.ttf', 'U')
 2 SYSTEMPATH/CodeIgniter.php(933): App\Controllers\Front->creaCaptcha()
 3 SYSTEMPATH/CodeIgniter.php(509): CodeIgniter\CodeIgniter->runController(Object(App\Controllers\Front))
 4 SYSTEMPATH/CodeIgniter.php(355): CodeIgniter\CodeIgniter->handleRequest(null, Object(Config\Cache), false)
 5 SYSTEMPATH/Boot.php(325): CodeIgniter\CodeIgniter->run()
 6 SYSTEMPATH/Boot.php(67): CodeIgniter\Boot::runCodeIgniter(Object(CodeIgniter\CodeIgniter))
 7 FCPATH/index.php(56): CodeIgniter\Boot::bootWeb(Object(Config\Paths))
WARNING - 2025-02-06 05:05:56 --> [DEPRECATED] Implicit conversion from float 71.66666666666666 to int loses precision in APPPATH/Controllers/Front.php on line 176.
 1 APPPATH/Controllers/Front.php(176): imagettftext(Object(GdImage), 24, 6, 71.666666666666657192763523198664188385009765625, 41, 0, '/home/casalingenieros/public_html/public/template/fonts/Poppins-Bold.ttf', 'B')
 2 SYSTEMPATH/CodeIgniter.php(933): App\Controllers\Front->creaCaptcha()
 3 SYSTEMPATH/CodeIgniter.php(509): CodeIgniter\CodeIgniter->runController(Object(App\Controllers\Front))
 4 SYSTEMPATH/CodeIgniter.php(355): CodeIgniter\CodeIgniter->handleRequest(null, Object(Config\Cache), false)
 5 SYSTEMPATH/Boot.php(325): CodeIgniter\CodeIgniter->run()
 6 SYSTEMPATH/Boot.php(67): CodeIgniter\Boot::runCodeIgniter(Object(CodeIgniter\CodeIgniter))
 7 FCPATH/index.php(56): CodeIgniter\Boot::bootWeb(Object(Config\Paths))
WARNING - 2025-02-06 05:05:56 --> [DEPRECATED] Implicit conversion from float 128.33333333333331 to int loses precision in APPPATH/Controllers/Front.php on line 176.
 1 APPPATH/Controllers/Front.php(176): imagettftext(Object(GdImage), 24, 3, 128.33333333333331438552704639732837677001953125, 39, 16777215, '/home/casalingenieros/public_html/public/template/fonts/Poppins-Bold.ttf', 'Z')
 2 SYSTEMPATH/CodeIgniter.php(933): App\Controllers\Front->creaCaptcha()
 3 SYSTEMPATH/CodeIgniter.php(509): CodeIgniter\CodeIgniter->runController(Object(App\Controllers\Front))
 4 SYSTEMPATH/CodeIgniter.php(355): CodeIgniter\CodeIgniter->handleRequest(null, Object(Config\Cache), false)
 5 SYSTEMPATH/Boot.php(325): CodeIgniter\CodeIgniter->run()
 6 SYSTEMPATH/Boot.php(67): CodeIgniter\Boot::runCodeIgniter(Object(CodeIgniter\CodeIgniter))
 7 FCPATH/index.php(56): CodeIgniter\Boot::bootWeb(Object(Config\Paths))
WARNING - 2025-02-06 05:05:56 --> [DEPRECATED] Implicit conversion from float 156.66666666666666 to int loses precision in APPPATH/Controllers/Front.php on line 176.
 1 APPPATH/Controllers/Front.php(176): imagettftext(Object(GdImage), 24, 7, 156.666666666666657192763523198664188385009765625, 38, 16777215, '/home/casalingenieros/public_html/public/template/fonts/Poppins-Bold.ttf', 'Q')
 2 SYSTEMPATH/CodeIgniter.php(933): App\Controllers\Front->creaCaptcha()
 3 SYSTEMPATH/CodeIgniter.php(509): CodeIgniter\CodeIgniter->runController(Object(App\Controllers\Front))
 4 SYSTEMPATH/CodeIgniter.php(355): CodeIgniter\CodeIgniter->handleRequest(null, Object(Config\Cache), false)
 5 SYSTEMPATH/Boot.php(325): CodeIgniter\CodeIgniter->run()
 6 SYSTEMPATH/Boot.php(67): CodeIgniter\Boot::runCodeIgniter(Object(CodeIgniter\CodeIgniter))
 7 FCPATH/index.php(56): CodeIgniter\Boot::bootWeb(Object(Config\Paths))
INFO - 2025-02-06 05:06:08 --> Session: Class initialized using 'CodeIgniter\Session\Handlers\FileHandler' driver.
INFO - 2025-02-06 05:10:21 --> Session: Class initialized using 'CodeIgniter\Session\Handlers\FileHandler' driver.
INFO - 2025-02-06 05:10:28 --> Session: Class initialized using 'CodeIgniter\Session\Handlers\FileHandler' driver.
INFO - 2025-02-06 05:14:20 --> Session: Class initialized using 'CodeIgniter\Session\Handlers\FileHandler' driver.
INFO - 2025-02-06 05:15:04 --> Session: Class initialized using 'CodeIgniter\Session\Handlers\FileHandler' driver.
INFO - 2025-02-06 05:15:06 --> Session: Class initialized using 'CodeIgniter\Session\Handlers\FileHandler' driver.
INFO - 2025-02-06 05:21:51 --> Session: Class initialized using 'CodeIgniter\Session\Handlers\FileHandler' driver.
INFO - 2025-02-06 05:23:14 --> Session: Class initialized using 'CodeIgniter\Session\Handlers\FileHandler' driver.
INFO - 2025-02-06 05:23:31 --> Session: Class initialized using 'CodeIgniter\Session\Handlers\FileHandler' driver.
INFO - 2025-02-06 05:28:47 --> Session: Class initialized using 'CodeIgniter\Session\Handlers\FileHandler' driver.
INFO - 2025-02-06 05:28:48 --> Session: Class initialized using 'CodeIgniter\Session\Handlers\FileHandler' driver.
INFO - 2025-02-06 05:52:01 --> Session: Class initialized using 'CodeIgniter\Session\Handlers\FileHandler' driver.
INFO - 2025-02-06 06:32:15 --> Session: Class initialized using 'CodeIgniter\Session\Handlers\FileHandler' driver.
INFO - 2025-02-06 07:09:25 --> Session: Class initialized using 'CodeIgniter\Session\Handlers\FileHandler' driver.
INFO - 2025-02-06 07:52:07 --> Session: Class initialized using 'CodeIgniter\Session\Handlers\FileHandler' driver.
INFO - 2025-02-06 10:07:05 --> Session: Class initialized using 'CodeIgniter\Session\Handlers\FileHandler' driver.
INFO - 2025-02-06 10:20:49 --> Session: Class initialized using 'CodeIgniter\Session\Handlers\FileHandler' driver.
INFO - 2025-02-06 10:30:42 --> Session: Class initialized using 'CodeIgniter\Session\Handlers\FileHandler' driver.
INFO - 2025-02-06 10:55:31 --> Session: Class initialized using 'CodeIgniter\Session\Handlers\FileHandler' driver.
INFO - 2025-02-06 10:56:44 --> Session: Class initialized using 'CodeIgniter\Session\Handlers\FileHandler' driver.
INFO - 2025-02-06 10:57:06 --> Session: Class initialized using 'CodeIgniter\Session\Handlers\FileHandler' driver.
INFO - 2025-02-06 11:13:40 --> Session: Class initialized using 'CodeIgniter\Session\Handlers\FileHandler' driver.
INFO - 2025-02-06 11:14:21 --> Session: Class initialized using 'CodeIgniter\Session\Handlers\FileHandler' driver.
INFO - 2025-02-06 11:14:39 --> Session: Class initialized using 'CodeIgniter\Session\Handlers\FileHandler' driver.
INFO - 2025-02-06 11:15:19 --> Session: Class initialized using 'CodeIgniter\Session\Handlers\FileHandler' driver.
INFO - 2025-02-06 11:55:38 --> Session: Class initialized using 'CodeIgniter\Session\Handlers\FileHandler' driver.
INFO - 2025-02-06 12:00:08 --> Session: Class initialized using 'CodeIgniter\Session\Handlers\FileHandler' driver.
INFO - 2025-02-06 12:00:10 --> Session: Class initialized using 'CodeIgniter\Session\Handlers\FileHandler' driver.
INFO - 2025-02-06 12:47:56 --> Session: Class initialized using 'CodeIgniter\Session\Handlers\FileHandler' driver.
INFO - 2025-02-06 13:33:24 --> Session: Class initialized using 'CodeIgniter\Session\Handlers\FileHandler' driver.
INFO - 2025-02-06 13:44:34 --> Session: Class initialized using 'CodeIgniter\Session\Handlers\FileHandler' driver.
INFO - 2025-02-06 13:45:30 --> Session: Class initialized using 'CodeIgniter\Session\Handlers\FileHandler' driver.
INFO - 2025-02-06 13:45:39 --> Session: Class initialized using 'CodeIgniter\Session\Handlers\FileHandler' driver.
INFO - 2025-02-06 13:45:44 --> Session: Class initialized using 'CodeIgniter\Session\Handlers\FileHandler' driver.
INFO - 2025-02-06 13:45:54 --> Session: Class initialized using 'CodeIgniter\Session\Handlers\FileHandler' driver.
INFO - 2025-02-06 13:52:14 --> Session: Class initialized using 'CodeIgniter\Session\Handlers\FileHandler' driver.
INFO - 2025-02-06 14:14:42 --> Session: Class initialized using 'CodeIgniter\Session\Handlers\FileHandler' driver.
INFO - 2025-02-06 14:14:47 --> Session: Class initialized using 'CodeIgniter\Session\Handlers\FileHandler' driver.
INFO - 2025-02-06 14:14:56 --> Session: Class initialized using 'CodeIgniter\Session\Handlers\FileHandler' driver.
INFO - 2025-02-06 14:14:59 --> Session: Class initialized using 'CodeIgniter\Session\Handlers\FileHandler' driver.
INFO - 2025-02-06 14:15:10 --> Session: Class initialized using 'CodeIgniter\Session\Handlers\FileHandler' driver.
INFO - 2025-02-06 14:15:26 --> Session: Class initialized using 'CodeIgniter\Session\Handlers\FileHandler' driver.
INFO - 2025-02-06 14:15:27 --> Session: Class initialized using 'CodeIgniter\Session\Handlers\FileHandler' driver.
WARNING - 2025-02-06 14:15:27 --> [DEPRECATED] Implicit conversion from float 43.33333333333333 to int loses precision in APPPATH/Controllers/Front.php on line 176.
 1 APPPATH/Controllers/Front.php(176): imagettftext(Object(GdImage), 24, 10, 43.3333333333333285963817615993320941925048828125, 36, 16777215, '/home/casalingenieros/public_html/public/template/fonts/Poppins-Bold.ttf', 'B')
 2 SYSTEMPATH/CodeIgniter.php(933): App\Controllers\Front->creaCaptcha()
 3 SYSTEMPATH/CodeIgniter.php(509): CodeIgniter\CodeIgniter->runController(Object(App\Controllers\Front))
 4 SYSTEMPATH/CodeIgniter.php(355): CodeIgniter\CodeIgniter->handleRequest(null, Object(Config\Cache), false)
 5 SYSTEMPATH/Boot.php(325): CodeIgniter\CodeIgniter->run()
 6 SYSTEMPATH/Boot.php(67): CodeIgniter\Boot::runCodeIgniter(Object(CodeIgniter\CodeIgniter))
 7 FCPATH/index.php(56): CodeIgniter\Boot::bootWeb(Object(Config\Paths))
WARNING - 2025-02-06 14:15:27 --> [DEPRECATED] Implicit conversion from float 71.66666666666666 to int loses precision in APPPATH/Controllers/Front.php on line 176.
 1 APPPATH/Controllers/Front.php(176): imagettftext(Object(GdImage), 24, -4, 71.666666666666657192763523198664188385009765625, 43, 0, '/home/casalingenieros/public_html/public/template/fonts/Poppins-Bold.ttf', 'Y')
 2 SYSTEMPATH/CodeIgniter.php(933): App\Controllers\Front->creaCaptcha()
 3 SYSTEMPATH/CodeIgniter.php(509): CodeIgniter\CodeIgniter->runController(Object(App\Controllers\Front))
 4 SYSTEMPATH/CodeIgniter.php(355): CodeIgniter\CodeIgniter->handleRequest(null, Object(Config\Cache), false)
 5 SYSTEMPATH/Boot.php(325): CodeIgniter\CodeIgniter->run()
 6 SYSTEMPATH/Boot.php(67): CodeIgniter\Boot::runCodeIgniter(Object(CodeIgniter\CodeIgniter))
 7 FCPATH/index.php(56): CodeIgniter\Boot::bootWeb(Object(Config\Paths))
WARNING - 2025-02-06 14:15:27 --> [DEPRECATED] Implicit conversion from float 128.33333333333331 to int loses precision in APPPATH/Controllers/Front.php on line 176.
 1 APPPATH/Controllers/Front.php(176): imagettftext(Object(GdImage), 24, 1, 128.33333333333331438552704639732837677001953125, 44, 0, '/home/casalingenieros/public_html/public/template/fonts/Poppins-Bold.ttf', 'J')
 2 SYSTEMPATH/CodeIgniter.php(933): App\Controllers\Front->creaCaptcha()
 3 SYSTEMPATH/CodeIgniter.php(509): CodeIgniter\CodeIgniter->runController(Object(App\Controllers\Front))
 4 SYSTEMPATH/CodeIgniter.php(355): CodeIgniter\CodeIgniter->handleRequest(null, Object(Config\Cache), false)
 5 SYSTEMPATH/Boot.php(325): CodeIgniter\CodeIgniter->run()
 6 SYSTEMPATH/Boot.php(67): CodeIgniter\Boot::runCodeIgniter(Object(CodeIgniter\CodeIgniter))
 7 FCPATH/index.php(56): CodeIgniter\Boot::bootWeb(Object(Config\Paths))
WARNING - 2025-02-06 14:15:27 --> [DEPRECATED] Implicit conversion from float 156.66666666666666 to int loses precision in APPPATH/Controllers/Front.php on line 176.
 1 APPPATH/Controllers/Front.php(176): imagettftext(Object(GdImage), 24, 2, 156.666666666666657192763523198664188385009765625, 36, 16777215, '/home/casalingenieros/public_html/public/template/fonts/Poppins-Regular.ttf', 'M')
 2 SYSTEMPATH/CodeIgniter.php(933): App\Controllers\Front->creaCaptcha()
 3 SYSTEMPATH/CodeIgniter.php(509): CodeIgniter\CodeIgniter->runController(Object(App\Controllers\Front))
 4 SYSTEMPATH/CodeIgniter.php(355): CodeIgniter\CodeIgniter->handleRequest(null, Object(Config\Cache), false)
 5 SYSTEMPATH/Boot.php(325): CodeIgniter\CodeIgniter->run()
 6 SYSTEMPATH/Boot.php(67): CodeIgniter\Boot::runCodeIgniter(Object(CodeIgniter\CodeIgniter))
 7 FCPATH/index.php(56): CodeIgniter\Boot::bootWeb(Object(Config\Paths))
INFO - 2025-02-06 14:15:28 --> Session: Class initialized using 'CodeIgniter\Session\Handlers\FileHandler' driver.
INFO - 2025-02-06 14:15:33 --> Session: Class initialized using 'CodeIgniter\Session\Handlers\FileHandler' driver.
INFO - 2025-02-06 15:05:16 --> Session: Class initialized using 'CodeIgniter\Session\Handlers\FileHandler' driver.
INFO - 2025-02-06 15:05:18 --> Session: Class initialized using 'CodeIgniter\Session\Handlers\FileHandler' driver.
INFO - 2025-02-06 15:05:20 --> Session: Class initialized using 'CodeIgniter\Session\Handlers\FileHandler' driver.
INFO - 2025-02-06 15:07:55 --> Session: Class initialized using 'CodeIgniter\Session\Handlers\FileHandler' driver.
INFO - 2025-02-06 15:08:00 --> Session: Class initialized using 'CodeIgniter\Session\Handlers\FileHandler' driver.
INFO - 2025-02-06 15:11:07 --> Session: Class initialized using 'CodeIgniter\Session\Handlers\FileHandler' driver.
INFO - 2025-02-06 15:19:33 --> Session: Class initialized using 'CodeIgniter\Session\Handlers\FileHandler' driver.
INFO - 2025-02-06 15:39:10 --> Session: Class initialized using 'CodeIgniter\Session\Handlers\FileHandler' driver.
INFO - 2025-02-06 15:43:08 --> Session: Class initialized using 'CodeIgniter\Session\Handlers\FileHandler' driver.
INFO - 2025-02-06 15:43:21 --> Session: Class initialized using 'CodeIgniter\Session\Handlers\FileHandler' driver.
INFO - 2025-02-06 15:43:25 --> Session: Class initialized using 'CodeIgniter\Session\Handlers\FileHandler' driver.
INFO - 2025-02-06 15:43:27 --> Session: Class initialized using 'CodeIgniter\Session\Handlers\FileHandler' driver.
INFO - 2025-02-06 15:47:24 --> Session: Class initialized using 'CodeIgniter\Session\Handlers\FileHandler' driver.
INFO - 2025-02-06 15:47:34 --> Session: Class initialized using 'CodeIgniter\Session\Handlers\FileHandler' driver.
INFO - 2025-02-06 15:55:36 --> Session: Class initialized using 'CodeIgniter\Session\Handlers\FileHandler' driver.
INFO - 2025-02-06 15:57:52 --> Session: Class initialized using 'CodeIgniter\Session\Handlers\FileHandler' driver.
INFO - 2025-02-06 16:59:18 --> Session: Class initialized using 'CodeIgniter\Session\Handlers\FileHandler' driver.
INFO - 2025-02-06 16:59:32 --> Session: Class initialized using 'CodeIgniter\Session\Handlers\FileHandler' driver.
INFO - 2025-02-06 16:59:52 --> Session: Class initialized using 'CodeIgniter\Session\Handlers\FileHandler' driver.
INFO - 2025-02-06 17:03:48 --> Session: Class initialized using 'CodeIgniter\Session\Handlers\FileHandler' driver.
INFO - 2025-02-06 17:03:51 --> Session: Class initialized using 'CodeIgniter\Session\Handlers\FileHandler' driver.
INFO - 2025-02-06 17:03:52 --> Session: Class initialized using 'CodeIgniter\Session\Handlers\FileHandler' driver.
INFO - 2025-02-06 17:03:57 --> Session: Class initialized using 'CodeIgniter\Session\Handlers\FileHandler' driver.
INFO - 2025-02-06 17:04:11 --> Session: Class initialized using 'CodeIgniter\Session\Handlers\FileHandler' driver.
INFO - 2025-02-06 17:09:07 --> Session: Class initialized using 'CodeIgniter\Session\Handlers\FileHandler' driver.
INFO - 2025-02-06 17:58:21 --> Session: Class initialized using 'CodeIgniter\Session\Handlers\FileHandler' driver.
INFO - 2025-02-06 18:11:50 --> Session: Class initialized using 'CodeIgniter\Session\Handlers\FileHandler' driver.
INFO - 2025-02-06 18:12:46 --> Session: Class initialized using 'CodeIgniter\Session\Handlers\FileHandler' driver.
INFO - 2025-02-06 18:12:50 --> Session: Class initialized using 'CodeIgniter\Session\Handlers\FileHandler' driver.
INFO - 2025-02-06 18:13:04 --> Session: Class initialized using 'CodeIgniter\Session\Handlers\FileHandler' driver.
INFO - 2025-02-06 18:13:06 --> Session: Class initialized using 'CodeIgniter\Session\Handlers\FileHandler' driver.
INFO - 2025-02-06 18:13:08 --> Session: Class initialized using 'CodeIgniter\Session\Handlers\FileHandler' driver.
INFO - 2025-02-06 18:36:46 --> Session: Class initialized using 'CodeIgniter\Session\Handlers\FileHandler' driver.
INFO - 2025-02-06 18:41:42 --> Session: Class initialized using 'CodeIgniter\Session\Handlers\FileHandler' driver.
INFO - 2025-02-06 18:49:55 --> Session: Class initialized using 'CodeIgniter\Session\Handlers\FileHandler' driver.
INFO - 2025-02-06 23:10:23 --> Session: Class initialized using 'CodeIgniter\Session\Handlers\FileHandler' driver.
INFO - 2025-02-06 23:10:36 --> Session: Class initialized using 'CodeIgniter\Session\Handlers\FileHandler' driver.
INFO - 2025-02-06 23:15:26 --> Session: Class initialized using 'CodeIgniter\Session\Handlers\FileHandler' driver.
