INFO - 2025-02-12 00:07:05 --> Session: Class initialized using 'CodeIgniter\Session\Handlers\FileHandler' driver.
INFO - 2025-02-12 02:09:24 --> Session: Class initialized using 'CodeIgniter\Session\Handlers\FileHandler' driver.
INFO - 2025-02-12 03:19:40 --> Session: Class initialized using 'CodeIgniter\Session\Handlers\FileHandler' driver.
INFO - 2025-02-12 03:21:57 --> Session: Class initialized using 'CodeIgniter\Session\Handlers\FileHandler' driver.
INFO - 2025-02-12 03:46:33 --> Session: Class initialized using 'CodeIgniter\Session\Handlers\FileHandler' driver.
CRITICAL - 2025-02-12 04:20:13 --> CodeIgniter\HTTP\Exceptions\BadRequestException: The URI you submitted has disallowed characters: "À"
[Method: POST, Route: %C0]
in SYSTEMPATH/Router/Router.php on line 737.
 1 SYSTEMPATH/Router/Router.php(204): CodeIgniter\Router\Router->checkDisallowedChars('À')
 2 SYSTEMPATH/CodeIgniter.php(834): CodeIgniter\Router\Router->handle('À')
 3 SYSTEMPATH/CodeIgniter.php(457): CodeIgniter\CodeIgniter->tryToRouteIt(Object(CodeIgniter\Router\RouteCollection))
 4 SYSTEMPATH/CodeIgniter.php(355): CodeIgniter\CodeIgniter->handleRequest(null, Object(Config\Cache), false)
 5 SYSTEMPATH/Boot.php(325): CodeIgniter\CodeIgniter->run()
 6 SYSTEMPATH/Boot.php(67): CodeIgniter\Boot::runCodeIgniter(Object(CodeIgniter\CodeIgniter))
 7 FCPATH/index.php(56): CodeIgniter\Boot::bootWeb(Object(Config\Paths))
CRITICAL - 2025-02-12 04:20:13 --> ErrorException: Uncaught CodeIgniter\Format\Exceptions\FormatException: Failed to parse JSON string. Error: Malformed UTF-8 characters, possibly incorrectly encoded in /home/casalingenieros/public_html/system/Format/JSONFormatter.php:45
Stack trace:
#0 /home/casalingenieros/public_html/system/Format/JSONFormatter.php(45): CodeIgniter\Format\Exceptions\FormatException::forInvalidJSON('Malformed UTF-8...')
#1 /home/casalingenieros/public_html/system/API/ResponseTrait.php(357): CodeIgniter\Format\JSONFormatter->format(Array)
#2 /home/casalingenieros/public_html/system/API/ResponseTrait.php(103): CodeIgniter\Debug\ExceptionHandler->format(Array)
#3 /home/casalingenieros/public_html/system/Debug/ExceptionHandler.php(83): CodeIgniter\Debug\ExceptionHandler->respond(Array, 400)
#4 /home/casalingenieros/public_html/system/Debug/Exceptions.php(164): CodeIgniter\Debug\ExceptionHandler->handle(Object(CodeIgniter\HTTP\Exceptions\BadRequestException), Object(CodeIgniter\HTTP\IncomingRequest), Object(CodeIgniter\HTTP\Response), 400, 1)
#5 [internal function]: CodeIgniter\Debug\Exceptions->exceptionHandler(Object(CodeIgniter\HTTP\Exceptions\BadRequestException))
#6 {main}
  thrown
ã€Previous Exceptionã€‘
CodeIgniter\HTTP\Exceptions\BadRequestException
The URI you submitted has disallowed characters: "À"
#0 /home/casalingenieros/public_html/system/Router/Router.php(204): CodeIgniter\Router\Router->checkDisallowedChars('\xC0')
#1 /home/casalingenieros/public_html/system/CodeIgniter.php(834): CodeIgniter\Router\Router->handle('\xC0')
#2 /home/casalingenieros/public_html/system/CodeIgniter.php(457): CodeIgniter\CodeIgniter->tryToRouteIt(Object(CodeIgniter\Router\RouteCollection))
#3 /home/casalingenieros/public_html/system/CodeIgniter.php(355): CodeIgniter\CodeIgniter->handleRequest(NULL, Object(Config\Cache), false)
#4 /home/casalingenieros/public_html/system/Boot.php(325): CodeIgniter\CodeIgniter->run()
#5 /home/casalingenieros/public_html/system/Boot.php(67): CodeIgniter\Boot::runCodeIgniter(Object(CodeIgniter\CodeIgniter))
#6 /home/casalingenieros/public_html/index.php(56): CodeIgniter\Boot::bootWeb(Object(Config\Paths))
#7 {main}
[Method: POST, Route: %C0]
in SYSTEMPATH/Format/JSONFormatter.php on line 45.
 1 [internal function]: CodeIgniter\Debug\Exceptions->shutdownHandler()
CRITICAL - 2025-02-12 04:20:32 --> CodeIgniter\HTTP\Exceptions\BadRequestException: The URI you submitted has disallowed characters: "À"
[Method: POST, Route: %C0]
in SYSTEMPATH/Router/Router.php on line 737.
 1 SYSTEMPATH/Router/Router.php(204): CodeIgniter\Router\Router->checkDisallowedChars('À')
 2 SYSTEMPATH/CodeIgniter.php(834): CodeIgniter\Router\Router->handle('À')
 3 SYSTEMPATH/CodeIgniter.php(457): CodeIgniter\CodeIgniter->tryToRouteIt(Object(CodeIgniter\Router\RouteCollection))
 4 SYSTEMPATH/CodeIgniter.php(355): CodeIgniter\CodeIgniter->handleRequest(null, Object(Config\Cache), false)
 5 SYSTEMPATH/Boot.php(325): CodeIgniter\CodeIgniter->run()
 6 SYSTEMPATH/Boot.php(67): CodeIgniter\Boot::runCodeIgniter(Object(CodeIgniter\CodeIgniter))
 7 FCPATH/index.php(56): CodeIgniter\Boot::bootWeb(Object(Config\Paths))
CRITICAL - 2025-02-12 04:20:32 --> ErrorException: Uncaught CodeIgniter\Format\Exceptions\FormatException: Failed to parse JSON string. Error: Malformed UTF-8 characters, possibly incorrectly encoded in /home/casalingenieros/public_html/system/Format/JSONFormatter.php:45
Stack trace:
#0 /home/casalingenieros/public_html/system/Format/JSONFormatter.php(45): CodeIgniter\Format\Exceptions\FormatException::forInvalidJSON('Malformed UTF-8...')
#1 /home/casalingenieros/public_html/system/API/ResponseTrait.php(357): CodeIgniter\Format\JSONFormatter->format(Array)
#2 /home/casalingenieros/public_html/system/API/ResponseTrait.php(103): CodeIgniter\Debug\ExceptionHandler->format(Array)
#3 /home/casalingenieros/public_html/system/Debug/ExceptionHandler.php(83): CodeIgniter\Debug\ExceptionHandler->respond(Array, 400)
#4 /home/casalingenieros/public_html/system/Debug/Exceptions.php(164): CodeIgniter\Debug\ExceptionHandler->handle(Object(CodeIgniter\HTTP\Exceptions\BadRequestException), Object(CodeIgniter\HTTP\IncomingRequest), Object(CodeIgniter\HTTP\Response), 400, 1)
#5 [internal function]: CodeIgniter\Debug\Exceptions->exceptionHandler(Object(CodeIgniter\HTTP\Exceptions\BadRequestException))
#6 {main}
  thrown
ã€Previous Exceptionã€‘
CodeIgniter\HTTP\Exceptions\BadRequestException
The URI you submitted has disallowed characters: "À"
#0 /home/casalingenieros/public_html/system/Router/Router.php(204): CodeIgniter\Router\Router->checkDisallowedChars('\xC0')
#1 /home/casalingenieros/public_html/system/CodeIgniter.php(834): CodeIgniter\Router\Router->handle('\xC0')
#2 /home/casalingenieros/public_html/system/CodeIgniter.php(457): CodeIgniter\CodeIgniter->tryToRouteIt(Object(CodeIgniter\Router\RouteCollection))
#3 /home/casalingenieros/public_html/system/CodeIgniter.php(355): CodeIgniter\CodeIgniter->handleRequest(NULL, Object(Config\Cache), false)
#4 /home/casalingenieros/public_html/system/Boot.php(325): CodeIgniter\CodeIgniter->run()
#5 /home/casalingenieros/public_html/system/Boot.php(67): CodeIgniter\Boot::runCodeIgniter(Object(CodeIgniter\CodeIgniter))
#6 /home/casalingenieros/public_html/index.php(56): CodeIgniter\Boot::bootWeb(Object(Config\Paths))
#7 {main}
[Method: POST, Route: %C0]
in SYSTEMPATH/Format/JSONFormatter.php on line 45.
 1 [internal function]: CodeIgniter\Debug\Exceptions->shutdownHandler()
CRITICAL - 2025-02-12 04:20:54 --> CodeIgniter\HTTP\Exceptions\BadRequestException: The URI you submitted has disallowed characters: "À"
[Method: POST, Route: %C0]
in SYSTEMPATH/Router/Router.php on line 737.
 1 SYSTEMPATH/Router/Router.php(204): CodeIgniter\Router\Router->checkDisallowedChars('À')
 2 SYSTEMPATH/CodeIgniter.php(834): CodeIgniter\Router\Router->handle('À')
 3 SYSTEMPATH/CodeIgniter.php(457): CodeIgniter\CodeIgniter->tryToRouteIt(Object(CodeIgniter\Router\RouteCollection))
 4 SYSTEMPATH/CodeIgniter.php(355): CodeIgniter\CodeIgniter->handleRequest(null, Object(Config\Cache), false)
 5 SYSTEMPATH/Boot.php(325): CodeIgniter\CodeIgniter->run()
 6 SYSTEMPATH/Boot.php(67): CodeIgniter\Boot::runCodeIgniter(Object(CodeIgniter\CodeIgniter))
 7 FCPATH/index.php(56): CodeIgniter\Boot::bootWeb(Object(Config\Paths))
CRITICAL - 2025-02-12 04:20:54 --> ErrorException: Uncaught CodeIgniter\Format\Exceptions\FormatException: Failed to parse JSON string. Error: Malformed UTF-8 characters, possibly incorrectly encoded in /home/casalingenieros/public_html/system/Format/JSONFormatter.php:45
Stack trace:
#0 /home/casalingenieros/public_html/system/Format/JSONFormatter.php(45): CodeIgniter\Format\Exceptions\FormatException::forInvalidJSON('Malformed UTF-8...')
#1 /home/casalingenieros/public_html/system/API/ResponseTrait.php(357): CodeIgniter\Format\JSONFormatter->format(Array)
#2 /home/casalingenieros/public_html/system/API/ResponseTrait.php(103): CodeIgniter\Debug\ExceptionHandler->format(Array)
#3 /home/casalingenieros/public_html/system/Debug/ExceptionHandler.php(83): CodeIgniter\Debug\ExceptionHandler->respond(Array, 400)
#4 /home/casalingenieros/public_html/system/Debug/Exceptions.php(164): CodeIgniter\Debug\ExceptionHandler->handle(Object(CodeIgniter\HTTP\Exceptions\BadRequestException), Object(CodeIgniter\HTTP\IncomingRequest), Object(CodeIgniter\HTTP\Response), 400, 1)
#5 [internal function]: CodeIgniter\Debug\Exceptions->exceptionHandler(Object(CodeIgniter\HTTP\Exceptions\BadRequestException))
#6 {main}
  thrown
ã€Previous Exceptionã€‘
CodeIgniter\HTTP\Exceptions\BadRequestException
The URI you submitted has disallowed characters: "À"
#0 /home/casalingenieros/public_html/system/Router/Router.php(204): CodeIgniter\Router\Router->checkDisallowedChars('\xC0')
#1 /home/casalingenieros/public_html/system/CodeIgniter.php(834): CodeIgniter\Router\Router->handle('\xC0')
#2 /home/casalingenieros/public_html/system/CodeIgniter.php(457): CodeIgniter\CodeIgniter->tryToRouteIt(Object(CodeIgniter\Router\RouteCollection))
#3 /home/casalingenieros/public_html/system/CodeIgniter.php(355): CodeIgniter\CodeIgniter->handleRequest(NULL, Object(Config\Cache), false)
#4 /home/casalingenieros/public_html/system/Boot.php(325): CodeIgniter\CodeIgniter->run()
#5 /home/casalingenieros/public_html/system/Boot.php(67): CodeIgniter\Boot::runCodeIgniter(Object(CodeIgniter\CodeIgniter))
#6 /home/casalingenieros/public_html/index.php(56): CodeIgniter\Boot::bootWeb(Object(Config\Paths))
#7 {main}
[Method: POST, Route: %C0]
in SYSTEMPATH/Format/JSONFormatter.php on line 45.
 1 [internal function]: CodeIgniter\Debug\Exceptions->shutdownHandler()
CRITICAL - 2025-02-12 04:21:15 --> CodeIgniter\HTTP\Exceptions\BadRequestException: The URI you submitted has disallowed characters: "À"
[Method: GET, Route: %C0]
in SYSTEMPATH/Router/Router.php on line 737.
 1 SYSTEMPATH/Router/Router.php(204): CodeIgniter\Router\Router->checkDisallowedChars('À')
 2 SYSTEMPATH/CodeIgniter.php(834): CodeIgniter\Router\Router->handle('À')
 3 SYSTEMPATH/CodeIgniter.php(457): CodeIgniter\CodeIgniter->tryToRouteIt(Object(CodeIgniter\Router\RouteCollection))
 4 SYSTEMPATH/CodeIgniter.php(355): CodeIgniter\CodeIgniter->handleRequest(null, Object(Config\Cache), false)
 5 SYSTEMPATH/Boot.php(325): CodeIgniter\CodeIgniter->run()
 6 SYSTEMPATH/Boot.php(67): CodeIgniter\Boot::runCodeIgniter(Object(CodeIgniter\CodeIgniter))
 7 FCPATH/index.php(56): CodeIgniter\Boot::bootWeb(Object(Config\Paths))
CRITICAL - 2025-02-12 04:21:15 --> ErrorException: Uncaught CodeIgniter\Format\Exceptions\FormatException: Failed to parse JSON string. Error: Malformed UTF-8 characters, possibly incorrectly encoded in /home/casalingenieros/public_html/system/Format/JSONFormatter.php:45
Stack trace:
#0 /home/casalingenieros/public_html/system/Format/JSONFormatter.php(45): CodeIgniter\Format\Exceptions\FormatException::forInvalidJSON('Malformed UTF-8...')
#1 /home/casalingenieros/public_html/system/API/ResponseTrait.php(357): CodeIgniter\Format\JSONFormatter->format(Array)
#2 /home/casalingenieros/public_html/system/API/ResponseTrait.php(103): CodeIgniter\Debug\ExceptionHandler->format(Array)
#3 /home/casalingenieros/public_html/system/Debug/ExceptionHandler.php(83): CodeIgniter\Debug\ExceptionHandler->respond(Array, 400)
#4 /home/casalingenieros/public_html/system/Debug/Exceptions.php(164): CodeIgniter\Debug\ExceptionHandler->handle(Object(CodeIgniter\HTTP\Exceptions\BadRequestException), Object(CodeIgniter\HTTP\IncomingRequest), Object(CodeIgniter\HTTP\Response), 400, 1)
#5 [internal function]: CodeIgniter\Debug\Exceptions->exceptionHandler(Object(CodeIgniter\HTTP\Exceptions\BadRequestException))
#6 {main}
  thrown
ã€Previous Exceptionã€‘
CodeIgniter\HTTP\Exceptions\BadRequestException
The URI you submitted has disallowed characters: "À"
#0 /home/casalingenieros/public_html/system/Router/Router.php(204): CodeIgniter\Router\Router->checkDisallowedChars('\xC0')
#1 /home/casalingenieros/public_html/system/CodeIgniter.php(834): CodeIgniter\Router\Router->handle('\xC0')
#2 /home/casalingenieros/public_html/system/CodeIgniter.php(457): CodeIgniter\CodeIgniter->tryToRouteIt(Object(CodeIgniter\Router\RouteCollection))
#3 /home/casalingenieros/public_html/system/CodeIgniter.php(355): CodeIgniter\CodeIgniter->handleRequest(NULL, Object(Config\Cache), false)
#4 /home/casalingenieros/public_html/system/Boot.php(325): CodeIgniter\CodeIgniter->run()
#5 /home/casalingenieros/public_html/system/Boot.php(67): CodeIgniter\Boot::runCodeIgniter(Object(CodeIgniter\CodeIgniter))
#6 /home/casalingenieros/public_html/index.php(56): CodeIgniter\Boot::bootWeb(Object(Config\Paths))
#7 {main}
[Method: GET, Route: %C0]
in SYSTEMPATH/Format/JSONFormatter.php on line 45.
 1 [internal function]: CodeIgniter\Debug\Exceptions->shutdownHandler()
CRITICAL - 2025-02-12 04:21:18 --> CodeIgniter\HTTP\Exceptions\BadRequestException: The URI you submitted has disallowed characters: "À"
[Method: POST, Route: %C0]
in SYSTEMPATH/Router/Router.php on line 737.
 1 SYSTEMPATH/Router/Router.php(204): CodeIgniter\Router\Router->checkDisallowedChars('À')
 2 SYSTEMPATH/CodeIgniter.php(834): CodeIgniter\Router\Router->handle('À')
 3 SYSTEMPATH/CodeIgniter.php(457): CodeIgniter\CodeIgniter->tryToRouteIt(Object(CodeIgniter\Router\RouteCollection))
 4 SYSTEMPATH/CodeIgniter.php(355): CodeIgniter\CodeIgniter->handleRequest(null, Object(Config\Cache), false)
 5 SYSTEMPATH/Boot.php(325): CodeIgniter\CodeIgniter->run()
 6 SYSTEMPATH/Boot.php(67): CodeIgniter\Boot::runCodeIgniter(Object(CodeIgniter\CodeIgniter))
 7 FCPATH/index.php(56): CodeIgniter\Boot::bootWeb(Object(Config\Paths))
CRITICAL - 2025-02-12 04:21:18 --> ErrorException: Uncaught CodeIgniter\Format\Exceptions\FormatException: Failed to parse JSON string. Error: Malformed UTF-8 characters, possibly incorrectly encoded in /home/casalingenieros/public_html/system/Format/JSONFormatter.php:45
Stack trace:
#0 /home/casalingenieros/public_html/system/Format/JSONFormatter.php(45): CodeIgniter\Format\Exceptions\FormatException::forInvalidJSON('Malformed UTF-8...')
#1 /home/casalingenieros/public_html/system/API/ResponseTrait.php(357): CodeIgniter\Format\JSONFormatter->format(Array)
#2 /home/casalingenieros/public_html/system/API/ResponseTrait.php(103): CodeIgniter\Debug\ExceptionHandler->format(Array)
#3 /home/casalingenieros/public_html/system/Debug/ExceptionHandler.php(83): CodeIgniter\Debug\ExceptionHandler->respond(Array, 400)
#4 /home/casalingenieros/public_html/system/Debug/Exceptions.php(164): CodeIgniter\Debug\ExceptionHandler->handle(Object(CodeIgniter\HTTP\Exceptions\BadRequestException), Object(CodeIgniter\HTTP\IncomingRequest), Object(CodeIgniter\HTTP\Response), 400, 1)
#5 [internal function]: CodeIgniter\Debug\Exceptions->exceptionHandler(Object(CodeIgniter\HTTP\Exceptions\BadRequestException))
#6 {main}
  thrown
ã€Previous Exceptionã€‘
CodeIgniter\HTTP\Exceptions\BadRequestException
The URI you submitted has disallowed characters: "À"
#0 /home/casalingenieros/public_html/system/Router/Router.php(204): CodeIgniter\Router\Router->checkDisallowedChars('\xC0')
#1 /home/casalingenieros/public_html/system/CodeIgniter.php(834): CodeIgniter\Router\Router->handle('\xC0')
#2 /home/casalingenieros/public_html/system/CodeIgniter.php(457): CodeIgniter\CodeIgniter->tryToRouteIt(Object(CodeIgniter\Router\RouteCollection))
#3 /home/casalingenieros/public_html/system/CodeIgniter.php(355): CodeIgniter\CodeIgniter->handleRequest(NULL, Object(Config\Cache), false)
#4 /home/casalingenieros/public_html/system/Boot.php(325): CodeIgniter\CodeIgniter->run()
#5 /home/casalingenieros/public_html/system/Boot.php(67): CodeIgniter\Boot::runCodeIgniter(Object(CodeIgniter\CodeIgniter))
#6 /home/casalingenieros/public_html/index.php(56): CodeIgniter\Boot::bootWeb(Object(Config\Paths))
#7 {main}
[Method: POST, Route: %C0]
in SYSTEMPATH/Format/JSONFormatter.php on line 45.
 1 [internal function]: CodeIgniter\Debug\Exceptions->shutdownHandler()
CRITICAL - 2025-02-12 04:21:36 --> CodeIgniter\HTTP\Exceptions\BadRequestException: The URI you submitted has disallowed characters: "À"
[Method: POST, Route: %C0]
in SYSTEMPATH/Router/Router.php on line 737.
 1 SYSTEMPATH/Router/Router.php(204): CodeIgniter\Router\Router->checkDisallowedChars('À')
 2 SYSTEMPATH/CodeIgniter.php(834): CodeIgniter\Router\Router->handle('À')
 3 SYSTEMPATH/CodeIgniter.php(457): CodeIgniter\CodeIgniter->tryToRouteIt(Object(CodeIgniter\Router\RouteCollection))
 4 SYSTEMPATH/CodeIgniter.php(355): CodeIgniter\CodeIgniter->handleRequest(null, Object(Config\Cache), false)
 5 SYSTEMPATH/Boot.php(325): CodeIgniter\CodeIgniter->run()
 6 SYSTEMPATH/Boot.php(67): CodeIgniter\Boot::runCodeIgniter(Object(CodeIgniter\CodeIgniter))
 7 FCPATH/index.php(56): CodeIgniter\Boot::bootWeb(Object(Config\Paths))
CRITICAL - 2025-02-12 04:21:36 --> ErrorException: Uncaught CodeIgniter\Format\Exceptions\FormatException: Failed to parse JSON string. Error: Malformed UTF-8 characters, possibly incorrectly encoded in /home/casalingenieros/public_html/system/Format/JSONFormatter.php:45
Stack trace:
#0 /home/casalingenieros/public_html/system/Format/JSONFormatter.php(45): CodeIgniter\Format\Exceptions\FormatException::forInvalidJSON('Malformed UTF-8...')
#1 /home/casalingenieros/public_html/system/API/ResponseTrait.php(357): CodeIgniter\Format\JSONFormatter->format(Array)
#2 /home/casalingenieros/public_html/system/API/ResponseTrait.php(103): CodeIgniter\Debug\ExceptionHandler->format(Array)
#3 /home/casalingenieros/public_html/system/Debug/ExceptionHandler.php(83): CodeIgniter\Debug\ExceptionHandler->respond(Array, 400)
#4 /home/casalingenieros/public_html/system/Debug/Exceptions.php(164): CodeIgniter\Debug\ExceptionHandler->handle(Object(CodeIgniter\HTTP\Exceptions\BadRequestException), Object(CodeIgniter\HTTP\IncomingRequest), Object(CodeIgniter\HTTP\Response), 400, 1)
#5 [internal function]: CodeIgniter\Debug\Exceptions->exceptionHandler(Object(CodeIgniter\HTTP\Exceptions\BadRequestException))
#6 {main}
  thrown
ã€Previous Exceptionã€‘
CodeIgniter\HTTP\Exceptions\BadRequestException
The URI you submitted has disallowed characters: "À"
#0 /home/casalingenieros/public_html/system/Router/Router.php(204): CodeIgniter\Router\Router->checkDisallowedChars('\xC0')
#1 /home/casalingenieros/public_html/system/CodeIgniter.php(834): CodeIgniter\Router\Router->handle('\xC0')
#2 /home/casalingenieros/public_html/system/CodeIgniter.php(457): CodeIgniter\CodeIgniter->tryToRouteIt(Object(CodeIgniter\Router\RouteCollection))
#3 /home/casalingenieros/public_html/system/CodeIgniter.php(355): CodeIgniter\CodeIgniter->handleRequest(NULL, Object(Config\Cache), false)
#4 /home/casalingenieros/public_html/system/Boot.php(325): CodeIgniter\CodeIgniter->run()
#5 /home/casalingenieros/public_html/system/Boot.php(67): CodeIgniter\Boot::runCodeIgniter(Object(CodeIgniter\CodeIgniter))
#6 /home/casalingenieros/public_html/index.php(56): CodeIgniter\Boot::bootWeb(Object(Config\Paths))
#7 {main}
[Method: POST, Route: %C0]
in SYSTEMPATH/Format/JSONFormatter.php on line 45.
 1 [internal function]: CodeIgniter\Debug\Exceptions->shutdownHandler()
CRITICAL - 2025-02-12 04:21:58 --> CodeIgniter\HTTP\Exceptions\BadRequestException: The URI you submitted has disallowed characters: "À"
[Method: POST, Route: %C0]
in SYSTEMPATH/Router/Router.php on line 737.
 1 SYSTEMPATH/Router/Router.php(204): CodeIgniter\Router\Router->checkDisallowedChars('À')
 2 SYSTEMPATH/CodeIgniter.php(834): CodeIgniter\Router\Router->handle('À')
 3 SYSTEMPATH/CodeIgniter.php(457): CodeIgniter\CodeIgniter->tryToRouteIt(Object(CodeIgniter\Router\RouteCollection))
 4 SYSTEMPATH/CodeIgniter.php(355): CodeIgniter\CodeIgniter->handleRequest(null, Object(Config\Cache), false)
 5 SYSTEMPATH/Boot.php(325): CodeIgniter\CodeIgniter->run()
 6 SYSTEMPATH/Boot.php(67): CodeIgniter\Boot::runCodeIgniter(Object(CodeIgniter\CodeIgniter))
 7 FCPATH/index.php(56): CodeIgniter\Boot::bootWeb(Object(Config\Paths))
CRITICAL - 2025-02-12 04:21:58 --> ErrorException: Uncaught CodeIgniter\Format\Exceptions\FormatException: Failed to parse JSON string. Error: Malformed UTF-8 characters, possibly incorrectly encoded in /home/casalingenieros/public_html/system/Format/JSONFormatter.php:45
Stack trace:
#0 /home/casalingenieros/public_html/system/Format/JSONFormatter.php(45): CodeIgniter\Format\Exceptions\FormatException::forInvalidJSON('Malformed UTF-8...')
#1 /home/casalingenieros/public_html/system/API/ResponseTrait.php(357): CodeIgniter\Format\JSONFormatter->format(Array)
#2 /home/casalingenieros/public_html/system/API/ResponseTrait.php(103): CodeIgniter\Debug\ExceptionHandler->format(Array)
#3 /home/casalingenieros/public_html/system/Debug/ExceptionHandler.php(83): CodeIgniter\Debug\ExceptionHandler->respond(Array, 400)
#4 /home/casalingenieros/public_html/system/Debug/Exceptions.php(164): CodeIgniter\Debug\ExceptionHandler->handle(Object(CodeIgniter\HTTP\Exceptions\BadRequestException), Object(CodeIgniter\HTTP\IncomingRequest), Object(CodeIgniter\HTTP\Response), 400, 1)
#5 [internal function]: CodeIgniter\Debug\Exceptions->exceptionHandler(Object(CodeIgniter\HTTP\Exceptions\BadRequestException))
#6 {main}
  thrown
ã€Previous Exceptionã€‘
CodeIgniter\HTTP\Exceptions\BadRequestException
The URI you submitted has disallowed characters: "À"
#0 /home/casalingenieros/public_html/system/Router/Router.php(204): CodeIgniter\Router\Router->checkDisallowedChars('\xC0')
#1 /home/casalingenieros/public_html/system/CodeIgniter.php(834): CodeIgniter\Router\Router->handle('\xC0')
#2 /home/casalingenieros/public_html/system/CodeIgniter.php(457): CodeIgniter\CodeIgniter->tryToRouteIt(Object(CodeIgniter\Router\RouteCollection))
#3 /home/casalingenieros/public_html/system/CodeIgniter.php(355): CodeIgniter\CodeIgniter->handleRequest(NULL, Object(Config\Cache), false)
#4 /home/casalingenieros/public_html/system/Boot.php(325): CodeIgniter\CodeIgniter->run()
#5 /home/casalingenieros/public_html/system/Boot.php(67): CodeIgniter\Boot::runCodeIgniter(Object(CodeIgniter\CodeIgniter))
#6 /home/casalingenieros/public_html/index.php(56): CodeIgniter\Boot::bootWeb(Object(Config\Paths))
#7 {main}
[Method: POST, Route: %C0]
in SYSTEMPATH/Format/JSONFormatter.php on line 45.
 1 [internal function]: CodeIgniter\Debug\Exceptions->shutdownHandler()
CRITICAL - 2025-02-12 04:22:23 --> CodeIgniter\HTTP\Exceptions\BadRequestException: The URI you submitted has disallowed characters: "À"
[Method: POST, Route: %C0]
in SYSTEMPATH/Router/Router.php on line 737.
 1 SYSTEMPATH/Router/Router.php(204): CodeIgniter\Router\Router->checkDisallowedChars('À')
 2 SYSTEMPATH/CodeIgniter.php(834): CodeIgniter\Router\Router->handle('À')
 3 SYSTEMPATH/CodeIgniter.php(457): CodeIgniter\CodeIgniter->tryToRouteIt(Object(CodeIgniter\Router\RouteCollection))
 4 SYSTEMPATH/CodeIgniter.php(355): CodeIgniter\CodeIgniter->handleRequest(null, Object(Config\Cache), false)
 5 SYSTEMPATH/Boot.php(325): CodeIgniter\CodeIgniter->run()
 6 SYSTEMPATH/Boot.php(67): CodeIgniter\Boot::runCodeIgniter(Object(CodeIgniter\CodeIgniter))
 7 FCPATH/index.php(56): CodeIgniter\Boot::bootWeb(Object(Config\Paths))
CRITICAL - 2025-02-12 04:22:23 --> ErrorException: Uncaught CodeIgniter\Format\Exceptions\FormatException: Failed to parse JSON string. Error: Malformed UTF-8 characters, possibly incorrectly encoded in /home/casalingenieros/public_html/system/Format/JSONFormatter.php:45
Stack trace:
#0 /home/casalingenieros/public_html/system/Format/JSONFormatter.php(45): CodeIgniter\Format\Exceptions\FormatException::forInvalidJSON('Malformed UTF-8...')
#1 /home/casalingenieros/public_html/system/API/ResponseTrait.php(357): CodeIgniter\Format\JSONFormatter->format(Array)
#2 /home/casalingenieros/public_html/system/API/ResponseTrait.php(103): CodeIgniter\Debug\ExceptionHandler->format(Array)
#3 /home/casalingenieros/public_html/system/Debug/ExceptionHandler.php(83): CodeIgniter\Debug\ExceptionHandler->respond(Array, 400)
#4 /home/casalingenieros/public_html/system/Debug/Exceptions.php(164): CodeIgniter\Debug\ExceptionHandler->handle(Object(CodeIgniter\HTTP\Exceptions\BadRequestException), Object(CodeIgniter\HTTP\IncomingRequest), Object(CodeIgniter\HTTP\Response), 400, 1)
#5 [internal function]: CodeIgniter\Debug\Exceptions->exceptionHandler(Object(CodeIgniter\HTTP\Exceptions\BadRequestException))
#6 {main}
  thrown
ã€Previous Exceptionã€‘
CodeIgniter\HTTP\Exceptions\BadRequestException
The URI you submitted has disallowed characters: "À"
#0 /home/casalingenieros/public_html/system/Router/Router.php(204): CodeIgniter\Router\Router->checkDisallowedChars('\xC0')
#1 /home/casalingenieros/public_html/system/CodeIgniter.php(834): CodeIgniter\Router\Router->handle('\xC0')
#2 /home/casalingenieros/public_html/system/CodeIgniter.php(457): CodeIgniter\CodeIgniter->tryToRouteIt(Object(CodeIgniter\Router\RouteCollection))
#3 /home/casalingenieros/public_html/system/CodeIgniter.php(355): CodeIgniter\CodeIgniter->handleRequest(NULL, Object(Config\Cache), false)
#4 /home/casalingenieros/public_html/system/Boot.php(325): CodeIgniter\CodeIgniter->run()
#5 /home/casalingenieros/public_html/system/Boot.php(67): CodeIgniter\Boot::runCodeIgniter(Object(CodeIgniter\CodeIgniter))
#6 /home/casalingenieros/public_html/index.php(56): CodeIgniter\Boot::bootWeb(Object(Config\Paths))
#7 {main}
[Method: POST, Route: %C0]
in SYSTEMPATH/Format/JSONFormatter.php on line 45.
 1 [internal function]: CodeIgniter\Debug\Exceptions->shutdownHandler()
CRITICAL - 2025-02-12 04:22:39 --> CodeIgniter\HTTP\Exceptions\BadRequestException: The URI you submitted has disallowed characters: "À"
[Method: POST, Route: %C0]
in SYSTEMPATH/Router/Router.php on line 737.
 1 SYSTEMPATH/Router/Router.php(204): CodeIgniter\Router\Router->checkDisallowedChars('À')
 2 SYSTEMPATH/CodeIgniter.php(834): CodeIgniter\Router\Router->handle('À')
 3 SYSTEMPATH/CodeIgniter.php(457): CodeIgniter\CodeIgniter->tryToRouteIt(Object(CodeIgniter\Router\RouteCollection))
 4 SYSTEMPATH/CodeIgniter.php(355): CodeIgniter\CodeIgniter->handleRequest(null, Object(Config\Cache), false)
 5 SYSTEMPATH/Boot.php(325): CodeIgniter\CodeIgniter->run()
 6 SYSTEMPATH/Boot.php(67): CodeIgniter\Boot::runCodeIgniter(Object(CodeIgniter\CodeIgniter))
 7 FCPATH/index.php(56): CodeIgniter\Boot::bootWeb(Object(Config\Paths))
CRITICAL - 2025-02-12 04:22:39 --> ErrorException: Uncaught CodeIgniter\Format\Exceptions\FormatException: Failed to parse JSON string. Error: Malformed UTF-8 characters, possibly incorrectly encoded in /home/casalingenieros/public_html/system/Format/JSONFormatter.php:45
Stack trace:
#0 /home/casalingenieros/public_html/system/Format/JSONFormatter.php(45): CodeIgniter\Format\Exceptions\FormatException::forInvalidJSON('Malformed UTF-8...')
#1 /home/casalingenieros/public_html/system/API/ResponseTrait.php(357): CodeIgniter\Format\JSONFormatter->format(Array)
#2 /home/casalingenieros/public_html/system/API/ResponseTrait.php(103): CodeIgniter\Debug\ExceptionHandler->format(Array)
#3 /home/casalingenieros/public_html/system/Debug/ExceptionHandler.php(83): CodeIgniter\Debug\ExceptionHandler->respond(Array, 400)
#4 /home/casalingenieros/public_html/system/Debug/Exceptions.php(164): CodeIgniter\Debug\ExceptionHandler->handle(Object(CodeIgniter\HTTP\Exceptions\BadRequestException), Object(CodeIgniter\HTTP\IncomingRequest), Object(CodeIgniter\HTTP\Response), 400, 1)
#5 [internal function]: CodeIgniter\Debug\Exceptions->exceptionHandler(Object(CodeIgniter\HTTP\Exceptions\BadRequestException))
#6 {main}
  thrown
ã€Previous Exceptionã€‘
CodeIgniter\HTTP\Exceptions\BadRequestException
The URI you submitted has disallowed characters: "À"
#0 /home/casalingenieros/public_html/system/Router/Router.php(204): CodeIgniter\Router\Router->checkDisallowedChars('\xC0')
#1 /home/casalingenieros/public_html/system/CodeIgniter.php(834): CodeIgniter\Router\Router->handle('\xC0')
#2 /home/casalingenieros/public_html/system/CodeIgniter.php(457): CodeIgniter\CodeIgniter->tryToRouteIt(Object(CodeIgniter\Router\RouteCollection))
#3 /home/casalingenieros/public_html/system/CodeIgniter.php(355): CodeIgniter\CodeIgniter->handleRequest(NULL, Object(Config\Cache), false)
#4 /home/casalingenieros/public_html/system/Boot.php(325): CodeIgniter\CodeIgniter->run()
#5 /home/casalingenieros/public_html/system/Boot.php(67): CodeIgniter\Boot::runCodeIgniter(Object(CodeIgniter\CodeIgniter))
#6 /home/casalingenieros/public_html/index.php(56): CodeIgniter\Boot::bootWeb(Object(Config\Paths))
#7 {main}
[Method: POST, Route: %C0]
in SYSTEMPATH/Format/JSONFormatter.php on line 45.
 1 [internal function]: CodeIgniter\Debug\Exceptions->shutdownHandler()
CRITICAL - 2025-02-12 04:22:52 --> CodeIgniter\HTTP\Exceptions\BadRequestException: The URI you submitted has disallowed characters: "À"
[Method: POST, Route: %C0]
in SYSTEMPATH/Router/Router.php on line 737.
 1 SYSTEMPATH/Router/Router.php(204): CodeIgniter\Router\Router->checkDisallowedChars('À')
 2 SYSTEMPATH/CodeIgniter.php(834): CodeIgniter\Router\Router->handle('À')
 3 SYSTEMPATH/CodeIgniter.php(457): CodeIgniter\CodeIgniter->tryToRouteIt(Object(CodeIgniter\Router\RouteCollection))
 4 SYSTEMPATH/CodeIgniter.php(355): CodeIgniter\CodeIgniter->handleRequest(null, Object(Config\Cache), false)
 5 SYSTEMPATH/Boot.php(325): CodeIgniter\CodeIgniter->run()
 6 SYSTEMPATH/Boot.php(67): CodeIgniter\Boot::runCodeIgniter(Object(CodeIgniter\CodeIgniter))
 7 FCPATH/index.php(56): CodeIgniter\Boot::bootWeb(Object(Config\Paths))
CRITICAL - 2025-02-12 04:22:52 --> ErrorException: Uncaught CodeIgniter\Format\Exceptions\FormatException: Failed to parse JSON string. Error: Malformed UTF-8 characters, possibly incorrectly encoded in /home/casalingenieros/public_html/system/Format/JSONFormatter.php:45
Stack trace:
#0 /home/casalingenieros/public_html/system/Format/JSONFormatter.php(45): CodeIgniter\Format\Exceptions\FormatException::forInvalidJSON('Malformed UTF-8...')
#1 /home/casalingenieros/public_html/system/API/ResponseTrait.php(357): CodeIgniter\Format\JSONFormatter->format(Array)
#2 /home/casalingenieros/public_html/system/API/ResponseTrait.php(103): CodeIgniter\Debug\ExceptionHandler->format(Array)
#3 /home/casalingenieros/public_html/system/Debug/ExceptionHandler.php(83): CodeIgniter\Debug\ExceptionHandler->respond(Array, 400)
#4 /home/casalingenieros/public_html/system/Debug/Exceptions.php(164): CodeIgniter\Debug\ExceptionHandler->handle(Object(CodeIgniter\HTTP\Exceptions\BadRequestException), Object(CodeIgniter\HTTP\IncomingRequest), Object(CodeIgniter\HTTP\Response), 400, 1)
#5 [internal function]: CodeIgniter\Debug\Exceptions->exceptionHandler(Object(CodeIgniter\HTTP\Exceptions\BadRequestException))
#6 {main}
  thrown
ã€Previous Exceptionã€‘
CodeIgniter\HTTP\Exceptions\BadRequestException
The URI you submitted has disallowed characters: "À"
#0 /home/casalingenieros/public_html/system/Router/Router.php(204): CodeIgniter\Router\Router->checkDisallowedChars('\xC0')
#1 /home/casalingenieros/public_html/system/CodeIgniter.php(834): CodeIgniter\Router\Router->handle('\xC0')
#2 /home/casalingenieros/public_html/system/CodeIgniter.php(457): CodeIgniter\CodeIgniter->tryToRouteIt(Object(CodeIgniter\Router\RouteCollection))
#3 /home/casalingenieros/public_html/system/CodeIgniter.php(355): CodeIgniter\CodeIgniter->handleRequest(NULL, Object(Config\Cache), false)
#4 /home/casalingenieros/public_html/system/Boot.php(325): CodeIgniter\CodeIgniter->run()
#5 /home/casalingenieros/public_html/system/Boot.php(67): CodeIgniter\Boot::runCodeIgniter(Object(CodeIgniter\CodeIgniter))
#6 /home/casalingenieros/public_html/index.php(56): CodeIgniter\Boot::bootWeb(Object(Config\Paths))
#7 {main}
[Method: POST, Route: %C0]
in SYSTEMPATH/Format/JSONFormatter.php on line 45.
 1 [internal function]: CodeIgniter\Debug\Exceptions->shutdownHandler()
CRITICAL - 2025-02-12 04:23:11 --> CodeIgniter\HTTP\Exceptions\BadRequestException: The URI you submitted has disallowed characters: "À"
[Method: POST, Route: %C0]
in SYSTEMPATH/Router/Router.php on line 737.
 1 SYSTEMPATH/Router/Router.php(204): CodeIgniter\Router\Router->checkDisallowedChars('À')
 2 SYSTEMPATH/CodeIgniter.php(834): CodeIgniter\Router\Router->handle('À')
 3 SYSTEMPATH/CodeIgniter.php(457): CodeIgniter\CodeIgniter->tryToRouteIt(Object(CodeIgniter\Router\RouteCollection))
 4 SYSTEMPATH/CodeIgniter.php(355): CodeIgniter\CodeIgniter->handleRequest(null, Object(Config\Cache), false)
 5 SYSTEMPATH/Boot.php(325): CodeIgniter\CodeIgniter->run()
 6 SYSTEMPATH/Boot.php(67): CodeIgniter\Boot::runCodeIgniter(Object(CodeIgniter\CodeIgniter))
 7 FCPATH/index.php(56): CodeIgniter\Boot::bootWeb(Object(Config\Paths))
CRITICAL - 2025-02-12 04:23:11 --> ErrorException: Uncaught CodeIgniter\Format\Exceptions\FormatException: Failed to parse JSON string. Error: Malformed UTF-8 characters, possibly incorrectly encoded in /home/casalingenieros/public_html/system/Format/JSONFormatter.php:45
Stack trace:
#0 /home/casalingenieros/public_html/system/Format/JSONFormatter.php(45): CodeIgniter\Format\Exceptions\FormatException::forInvalidJSON('Malformed UTF-8...')
#1 /home/casalingenieros/public_html/system/API/ResponseTrait.php(357): CodeIgniter\Format\JSONFormatter->format(Array)
#2 /home/casalingenieros/public_html/system/API/ResponseTrait.php(103): CodeIgniter\Debug\ExceptionHandler->format(Array)
#3 /home/casalingenieros/public_html/system/Debug/ExceptionHandler.php(83): CodeIgniter\Debug\ExceptionHandler->respond(Array, 400)
#4 /home/casalingenieros/public_html/system/Debug/Exceptions.php(164): CodeIgniter\Debug\ExceptionHandler->handle(Object(CodeIgniter\HTTP\Exceptions\BadRequestException), Object(CodeIgniter\HTTP\IncomingRequest), Object(CodeIgniter\HTTP\Response), 400, 1)
#5 [internal function]: CodeIgniter\Debug\Exceptions->exceptionHandler(Object(CodeIgniter\HTTP\Exceptions\BadRequestException))
#6 {main}
  thrown
ã€Previous Exceptionã€‘
CodeIgniter\HTTP\Exceptions\BadRequestException
The URI you submitted has disallowed characters: "À"
#0 /home/casalingenieros/public_html/system/Router/Router.php(204): CodeIgniter\Router\Router->checkDisallowedChars('\xC0')
#1 /home/casalingenieros/public_html/system/CodeIgniter.php(834): CodeIgniter\Router\Router->handle('\xC0')
#2 /home/casalingenieros/public_html/system/CodeIgniter.php(457): CodeIgniter\CodeIgniter->tryToRouteIt(Object(CodeIgniter\Router\RouteCollection))
#3 /home/casalingenieros/public_html/system/CodeIgniter.php(355): CodeIgniter\CodeIgniter->handleRequest(NULL, Object(Config\Cache), false)
#4 /home/casalingenieros/public_html/system/Boot.php(325): CodeIgniter\CodeIgniter->run()
#5 /home/casalingenieros/public_html/system/Boot.php(67): CodeIgniter\Boot::runCodeIgniter(Object(CodeIgniter\CodeIgniter))
#6 /home/casalingenieros/public_html/index.php(56): CodeIgniter\Boot::bootWeb(Object(Config\Paths))
#7 {main}
[Method: POST, Route: %C0]
in SYSTEMPATH/Format/JSONFormatter.php on line 45.
 1 [internal function]: CodeIgniter\Debug\Exceptions->shutdownHandler()
CRITICAL - 2025-02-12 04:23:30 --> CodeIgniter\HTTP\Exceptions\BadRequestException: The URI you submitted has disallowed characters: "À"
[Method: POST, Route: %C0]
in SYSTEMPATH/Router/Router.php on line 737.
 1 SYSTEMPATH/Router/Router.php(204): CodeIgniter\Router\Router->checkDisallowedChars('À')
 2 SYSTEMPATH/CodeIgniter.php(834): CodeIgniter\Router\Router->handle('À')
 3 SYSTEMPATH/CodeIgniter.php(457): CodeIgniter\CodeIgniter->tryToRouteIt(Object(CodeIgniter\Router\RouteCollection))
 4 SYSTEMPATH/CodeIgniter.php(355): CodeIgniter\CodeIgniter->handleRequest(null, Object(Config\Cache), false)
 5 SYSTEMPATH/Boot.php(325): CodeIgniter\CodeIgniter->run()
 6 SYSTEMPATH/Boot.php(67): CodeIgniter\Boot::runCodeIgniter(Object(CodeIgniter\CodeIgniter))
 7 FCPATH/index.php(56): CodeIgniter\Boot::bootWeb(Object(Config\Paths))
CRITICAL - 2025-02-12 04:23:30 --> ErrorException: Uncaught CodeIgniter\Format\Exceptions\FormatException: Failed to parse JSON string. Error: Malformed UTF-8 characters, possibly incorrectly encoded in /home/casalingenieros/public_html/system/Format/JSONFormatter.php:45
Stack trace:
#0 /home/casalingenieros/public_html/system/Format/JSONFormatter.php(45): CodeIgniter\Format\Exceptions\FormatException::forInvalidJSON('Malformed UTF-8...')
#1 /home/casalingenieros/public_html/system/API/ResponseTrait.php(357): CodeIgniter\Format\JSONFormatter->format(Array)
#2 /home/casalingenieros/public_html/system/API/ResponseTrait.php(103): CodeIgniter\Debug\ExceptionHandler->format(Array)
#3 /home/casalingenieros/public_html/system/Debug/ExceptionHandler.php(83): CodeIgniter\Debug\ExceptionHandler->respond(Array, 400)
#4 /home/casalingenieros/public_html/system/Debug/Exceptions.php(164): CodeIgniter\Debug\ExceptionHandler->handle(Object(CodeIgniter\HTTP\Exceptions\BadRequestException), Object(CodeIgniter\HTTP\IncomingRequest), Object(CodeIgniter\HTTP\Response), 400, 1)
#5 [internal function]: CodeIgniter\Debug\Exceptions->exceptionHandler(Object(CodeIgniter\HTTP\Exceptions\BadRequestException))
#6 {main}
  thrown
ã€Previous Exceptionã€‘
CodeIgniter\HTTP\Exceptions\BadRequestException
The URI you submitted has disallowed characters: "À"
#0 /home/casalingenieros/public_html/system/Router/Router.php(204): CodeIgniter\Router\Router->checkDisallowedChars('\xC0')
#1 /home/casalingenieros/public_html/system/CodeIgniter.php(834): CodeIgniter\Router\Router->handle('\xC0')
#2 /home/casalingenieros/public_html/system/CodeIgniter.php(457): CodeIgniter\CodeIgniter->tryToRouteIt(Object(CodeIgniter\Router\RouteCollection))
#3 /home/casalingenieros/public_html/system/CodeIgniter.php(355): CodeIgniter\CodeIgniter->handleRequest(NULL, Object(Config\Cache), false)
#4 /home/casalingenieros/public_html/system/Boot.php(325): CodeIgniter\CodeIgniter->run()
#5 /home/casalingenieros/public_html/system/Boot.php(67): CodeIgniter\Boot::runCodeIgniter(Object(CodeIgniter\CodeIgniter))
#6 /home/casalingenieros/public_html/index.php(56): CodeIgniter\Boot::bootWeb(Object(Config\Paths))
#7 {main}
[Method: POST, Route: %C0]
in SYSTEMPATH/Format/JSONFormatter.php on line 45.
 1 [internal function]: CodeIgniter\Debug\Exceptions->shutdownHandler()
CRITICAL - 2025-02-12 04:24:02 --> CodeIgniter\HTTP\Exceptions\BadRequestException: The URI you submitted has disallowed characters: "À"
[Method: POST, Route: %C0]
in SYSTEMPATH/Router/Router.php on line 737.
 1 SYSTEMPATH/Router/Router.php(204): CodeIgniter\Router\Router->checkDisallowedChars('À')
 2 SYSTEMPATH/CodeIgniter.php(834): CodeIgniter\Router\Router->handle('À')
 3 SYSTEMPATH/CodeIgniter.php(457): CodeIgniter\CodeIgniter->tryToRouteIt(Object(CodeIgniter\Router\RouteCollection))
 4 SYSTEMPATH/CodeIgniter.php(355): CodeIgniter\CodeIgniter->handleRequest(null, Object(Config\Cache), false)
 5 SYSTEMPATH/Boot.php(325): CodeIgniter\CodeIgniter->run()
 6 SYSTEMPATH/Boot.php(67): CodeIgniter\Boot::runCodeIgniter(Object(CodeIgniter\CodeIgniter))
 7 FCPATH/index.php(56): CodeIgniter\Boot::bootWeb(Object(Config\Paths))
CRITICAL - 2025-02-12 04:24:02 --> ErrorException: Uncaught CodeIgniter\Format\Exceptions\FormatException: Failed to parse JSON string. Error: Malformed UTF-8 characters, possibly incorrectly encoded in /home/casalingenieros/public_html/system/Format/JSONFormatter.php:45
Stack trace:
#0 /home/casalingenieros/public_html/system/Format/JSONFormatter.php(45): CodeIgniter\Format\Exceptions\FormatException::forInvalidJSON('Malformed UTF-8...')
#1 /home/casalingenieros/public_html/system/API/ResponseTrait.php(357): CodeIgniter\Format\JSONFormatter->format(Array)
#2 /home/casalingenieros/public_html/system/API/ResponseTrait.php(103): CodeIgniter\Debug\ExceptionHandler->format(Array)
#3 /home/casalingenieros/public_html/system/Debug/ExceptionHandler.php(83): CodeIgniter\Debug\ExceptionHandler->respond(Array, 400)
#4 /home/casalingenieros/public_html/system/Debug/Exceptions.php(164): CodeIgniter\Debug\ExceptionHandler->handle(Object(CodeIgniter\HTTP\Exceptions\BadRequestException), Object(CodeIgniter\HTTP\IncomingRequest), Object(CodeIgniter\HTTP\Response), 400, 1)
#5 [internal function]: CodeIgniter\Debug\Exceptions->exceptionHandler(Object(CodeIgniter\HTTP\Exceptions\BadRequestException))
#6 {main}
  thrown
ã€Previous Exceptionã€‘
CodeIgniter\HTTP\Exceptions\BadRequestException
The URI you submitted has disallowed characters: "À"
#0 /home/casalingenieros/public_html/system/Router/Router.php(204): CodeIgniter\Router\Router->checkDisallowedChars('\xC0')
#1 /home/casalingenieros/public_html/system/CodeIgniter.php(834): CodeIgniter\Router\Router->handle('\xC0')
#2 /home/casalingenieros/public_html/system/CodeIgniter.php(457): CodeIgniter\CodeIgniter->tryToRouteIt(Object(CodeIgniter\Router\RouteCollection))
#3 /home/casalingenieros/public_html/system/CodeIgniter.php(355): CodeIgniter\CodeIgniter->handleRequest(NULL, Object(Config\Cache), false)
#4 /home/casalingenieros/public_html/system/Boot.php(325): CodeIgniter\CodeIgniter->run()
#5 /home/casalingenieros/public_html/system/Boot.php(67): CodeIgniter\Boot::runCodeIgniter(Object(CodeIgniter\CodeIgniter))
#6 /home/casalingenieros/public_html/index.php(56): CodeIgniter\Boot::bootWeb(Object(Config\Paths))
#7 {main}
[Method: POST, Route: %C0]
in SYSTEMPATH/Format/JSONFormatter.php on line 45.
 1 [internal function]: CodeIgniter\Debug\Exceptions->shutdownHandler()
CRITICAL - 2025-02-12 04:24:19 --> CodeIgniter\HTTP\Exceptions\BadRequestException: The URI you submitted has disallowed characters: "À"
[Method: POST, Route: %C0]
in SYSTEMPATH/Router/Router.php on line 737.
 1 SYSTEMPATH/Router/Router.php(204): CodeIgniter\Router\Router->checkDisallowedChars('À')
 2 SYSTEMPATH/CodeIgniter.php(834): CodeIgniter\Router\Router->handle('À')
 3 SYSTEMPATH/CodeIgniter.php(457): CodeIgniter\CodeIgniter->tryToRouteIt(Object(CodeIgniter\Router\RouteCollection))
 4 SYSTEMPATH/CodeIgniter.php(355): CodeIgniter\CodeIgniter->handleRequest(null, Object(Config\Cache), false)
 5 SYSTEMPATH/Boot.php(325): CodeIgniter\CodeIgniter->run()
 6 SYSTEMPATH/Boot.php(67): CodeIgniter\Boot::runCodeIgniter(Object(CodeIgniter\CodeIgniter))
 7 FCPATH/index.php(56): CodeIgniter\Boot::bootWeb(Object(Config\Paths))
CRITICAL - 2025-02-12 04:24:19 --> ErrorException: Uncaught CodeIgniter\Format\Exceptions\FormatException: Failed to parse JSON string. Error: Malformed UTF-8 characters, possibly incorrectly encoded in /home/casalingenieros/public_html/system/Format/JSONFormatter.php:45
Stack trace:
#0 /home/casalingenieros/public_html/system/Format/JSONFormatter.php(45): CodeIgniter\Format\Exceptions\FormatException::forInvalidJSON('Malformed UTF-8...')
#1 /home/casalingenieros/public_html/system/API/ResponseTrait.php(357): CodeIgniter\Format\JSONFormatter->format(Array)
#2 /home/casalingenieros/public_html/system/API/ResponseTrait.php(103): CodeIgniter\Debug\ExceptionHandler->format(Array)
#3 /home/casalingenieros/public_html/system/Debug/ExceptionHandler.php(83): CodeIgniter\Debug\ExceptionHandler->respond(Array, 400)
#4 /home/casalingenieros/public_html/system/Debug/Exceptions.php(164): CodeIgniter\Debug\ExceptionHandler->handle(Object(CodeIgniter\HTTP\Exceptions\BadRequestException), Object(CodeIgniter\HTTP\IncomingRequest), Object(CodeIgniter\HTTP\Response), 400, 1)
#5 [internal function]: CodeIgniter\Debug\Exceptions->exceptionHandler(Object(CodeIgniter\HTTP\Exceptions\BadRequestException))
#6 {main}
  thrown
ã€Previous Exceptionã€‘
CodeIgniter\HTTP\Exceptions\BadRequestException
The URI you submitted has disallowed characters: "À"
#0 /home/casalingenieros/public_html/system/Router/Router.php(204): CodeIgniter\Router\Router->checkDisallowedChars('\xC0')
#1 /home/casalingenieros/public_html/system/CodeIgniter.php(834): CodeIgniter\Router\Router->handle('\xC0')
#2 /home/casalingenieros/public_html/system/CodeIgniter.php(457): CodeIgniter\CodeIgniter->tryToRouteIt(Object(CodeIgniter\Router\RouteCollection))
#3 /home/casalingenieros/public_html/system/CodeIgniter.php(355): CodeIgniter\CodeIgniter->handleRequest(NULL, Object(Config\Cache), false)
#4 /home/casalingenieros/public_html/system/Boot.php(325): CodeIgniter\CodeIgniter->run()
#5 /home/casalingenieros/public_html/system/Boot.php(67): CodeIgniter\Boot::runCodeIgniter(Object(CodeIgniter\CodeIgniter))
#6 /home/casalingenieros/public_html/index.php(56): CodeIgniter\Boot::bootWeb(Object(Config\Paths))
#7 {main}
[Method: POST, Route: %C0]
in SYSTEMPATH/Format/JSONFormatter.php on line 45.
 1 [internal function]: CodeIgniter\Debug\Exceptions->shutdownHandler()
CRITICAL - 2025-02-12 04:24:35 --> CodeIgniter\HTTP\Exceptions\BadRequestException: The URI you submitted has disallowed characters: "À"
[Method: POST, Route: %C0]
in SYSTEMPATH/Router/Router.php on line 737.
 1 SYSTEMPATH/Router/Router.php(204): CodeIgniter\Router\Router->checkDisallowedChars('À')
 2 SYSTEMPATH/CodeIgniter.php(834): CodeIgniter\Router\Router->handle('À')
 3 SYSTEMPATH/CodeIgniter.php(457): CodeIgniter\CodeIgniter->tryToRouteIt(Object(CodeIgniter\Router\RouteCollection))
 4 SYSTEMPATH/CodeIgniter.php(355): CodeIgniter\CodeIgniter->handleRequest(null, Object(Config\Cache), false)
 5 SYSTEMPATH/Boot.php(325): CodeIgniter\CodeIgniter->run()
 6 SYSTEMPATH/Boot.php(67): CodeIgniter\Boot::runCodeIgniter(Object(CodeIgniter\CodeIgniter))
 7 FCPATH/index.php(56): CodeIgniter\Boot::bootWeb(Object(Config\Paths))
CRITICAL - 2025-02-12 04:24:35 --> ErrorException: Uncaught CodeIgniter\Format\Exceptions\FormatException: Failed to parse JSON string. Error: Malformed UTF-8 characters, possibly incorrectly encoded in /home/casalingenieros/public_html/system/Format/JSONFormatter.php:45
Stack trace:
#0 /home/casalingenieros/public_html/system/Format/JSONFormatter.php(45): CodeIgniter\Format\Exceptions\FormatException::forInvalidJSON('Malformed UTF-8...')
#1 /home/casalingenieros/public_html/system/API/ResponseTrait.php(357): CodeIgniter\Format\JSONFormatter->format(Array)
#2 /home/casalingenieros/public_html/system/API/ResponseTrait.php(103): CodeIgniter\Debug\ExceptionHandler->format(Array)
#3 /home/casalingenieros/public_html/system/Debug/ExceptionHandler.php(83): CodeIgniter\Debug\ExceptionHandler->respond(Array, 400)
#4 /home/casalingenieros/public_html/system/Debug/Exceptions.php(164): CodeIgniter\Debug\ExceptionHandler->handle(Object(CodeIgniter\HTTP\Exceptions\BadRequestException), Object(CodeIgniter\HTTP\IncomingRequest), Object(CodeIgniter\HTTP\Response), 400, 1)
#5 [internal function]: CodeIgniter\Debug\Exceptions->exceptionHandler(Object(CodeIgniter\HTTP\Exceptions\BadRequestException))
#6 {main}
  thrown
ã€Previous Exceptionã€‘
CodeIgniter\HTTP\Exceptions\BadRequestException
The URI you submitted has disallowed characters: "À"
#0 /home/casalingenieros/public_html/system/Router/Router.php(204): CodeIgniter\Router\Router->checkDisallowedChars('\xC0')
#1 /home/casalingenieros/public_html/system/CodeIgniter.php(834): CodeIgniter\Router\Router->handle('\xC0')
#2 /home/casalingenieros/public_html/system/CodeIgniter.php(457): CodeIgniter\CodeIgniter->tryToRouteIt(Object(CodeIgniter\Router\RouteCollection))
#3 /home/casalingenieros/public_html/system/CodeIgniter.php(355): CodeIgniter\CodeIgniter->handleRequest(NULL, Object(Config\Cache), false)
#4 /home/casalingenieros/public_html/system/Boot.php(325): CodeIgniter\CodeIgniter->run()
#5 /home/casalingenieros/public_html/system/Boot.php(67): CodeIgniter\Boot::runCodeIgniter(Object(CodeIgniter\CodeIgniter))
#6 /home/casalingenieros/public_html/index.php(56): CodeIgniter\Boot::bootWeb(Object(Config\Paths))
#7 {main}
[Method: POST, Route: %C0]
in SYSTEMPATH/Format/JSONFormatter.php on line 45.
 1 [internal function]: CodeIgniter\Debug\Exceptions->shutdownHandler()
CRITICAL - 2025-02-12 04:25:09 --> CodeIgniter\HTTP\Exceptions\BadRequestException: The URI you submitted has disallowed characters: "À"
[Method: POST, Route: %C0]
in SYSTEMPATH/Router/Router.php on line 737.
 1 SYSTEMPATH/Router/Router.php(204): CodeIgniter\Router\Router->checkDisallowedChars('À')
 2 SYSTEMPATH/CodeIgniter.php(834): CodeIgniter\Router\Router->handle('À')
 3 SYSTEMPATH/CodeIgniter.php(457): CodeIgniter\CodeIgniter->tryToRouteIt(Object(CodeIgniter\Router\RouteCollection))
 4 SYSTEMPATH/CodeIgniter.php(355): CodeIgniter\CodeIgniter->handleRequest(null, Object(Config\Cache), false)
 5 SYSTEMPATH/Boot.php(325): CodeIgniter\CodeIgniter->run()
 6 SYSTEMPATH/Boot.php(67): CodeIgniter\Boot::runCodeIgniter(Object(CodeIgniter\CodeIgniter))
 7 FCPATH/index.php(56): CodeIgniter\Boot::bootWeb(Object(Config\Paths))
CRITICAL - 2025-02-12 04:25:09 --> ErrorException: Uncaught CodeIgniter\Format\Exceptions\FormatException: Failed to parse JSON string. Error: Malformed UTF-8 characters, possibly incorrectly encoded in /home/casalingenieros/public_html/system/Format/JSONFormatter.php:45
Stack trace:
#0 /home/casalingenieros/public_html/system/Format/JSONFormatter.php(45): CodeIgniter\Format\Exceptions\FormatException::forInvalidJSON('Malformed UTF-8...')
#1 /home/casalingenieros/public_html/system/API/ResponseTrait.php(357): CodeIgniter\Format\JSONFormatter->format(Array)
#2 /home/casalingenieros/public_html/system/API/ResponseTrait.php(103): CodeIgniter\Debug\ExceptionHandler->format(Array)
#3 /home/casalingenieros/public_html/system/Debug/ExceptionHandler.php(83): CodeIgniter\Debug\ExceptionHandler->respond(Array, 400)
#4 /home/casalingenieros/public_html/system/Debug/Exceptions.php(164): CodeIgniter\Debug\ExceptionHandler->handle(Object(CodeIgniter\HTTP\Exceptions\BadRequestException), Object(CodeIgniter\HTTP\IncomingRequest), Object(CodeIgniter\HTTP\Response), 400, 1)
#5 [internal function]: CodeIgniter\Debug\Exceptions->exceptionHandler(Object(CodeIgniter\HTTP\Exceptions\BadRequestException))
#6 {main}
  thrown
ã€Previous Exceptionã€‘
CodeIgniter\HTTP\Exceptions\BadRequestException
The URI you submitted has disallowed characters: "À"
#0 /home/casalingenieros/public_html/system/Router/Router.php(204): CodeIgniter\Router\Router->checkDisallowedChars('\xC0')
#1 /home/casalingenieros/public_html/system/CodeIgniter.php(834): CodeIgniter\Router\Router->handle('\xC0')
#2 /home/casalingenieros/public_html/system/CodeIgniter.php(457): CodeIgniter\CodeIgniter->tryToRouteIt(Object(CodeIgniter\Router\RouteCollection))
#3 /home/casalingenieros/public_html/system/CodeIgniter.php(355): CodeIgniter\CodeIgniter->handleRequest(NULL, Object(Config\Cache), false)
#4 /home/casalingenieros/public_html/system/Boot.php(325): CodeIgniter\CodeIgniter->run()
#5 /home/casalingenieros/public_html/system/Boot.php(67): CodeIgniter\Boot::runCodeIgniter(Object(CodeIgniter\CodeIgniter))
#6 /home/casalingenieros/public_html/index.php(56): CodeIgniter\Boot::bootWeb(Object(Config\Paths))
#7 {main}
[Method: POST, Route: %C0]
in SYSTEMPATH/Format/JSONFormatter.php on line 45.
 1 [internal function]: CodeIgniter\Debug\Exceptions->shutdownHandler()
CRITICAL - 2025-02-12 04:25:25 --> CodeIgniter\HTTP\Exceptions\BadRequestException: The URI you submitted has disallowed characters: "À"
[Method: POST, Route: %C0]
in SYSTEMPATH/Router/Router.php on line 737.
 1 SYSTEMPATH/Router/Router.php(204): CodeIgniter\Router\Router->checkDisallowedChars('À')
 2 SYSTEMPATH/CodeIgniter.php(834): CodeIgniter\Router\Router->handle('À')
 3 SYSTEMPATH/CodeIgniter.php(457): CodeIgniter\CodeIgniter->tryToRouteIt(Object(CodeIgniter\Router\RouteCollection))
 4 SYSTEMPATH/CodeIgniter.php(355): CodeIgniter\CodeIgniter->handleRequest(null, Object(Config\Cache), false)
 5 SYSTEMPATH/Boot.php(325): CodeIgniter\CodeIgniter->run()
 6 SYSTEMPATH/Boot.php(67): CodeIgniter\Boot::runCodeIgniter(Object(CodeIgniter\CodeIgniter))
 7 FCPATH/index.php(56): CodeIgniter\Boot::bootWeb(Object(Config\Paths))
CRITICAL - 2025-02-12 04:25:25 --> ErrorException: Uncaught CodeIgniter\Format\Exceptions\FormatException: Failed to parse JSON string. Error: Malformed UTF-8 characters, possibly incorrectly encoded in /home/casalingenieros/public_html/system/Format/JSONFormatter.php:45
Stack trace:
#0 /home/casalingenieros/public_html/system/Format/JSONFormatter.php(45): CodeIgniter\Format\Exceptions\FormatException::forInvalidJSON('Malformed UTF-8...')
#1 /home/casalingenieros/public_html/system/API/ResponseTrait.php(357): CodeIgniter\Format\JSONFormatter->format(Array)
#2 /home/casalingenieros/public_html/system/API/ResponseTrait.php(103): CodeIgniter\Debug\ExceptionHandler->format(Array)
#3 /home/casalingenieros/public_html/system/Debug/ExceptionHandler.php(83): CodeIgniter\Debug\ExceptionHandler->respond(Array, 400)
#4 /home/casalingenieros/public_html/system/Debug/Exceptions.php(164): CodeIgniter\Debug\ExceptionHandler->handle(Object(CodeIgniter\HTTP\Exceptions\BadRequestException), Object(CodeIgniter\HTTP\IncomingRequest), Object(CodeIgniter\HTTP\Response), 400, 1)
#5 [internal function]: CodeIgniter\Debug\Exceptions->exceptionHandler(Object(CodeIgniter\HTTP\Exceptions\BadRequestException))
#6 {main}
  thrown
ã€Previous Exceptionã€‘
CodeIgniter\HTTP\Exceptions\BadRequestException
The URI you submitted has disallowed characters: "À"
#0 /home/casalingenieros/public_html/system/Router/Router.php(204): CodeIgniter\Router\Router->checkDisallowedChars('\xC0')
#1 /home/casalingenieros/public_html/system/CodeIgniter.php(834): CodeIgniter\Router\Router->handle('\xC0')
#2 /home/casalingenieros/public_html/system/CodeIgniter.php(457): CodeIgniter\CodeIgniter->tryToRouteIt(Object(CodeIgniter\Router\RouteCollection))
#3 /home/casalingenieros/public_html/system/CodeIgniter.php(355): CodeIgniter\CodeIgniter->handleRequest(NULL, Object(Config\Cache), false)
#4 /home/casalingenieros/public_html/system/Boot.php(325): CodeIgniter\CodeIgniter->run()
#5 /home/casalingenieros/public_html/system/Boot.php(67): CodeIgniter\Boot::runCodeIgniter(Object(CodeIgniter\CodeIgniter))
#6 /home/casalingenieros/public_html/index.php(56): CodeIgniter\Boot::bootWeb(Object(Config\Paths))
#7 {main}
[Method: POST, Route: %C0]
in SYSTEMPATH/Format/JSONFormatter.php on line 45.
 1 [internal function]: CodeIgniter\Debug\Exceptions->shutdownHandler()
CRITICAL - 2025-02-12 04:25:42 --> CodeIgniter\HTTP\Exceptions\BadRequestException: The URI you submitted has disallowed characters: "À"
[Method: POST, Route: %C0]
in SYSTEMPATH/Router/Router.php on line 737.
 1 SYSTEMPATH/Router/Router.php(204): CodeIgniter\Router\Router->checkDisallowedChars('À')
 2 SYSTEMPATH/CodeIgniter.php(834): CodeIgniter\Router\Router->handle('À')
 3 SYSTEMPATH/CodeIgniter.php(457): CodeIgniter\CodeIgniter->tryToRouteIt(Object(CodeIgniter\Router\RouteCollection))
 4 SYSTEMPATH/CodeIgniter.php(355): CodeIgniter\CodeIgniter->handleRequest(null, Object(Config\Cache), false)
 5 SYSTEMPATH/Boot.php(325): CodeIgniter\CodeIgniter->run()
 6 SYSTEMPATH/Boot.php(67): CodeIgniter\Boot::runCodeIgniter(Object(CodeIgniter\CodeIgniter))
 7 FCPATH/index.php(56): CodeIgniter\Boot::bootWeb(Object(Config\Paths))
CRITICAL - 2025-02-12 04:25:42 --> ErrorException: Uncaught CodeIgniter\Format\Exceptions\FormatException: Failed to parse JSON string. Error: Malformed UTF-8 characters, possibly incorrectly encoded in /home/casalingenieros/public_html/system/Format/JSONFormatter.php:45
Stack trace:
#0 /home/casalingenieros/public_html/system/Format/JSONFormatter.php(45): CodeIgniter\Format\Exceptions\FormatException::forInvalidJSON('Malformed UTF-8...')
#1 /home/casalingenieros/public_html/system/API/ResponseTrait.php(357): CodeIgniter\Format\JSONFormatter->format(Array)
#2 /home/casalingenieros/public_html/system/API/ResponseTrait.php(103): CodeIgniter\Debug\ExceptionHandler->format(Array)
#3 /home/casalingenieros/public_html/system/Debug/ExceptionHandler.php(83): CodeIgniter\Debug\ExceptionHandler->respond(Array, 400)
#4 /home/casalingenieros/public_html/system/Debug/Exceptions.php(164): CodeIgniter\Debug\ExceptionHandler->handle(Object(CodeIgniter\HTTP\Exceptions\BadRequestException), Object(CodeIgniter\HTTP\IncomingRequest), Object(CodeIgniter\HTTP\Response), 400, 1)
#5 [internal function]: CodeIgniter\Debug\Exceptions->exceptionHandler(Object(CodeIgniter\HTTP\Exceptions\BadRequestException))
#6 {main}
  thrown
ã€Previous Exceptionã€‘
CodeIgniter\HTTP\Exceptions\BadRequestException
The URI you submitted has disallowed characters: "À"
#0 /home/casalingenieros/public_html/system/Router/Router.php(204): CodeIgniter\Router\Router->checkDisallowedChars('\xC0')
#1 /home/casalingenieros/public_html/system/CodeIgniter.php(834): CodeIgniter\Router\Router->handle('\xC0')
#2 /home/casalingenieros/public_html/system/CodeIgniter.php(457): CodeIgniter\CodeIgniter->tryToRouteIt(Object(CodeIgniter\Router\RouteCollection))
#3 /home/casalingenieros/public_html/system/CodeIgniter.php(355): CodeIgniter\CodeIgniter->handleRequest(NULL, Object(Config\Cache), false)
#4 /home/casalingenieros/public_html/system/Boot.php(325): CodeIgniter\CodeIgniter->run()
#5 /home/casalingenieros/public_html/system/Boot.php(67): CodeIgniter\Boot::runCodeIgniter(Object(CodeIgniter\CodeIgniter))
#6 /home/casalingenieros/public_html/index.php(56): CodeIgniter\Boot::bootWeb(Object(Config\Paths))
#7 {main}
[Method: POST, Route: %C0]
in SYSTEMPATH/Format/JSONFormatter.php on line 45.
 1 [internal function]: CodeIgniter\Debug\Exceptions->shutdownHandler()
CRITICAL - 2025-02-12 04:25:58 --> CodeIgniter\HTTP\Exceptions\BadRequestException: The URI you submitted has disallowed characters: "À"
[Method: POST, Route: %C0]
in SYSTEMPATH/Router/Router.php on line 737.
 1 SYSTEMPATH/Router/Router.php(204): CodeIgniter\Router\Router->checkDisallowedChars('À')
 2 SYSTEMPATH/CodeIgniter.php(834): CodeIgniter\Router\Router->handle('À')
 3 SYSTEMPATH/CodeIgniter.php(457): CodeIgniter\CodeIgniter->tryToRouteIt(Object(CodeIgniter\Router\RouteCollection))
 4 SYSTEMPATH/CodeIgniter.php(355): CodeIgniter\CodeIgniter->handleRequest(null, Object(Config\Cache), false)
 5 SYSTEMPATH/Boot.php(325): CodeIgniter\CodeIgniter->run()
 6 SYSTEMPATH/Boot.php(67): CodeIgniter\Boot::runCodeIgniter(Object(CodeIgniter\CodeIgniter))
 7 FCPATH/index.php(56): CodeIgniter\Boot::bootWeb(Object(Config\Paths))
CRITICAL - 2025-02-12 04:25:58 --> ErrorException: Uncaught CodeIgniter\Format\Exceptions\FormatException: Failed to parse JSON string. Error: Malformed UTF-8 characters, possibly incorrectly encoded in /home/casalingenieros/public_html/system/Format/JSONFormatter.php:45
Stack trace:
#0 /home/casalingenieros/public_html/system/Format/JSONFormatter.php(45): CodeIgniter\Format\Exceptions\FormatException::forInvalidJSON('Malformed UTF-8...')
#1 /home/casalingenieros/public_html/system/API/ResponseTrait.php(357): CodeIgniter\Format\JSONFormatter->format(Array)
#2 /home/casalingenieros/public_html/system/API/ResponseTrait.php(103): CodeIgniter\Debug\ExceptionHandler->format(Array)
#3 /home/casalingenieros/public_html/system/Debug/ExceptionHandler.php(83): CodeIgniter\Debug\ExceptionHandler->respond(Array, 400)
#4 /home/casalingenieros/public_html/system/Debug/Exceptions.php(164): CodeIgniter\Debug\ExceptionHandler->handle(Object(CodeIgniter\HTTP\Exceptions\BadRequestException), Object(CodeIgniter\HTTP\IncomingRequest), Object(CodeIgniter\HTTP\Response), 400, 1)
#5 [internal function]: CodeIgniter\Debug\Exceptions->exceptionHandler(Object(CodeIgniter\HTTP\Exceptions\BadRequestException))
#6 {main}
  thrown
ã€Previous Exceptionã€‘
CodeIgniter\HTTP\Exceptions\BadRequestException
The URI you submitted has disallowed characters: "À"
#0 /home/casalingenieros/public_html/system/Router/Router.php(204): CodeIgniter\Router\Router->checkDisallowedChars('\xC0')
#1 /home/casalingenieros/public_html/system/CodeIgniter.php(834): CodeIgniter\Router\Router->handle('\xC0')
#2 /home/casalingenieros/public_html/system/CodeIgniter.php(457): CodeIgniter\CodeIgniter->tryToRouteIt(Object(CodeIgniter\Router\RouteCollection))
#3 /home/casalingenieros/public_html/system/CodeIgniter.php(355): CodeIgniter\CodeIgniter->handleRequest(NULL, Object(Config\Cache), false)
#4 /home/casalingenieros/public_html/system/Boot.php(325): CodeIgniter\CodeIgniter->run()
#5 /home/casalingenieros/public_html/system/Boot.php(67): CodeIgniter\Boot::runCodeIgniter(Object(CodeIgniter\CodeIgniter))
#6 /home/casalingenieros/public_html/index.php(56): CodeIgniter\Boot::bootWeb(Object(Config\Paths))
#7 {main}
[Method: POST, Route: %C0]
in SYSTEMPATH/Format/JSONFormatter.php on line 45.
 1 [internal function]: CodeIgniter\Debug\Exceptions->shutdownHandler()
CRITICAL - 2025-02-12 04:26:25 --> CodeIgniter\HTTP\Exceptions\BadRequestException: The URI you submitted has disallowed characters: "À"
[Method: POST, Route: %C0]
in SYSTEMPATH/Router/Router.php on line 737.
 1 SYSTEMPATH/Router/Router.php(204): CodeIgniter\Router\Router->checkDisallowedChars('À')
 2 SYSTEMPATH/CodeIgniter.php(834): CodeIgniter\Router\Router->handle('À')
 3 SYSTEMPATH/CodeIgniter.php(457): CodeIgniter\CodeIgniter->tryToRouteIt(Object(CodeIgniter\Router\RouteCollection))
 4 SYSTEMPATH/CodeIgniter.php(355): CodeIgniter\CodeIgniter->handleRequest(null, Object(Config\Cache), false)
 5 SYSTEMPATH/Boot.php(325): CodeIgniter\CodeIgniter->run()
 6 SYSTEMPATH/Boot.php(67): CodeIgniter\Boot::runCodeIgniter(Object(CodeIgniter\CodeIgniter))
 7 FCPATH/index.php(56): CodeIgniter\Boot::bootWeb(Object(Config\Paths))
CRITICAL - 2025-02-12 04:26:25 --> ErrorException: Uncaught CodeIgniter\Format\Exceptions\FormatException: Failed to parse JSON string. Error: Malformed UTF-8 characters, possibly incorrectly encoded in /home/casalingenieros/public_html/system/Format/JSONFormatter.php:45
Stack trace:
#0 /home/casalingenieros/public_html/system/Format/JSONFormatter.php(45): CodeIgniter\Format\Exceptions\FormatException::forInvalidJSON('Malformed UTF-8...')
#1 /home/casalingenieros/public_html/system/API/ResponseTrait.php(357): CodeIgniter\Format\JSONFormatter->format(Array)
#2 /home/casalingenieros/public_html/system/API/ResponseTrait.php(103): CodeIgniter\Debug\ExceptionHandler->format(Array)
#3 /home/casalingenieros/public_html/system/Debug/ExceptionHandler.php(83): CodeIgniter\Debug\ExceptionHandler->respond(Array, 400)
#4 /home/casalingenieros/public_html/system/Debug/Exceptions.php(164): CodeIgniter\Debug\ExceptionHandler->handle(Object(CodeIgniter\HTTP\Exceptions\BadRequestException), Object(CodeIgniter\HTTP\IncomingRequest), Object(CodeIgniter\HTTP\Response), 400, 1)
#5 [internal function]: CodeIgniter\Debug\Exceptions->exceptionHandler(Object(CodeIgniter\HTTP\Exceptions\BadRequestException))
#6 {main}
  thrown
ã€Previous Exceptionã€‘
CodeIgniter\HTTP\Exceptions\BadRequestException
The URI you submitted has disallowed characters: "À"
#0 /home/casalingenieros/public_html/system/Router/Router.php(204): CodeIgniter\Router\Router->checkDisallowedChars('\xC0')
#1 /home/casalingenieros/public_html/system/CodeIgniter.php(834): CodeIgniter\Router\Router->handle('\xC0')
#2 /home/casalingenieros/public_html/system/CodeIgniter.php(457): CodeIgniter\CodeIgniter->tryToRouteIt(Object(CodeIgniter\Router\RouteCollection))
#3 /home/casalingenieros/public_html/system/CodeIgniter.php(355): CodeIgniter\CodeIgniter->handleRequest(NULL, Object(Config\Cache), false)
#4 /home/casalingenieros/public_html/system/Boot.php(325): CodeIgniter\CodeIgniter->run()
#5 /home/casalingenieros/public_html/system/Boot.php(67): CodeIgniter\Boot::runCodeIgniter(Object(CodeIgniter\CodeIgniter))
#6 /home/casalingenieros/public_html/index.php(56): CodeIgniter\Boot::bootWeb(Object(Config\Paths))
#7 {main}
[Method: POST, Route: %C0]
in SYSTEMPATH/Format/JSONFormatter.php on line 45.
 1 [internal function]: CodeIgniter\Debug\Exceptions->shutdownHandler()
CRITICAL - 2025-02-12 04:26:46 --> CodeIgniter\HTTP\Exceptions\BadRequestException: The URI you submitted has disallowed characters: "À"
[Method: POST, Route: %C0]
in SYSTEMPATH/Router/Router.php on line 737.
 1 SYSTEMPATH/Router/Router.php(204): CodeIgniter\Router\Router->checkDisallowedChars('À')
 2 SYSTEMPATH/CodeIgniter.php(834): CodeIgniter\Router\Router->handle('À')
 3 SYSTEMPATH/CodeIgniter.php(457): CodeIgniter\CodeIgniter->tryToRouteIt(Object(CodeIgniter\Router\RouteCollection))
 4 SYSTEMPATH/CodeIgniter.php(355): CodeIgniter\CodeIgniter->handleRequest(null, Object(Config\Cache), false)
 5 SYSTEMPATH/Boot.php(325): CodeIgniter\CodeIgniter->run()
 6 SYSTEMPATH/Boot.php(67): CodeIgniter\Boot::runCodeIgniter(Object(CodeIgniter\CodeIgniter))
 7 FCPATH/index.php(56): CodeIgniter\Boot::bootWeb(Object(Config\Paths))
CRITICAL - 2025-02-12 04:26:46 --> ErrorException: Uncaught CodeIgniter\Format\Exceptions\FormatException: Failed to parse JSON string. Error: Malformed UTF-8 characters, possibly incorrectly encoded in /home/casalingenieros/public_html/system/Format/JSONFormatter.php:45
Stack trace:
#0 /home/casalingenieros/public_html/system/Format/JSONFormatter.php(45): CodeIgniter\Format\Exceptions\FormatException::forInvalidJSON('Malformed UTF-8...')
#1 /home/casalingenieros/public_html/system/API/ResponseTrait.php(357): CodeIgniter\Format\JSONFormatter->format(Array)
#2 /home/casalingenieros/public_html/system/API/ResponseTrait.php(103): CodeIgniter\Debug\ExceptionHandler->format(Array)
#3 /home/casalingenieros/public_html/system/Debug/ExceptionHandler.php(83): CodeIgniter\Debug\ExceptionHandler->respond(Array, 400)
#4 /home/casalingenieros/public_html/system/Debug/Exceptions.php(164): CodeIgniter\Debug\ExceptionHandler->handle(Object(CodeIgniter\HTTP\Exceptions\BadRequestException), Object(CodeIgniter\HTTP\IncomingRequest), Object(CodeIgniter\HTTP\Response), 400, 1)
#5 [internal function]: CodeIgniter\Debug\Exceptions->exceptionHandler(Object(CodeIgniter\HTTP\Exceptions\BadRequestException))
#6 {main}
  thrown
ã€Previous Exceptionã€‘
CodeIgniter\HTTP\Exceptions\BadRequestException
The URI you submitted has disallowed characters: "À"
#0 /home/casalingenieros/public_html/system/Router/Router.php(204): CodeIgniter\Router\Router->checkDisallowedChars('\xC0')
#1 /home/casalingenieros/public_html/system/CodeIgniter.php(834): CodeIgniter\Router\Router->handle('\xC0')
#2 /home/casalingenieros/public_html/system/CodeIgniter.php(457): CodeIgniter\CodeIgniter->tryToRouteIt(Object(CodeIgniter\Router\RouteCollection))
#3 /home/casalingenieros/public_html/system/CodeIgniter.php(355): CodeIgniter\CodeIgniter->handleRequest(NULL, Object(Config\Cache), false)
#4 /home/casalingenieros/public_html/system/Boot.php(325): CodeIgniter\CodeIgniter->run()
#5 /home/casalingenieros/public_html/system/Boot.php(67): CodeIgniter\Boot::runCodeIgniter(Object(CodeIgniter\CodeIgniter))
#6 /home/casalingenieros/public_html/index.php(56): CodeIgniter\Boot::bootWeb(Object(Config\Paths))
#7 {main}
[Method: POST, Route: %C0]
in SYSTEMPATH/Format/JSONFormatter.php on line 45.
 1 [internal function]: CodeIgniter\Debug\Exceptions->shutdownHandler()
CRITICAL - 2025-02-12 04:27:20 --> CodeIgniter\HTTP\Exceptions\BadRequestException: The URI you submitted has disallowed characters: "À"
[Method: POST, Route: %C0]
in SYSTEMPATH/Router/Router.php on line 737.
 1 SYSTEMPATH/Router/Router.php(204): CodeIgniter\Router\Router->checkDisallowedChars('À')
 2 SYSTEMPATH/CodeIgniter.php(834): CodeIgniter\Router\Router->handle('À')
 3 SYSTEMPATH/CodeIgniter.php(457): CodeIgniter\CodeIgniter->tryToRouteIt(Object(CodeIgniter\Router\RouteCollection))
 4 SYSTEMPATH/CodeIgniter.php(355): CodeIgniter\CodeIgniter->handleRequest(null, Object(Config\Cache), false)
 5 SYSTEMPATH/Boot.php(325): CodeIgniter\CodeIgniter->run()
 6 SYSTEMPATH/Boot.php(67): CodeIgniter\Boot::runCodeIgniter(Object(CodeIgniter\CodeIgniter))
 7 FCPATH/index.php(56): CodeIgniter\Boot::bootWeb(Object(Config\Paths))
CRITICAL - 2025-02-12 04:27:20 --> ErrorException: Uncaught CodeIgniter\Format\Exceptions\FormatException: Failed to parse JSON string. Error: Malformed UTF-8 characters, possibly incorrectly encoded in /home/casalingenieros/public_html/system/Format/JSONFormatter.php:45
Stack trace:
#0 /home/casalingenieros/public_html/system/Format/JSONFormatter.php(45): CodeIgniter\Format\Exceptions\FormatException::forInvalidJSON('Malformed UTF-8...')
#1 /home/casalingenieros/public_html/system/API/ResponseTrait.php(357): CodeIgniter\Format\JSONFormatter->format(Array)
#2 /home/casalingenieros/public_html/system/API/ResponseTrait.php(103): CodeIgniter\Debug\ExceptionHandler->format(Array)
#3 /home/casalingenieros/public_html/system/Debug/ExceptionHandler.php(83): CodeIgniter\Debug\ExceptionHandler->respond(Array, 400)
#4 /home/casalingenieros/public_html/system/Debug/Exceptions.php(164): CodeIgniter\Debug\ExceptionHandler->handle(Object(CodeIgniter\HTTP\Exceptions\BadRequestException), Object(CodeIgniter\HTTP\IncomingRequest), Object(CodeIgniter\HTTP\Response), 400, 1)
#5 [internal function]: CodeIgniter\Debug\Exceptions->exceptionHandler(Object(CodeIgniter\HTTP\Exceptions\BadRequestException))
#6 {main}
  thrown
ã€Previous Exceptionã€‘
CodeIgniter\HTTP\Exceptions\BadRequestException
The URI you submitted has disallowed characters: "À"
#0 /home/casalingenieros/public_html/system/Router/Router.php(204): CodeIgniter\Router\Router->checkDisallowedChars('\xC0')
#1 /home/casalingenieros/public_html/system/CodeIgniter.php(834): CodeIgniter\Router\Router->handle('\xC0')
#2 /home/casalingenieros/public_html/system/CodeIgniter.php(457): CodeIgniter\CodeIgniter->tryToRouteIt(Object(CodeIgniter\Router\RouteCollection))
#3 /home/casalingenieros/public_html/system/CodeIgniter.php(355): CodeIgniter\CodeIgniter->handleRequest(NULL, Object(Config\Cache), false)
#4 /home/casalingenieros/public_html/system/Boot.php(325): CodeIgniter\CodeIgniter->run()
#5 /home/casalingenieros/public_html/system/Boot.php(67): CodeIgniter\Boot::runCodeIgniter(Object(CodeIgniter\CodeIgniter))
#6 /home/casalingenieros/public_html/index.php(56): CodeIgniter\Boot::bootWeb(Object(Config\Paths))
#7 {main}
[Method: POST, Route: %C0]
in SYSTEMPATH/Format/JSONFormatter.php on line 45.
 1 [internal function]: CodeIgniter\Debug\Exceptions->shutdownHandler()
INFO - 2025-02-12 04:31:56 --> Session: Class initialized using 'CodeIgniter\Session\Handlers\FileHandler' driver.
INFO - 2025-02-12 05:03:19 --> Session: Class initialized using 'CodeIgniter\Session\Handlers\FileHandler' driver.
INFO - 2025-02-12 07:48:57 --> Session: Class initialized using 'CodeIgniter\Session\Handlers\FileHandler' driver.
INFO - 2025-02-12 08:24:04 --> Session: Class initialized using 'CodeIgniter\Session\Handlers\FileHandler' driver.
INFO - 2025-02-12 08:42:52 --> Session: Class initialized using 'CodeIgniter\Session\Handlers\FileHandler' driver.
INFO - 2025-02-12 08:48:27 --> Session: Class initialized using 'CodeIgniter\Session\Handlers\FileHandler' driver.
INFO - 2025-02-12 08:53:01 --> Session: Class initialized using 'CodeIgniter\Session\Handlers\FileHandler' driver.
INFO - 2025-02-12 08:53:03 --> Session: Class initialized using 'CodeIgniter\Session\Handlers\FileHandler' driver.
INFO - 2025-02-12 10:10:35 --> Session: Class initialized using 'CodeIgniter\Session\Handlers\FileHandler' driver.
INFO - 2025-02-12 10:10:41 --> Session: Class initialized using 'CodeIgniter\Session\Handlers\FileHandler' driver.
INFO - 2025-02-12 10:11:04 --> Session: Class initialized using 'CodeIgniter\Session\Handlers\FileHandler' driver.
INFO - 2025-02-12 10:11:06 --> Session: Class initialized using 'CodeIgniter\Session\Handlers\FileHandler' driver.
INFO - 2025-02-12 10:11:06 --> Session: Class initialized using 'CodeIgniter\Session\Handlers\FileHandler' driver.
INFO - 2025-02-12 10:11:06 --> Session: Class initialized using 'CodeIgniter\Session\Handlers\FileHandler' driver.
INFO - 2025-02-12 10:11:06 --> Session: Class initialized using 'CodeIgniter\Session\Handlers\FileHandler' driver.
INFO - 2025-02-12 10:11:11 --> Session: Class initialized using 'CodeIgniter\Session\Handlers\FileHandler' driver.
INFO - 2025-02-12 10:11:14 --> Session: Class initialized using 'CodeIgniter\Session\Handlers\FileHandler' driver.
INFO - 2025-02-12 10:11:15 --> Session: Class initialized using 'CodeIgniter\Session\Handlers\FileHandler' driver.
INFO - 2025-02-12 10:11:16 --> Session: Class initialized using 'CodeIgniter\Session\Handlers\FileHandler' driver.
INFO - 2025-02-12 10:11:19 --> Session: Class initialized using 'CodeIgniter\Session\Handlers\FileHandler' driver.
INFO - 2025-02-12 10:11:19 --> Session: Class initialized using 'CodeIgniter\Session\Handlers\FileHandler' driver.
INFO - 2025-02-12 10:11:40 --> Session: Class initialized using 'CodeIgniter\Session\Handlers\FileHandler' driver.
INFO - 2025-02-12 10:11:40 --> Session: Class initialized using 'CodeIgniter\Session\Handlers\FileHandler' driver.
INFO - 2025-02-12 10:11:42 --> Session: Class initialized using 'CodeIgniter\Session\Handlers\FileHandler' driver.
INFO - 2025-02-12 10:11:43 --> Session: Class initialized using 'CodeIgniter\Session\Handlers\FileHandler' driver.
INFO - 2025-02-12 10:11:49 --> Session: Class initialized using 'CodeIgniter\Session\Handlers\FileHandler' driver.
INFO - 2025-02-12 10:11:50 --> Session: Class initialized using 'CodeIgniter\Session\Handlers\FileHandler' driver.
INFO - 2025-02-12 10:11:54 --> Session: Class initialized using 'CodeIgniter\Session\Handlers\FileHandler' driver.
INFO - 2025-02-12 10:11:55 --> Session: Class initialized using 'CodeIgniter\Session\Handlers\FileHandler' driver.
INFO - 2025-02-12 10:11:58 --> Session: Class initialized using 'CodeIgniter\Session\Handlers\FileHandler' driver.
INFO - 2025-02-12 10:11:59 --> Session: Class initialized using 'CodeIgniter\Session\Handlers\FileHandler' driver.
INFO - 2025-02-12 10:11:59 --> Session: Class initialized using 'CodeIgniter\Session\Handlers\FileHandler' driver.
INFO - 2025-02-12 10:11:59 --> Session: Class initialized using 'CodeIgniter\Session\Handlers\FileHandler' driver.
INFO - 2025-02-12 10:12:02 --> Session: Class initialized using 'CodeIgniter\Session\Handlers\FileHandler' driver.
INFO - 2025-02-12 10:12:02 --> Session: Class initialized using 'CodeIgniter\Session\Handlers\FileHandler' driver.
INFO - 2025-02-12 10:12:03 --> Session: Class initialized using 'CodeIgniter\Session\Handlers\FileHandler' driver.
INFO - 2025-02-12 10:12:03 --> Session: Class initialized using 'CodeIgniter\Session\Handlers\FileHandler' driver.
INFO - 2025-02-12 10:12:06 --> Session: Class initialized using 'CodeIgniter\Session\Handlers\FileHandler' driver.
INFO - 2025-02-12 10:12:06 --> Session: Class initialized using 'CodeIgniter\Session\Handlers\FileHandler' driver.
INFO - 2025-02-12 10:12:07 --> Session: Class initialized using 'CodeIgniter\Session\Handlers\FileHandler' driver.
INFO - 2025-02-12 10:12:07 --> Session: Class initialized using 'CodeIgniter\Session\Handlers\FileHandler' driver.
INFO - 2025-02-12 10:12:08 --> Session: Class initialized using 'CodeIgniter\Session\Handlers\FileHandler' driver.
INFO - 2025-02-12 10:12:09 --> Session: Class initialized using 'CodeIgniter\Session\Handlers\FileHandler' driver.
INFO - 2025-02-12 10:12:09 --> Session: Class initialized using 'CodeIgniter\Session\Handlers\FileHandler' driver.
INFO - 2025-02-12 10:12:10 --> Session: Class initialized using 'CodeIgniter\Session\Handlers\FileHandler' driver.
INFO - 2025-02-12 10:12:14 --> Session: Class initialized using 'CodeIgniter\Session\Handlers\FileHandler' driver.
INFO - 2025-02-12 10:12:15 --> Session: Class initialized using 'CodeIgniter\Session\Handlers\FileHandler' driver.
INFO - 2025-02-12 10:12:15 --> Session: Class initialized using 'CodeIgniter\Session\Handlers\FileHandler' driver.
INFO - 2025-02-12 10:12:16 --> Session: Class initialized using 'CodeIgniter\Session\Handlers\FileHandler' driver.
INFO - 2025-02-12 10:12:18 --> Session: Class initialized using 'CodeIgniter\Session\Handlers\FileHandler' driver.
INFO - 2025-02-12 10:12:19 --> Session: Class initialized using 'CodeIgniter\Session\Handlers\FileHandler' driver.
INFO - 2025-02-12 10:12:19 --> Session: Class initialized using 'CodeIgniter\Session\Handlers\FileHandler' driver.
INFO - 2025-02-12 10:12:20 --> Session: Class initialized using 'CodeIgniter\Session\Handlers\FileHandler' driver.
INFO - 2025-02-12 10:12:22 --> Session: Class initialized using 'CodeIgniter\Session\Handlers\FileHandler' driver.
INFO - 2025-02-12 10:12:22 --> Session: Class initialized using 'CodeIgniter\Session\Handlers\FileHandler' driver.
INFO - 2025-02-12 10:12:22 --> Session: Class initialized using 'CodeIgniter\Session\Handlers\FileHandler' driver.
INFO - 2025-02-12 10:12:23 --> Session: Class initialized using 'CodeIgniter\Session\Handlers\FileHandler' driver.
INFO - 2025-02-12 10:12:24 --> Session: Class initialized using 'CodeIgniter\Session\Handlers\FileHandler' driver.
INFO - 2025-02-12 10:12:24 --> Session: Class initialized using 'CodeIgniter\Session\Handlers\FileHandler' driver.
INFO - 2025-02-12 10:12:25 --> Session: Class initialized using 'CodeIgniter\Session\Handlers\FileHandler' driver.
INFO - 2025-02-12 10:12:25 --> Session: Class initialized using 'CodeIgniter\Session\Handlers\FileHandler' driver.
INFO - 2025-02-12 10:12:25 --> Session: Class initialized using 'CodeIgniter\Session\Handlers\FileHandler' driver.
INFO - 2025-02-12 10:12:26 --> Session: Class initialized using 'CodeIgniter\Session\Handlers\FileHandler' driver.
INFO - 2025-02-12 10:12:26 --> Session: Class initialized using 'CodeIgniter\Session\Handlers\FileHandler' driver.
INFO - 2025-02-12 10:12:26 --> Session: Class initialized using 'CodeIgniter\Session\Handlers\FileHandler' driver.
INFO - 2025-02-12 10:12:29 --> Session: Class initialized using 'CodeIgniter\Session\Handlers\FileHandler' driver.
INFO - 2025-02-12 10:12:30 --> Session: Class initialized using 'CodeIgniter\Session\Handlers\FileHandler' driver.
INFO - 2025-02-12 10:12:31 --> Session: Class initialized using 'CodeIgniter\Session\Handlers\FileHandler' driver.
INFO - 2025-02-12 10:12:32 --> Session: Class initialized using 'CodeIgniter\Session\Handlers\FileHandler' driver.
INFO - 2025-02-12 10:12:37 --> Session: Class initialized using 'CodeIgniter\Session\Handlers\FileHandler' driver.
INFO - 2025-02-12 10:12:38 --> Session: Class initialized using 'CodeIgniter\Session\Handlers\FileHandler' driver.
INFO - 2025-02-12 10:12:38 --> Session: Class initialized using 'CodeIgniter\Session\Handlers\FileHandler' driver.
INFO - 2025-02-12 10:12:38 --> Session: Class initialized using 'CodeIgniter\Session\Handlers\FileHandler' driver.
INFO - 2025-02-12 10:12:43 --> Session: Class initialized using 'CodeIgniter\Session\Handlers\FileHandler' driver.
INFO - 2025-02-12 10:12:44 --> Session: Class initialized using 'CodeIgniter\Session\Handlers\FileHandler' driver.
INFO - 2025-02-12 10:12:46 --> Session: Class initialized using 'CodeIgniter\Session\Handlers\FileHandler' driver.
INFO - 2025-02-12 10:12:47 --> Session: Class initialized using 'CodeIgniter\Session\Handlers\FileHandler' driver.
INFO - 2025-02-12 10:12:49 --> Session: Class initialized using 'CodeIgniter\Session\Handlers\FileHandler' driver.
INFO - 2025-02-12 10:12:50 --> Session: Class initialized using 'CodeIgniter\Session\Handlers\FileHandler' driver.
INFO - 2025-02-12 10:12:51 --> Session: Class initialized using 'CodeIgniter\Session\Handlers\FileHandler' driver.
INFO - 2025-02-12 10:12:52 --> Session: Class initialized using 'CodeIgniter\Session\Handlers\FileHandler' driver.
INFO - 2025-02-12 10:12:58 --> Session: Class initialized using 'CodeIgniter\Session\Handlers\FileHandler' driver.
INFO - 2025-02-12 10:12:59 --> Session: Class initialized using 'CodeIgniter\Session\Handlers\FileHandler' driver.
INFO - 2025-02-12 10:12:59 --> Session: Class initialized using 'CodeIgniter\Session\Handlers\FileHandler' driver.
INFO - 2025-02-12 10:13:00 --> Session: Class initialized using 'CodeIgniter\Session\Handlers\FileHandler' driver.
INFO - 2025-02-12 10:13:01 --> Session: Class initialized using 'CodeIgniter\Session\Handlers\FileHandler' driver.
INFO - 2025-02-12 10:13:02 --> Session: Class initialized using 'CodeIgniter\Session\Handlers\FileHandler' driver.
INFO - 2025-02-12 10:13:02 --> Session: Class initialized using 'CodeIgniter\Session\Handlers\FileHandler' driver.
INFO - 2025-02-12 10:13:03 --> Session: Class initialized using 'CodeIgniter\Session\Handlers\FileHandler' driver.
INFO - 2025-02-12 10:13:06 --> Session: Class initialized using 'CodeIgniter\Session\Handlers\FileHandler' driver.
INFO - 2025-02-12 10:13:06 --> Session: Class initialized using 'CodeIgniter\Session\Handlers\FileHandler' driver.
INFO - 2025-02-12 10:13:06 --> Session: Class initialized using 'CodeIgniter\Session\Handlers\FileHandler' driver.
INFO - 2025-02-12 10:13:07 --> Session: Class initialized using 'CodeIgniter\Session\Handlers\FileHandler' driver.
INFO - 2025-02-12 10:13:09 --> Session: Class initialized using 'CodeIgniter\Session\Handlers\FileHandler' driver.
INFO - 2025-02-12 10:13:09 --> Session: Class initialized using 'CodeIgniter\Session\Handlers\FileHandler' driver.
INFO - 2025-02-12 10:13:10 --> Session: Class initialized using 'CodeIgniter\Session\Handlers\FileHandler' driver.
INFO - 2025-02-12 10:13:10 --> Session: Class initialized using 'CodeIgniter\Session\Handlers\FileHandler' driver.
INFO - 2025-02-12 10:13:13 --> Session: Class initialized using 'CodeIgniter\Session\Handlers\FileHandler' driver.
INFO - 2025-02-12 10:13:14 --> Session: Class initialized using 'CodeIgniter\Session\Handlers\FileHandler' driver.
INFO - 2025-02-12 10:13:15 --> Session: Class initialized using 'CodeIgniter\Session\Handlers\FileHandler' driver.
INFO - 2025-02-12 10:13:15 --> Session: Class initialized using 'CodeIgniter\Session\Handlers\FileHandler' driver.
INFO - 2025-02-12 10:13:17 --> Session: Class initialized using 'CodeIgniter\Session\Handlers\FileHandler' driver.
INFO - 2025-02-12 10:13:17 --> Session: Class initialized using 'CodeIgniter\Session\Handlers\FileHandler' driver.
INFO - 2025-02-12 10:13:19 --> Session: Class initialized using 'CodeIgniter\Session\Handlers\FileHandler' driver.
INFO - 2025-02-12 10:13:20 --> Session: Class initialized using 'CodeIgniter\Session\Handlers\FileHandler' driver.
INFO - 2025-02-12 10:13:24 --> Session: Class initialized using 'CodeIgniter\Session\Handlers\FileHandler' driver.
INFO - 2025-02-12 10:13:24 --> Session: Class initialized using 'CodeIgniter\Session\Handlers\FileHandler' driver.
INFO - 2025-02-12 10:13:27 --> Session: Class initialized using 'CodeIgniter\Session\Handlers\FileHandler' driver.
INFO - 2025-02-12 10:13:28 --> Session: Class initialized using 'CodeIgniter\Session\Handlers\FileHandler' driver.
INFO - 2025-02-12 10:13:30 --> Session: Class initialized using 'CodeIgniter\Session\Handlers\FileHandler' driver.
INFO - 2025-02-12 10:13:30 --> Session: Class initialized using 'CodeIgniter\Session\Handlers\FileHandler' driver.
INFO - 2025-02-12 10:13:32 --> Session: Class initialized using 'CodeIgniter\Session\Handlers\FileHandler' driver.
INFO - 2025-02-12 10:13:33 --> Session: Class initialized using 'CodeIgniter\Session\Handlers\FileHandler' driver.
INFO - 2025-02-12 10:13:39 --> Session: Class initialized using 'CodeIgniter\Session\Handlers\FileHandler' driver.
INFO - 2025-02-12 10:13:39 --> Session: Class initialized using 'CodeIgniter\Session\Handlers\FileHandler' driver.
INFO - 2025-02-12 10:13:44 --> Session: Class initialized using 'CodeIgniter\Session\Handlers\FileHandler' driver.
INFO - 2025-02-12 10:13:44 --> Session: Class initialized using 'CodeIgniter\Session\Handlers\FileHandler' driver.
INFO - 2025-02-12 10:13:49 --> Session: Class initialized using 'CodeIgniter\Session\Handlers\FileHandler' driver.
INFO - 2025-02-12 10:13:50 --> Session: Class initialized using 'CodeIgniter\Session\Handlers\FileHandler' driver.
INFO - 2025-02-12 10:13:50 --> Session: Class initialized using 'CodeIgniter\Session\Handlers\FileHandler' driver.
INFO - 2025-02-12 10:13:51 --> Session: Class initialized using 'CodeIgniter\Session\Handlers\FileHandler' driver.
INFO - 2025-02-12 10:13:53 --> Session: Class initialized using 'CodeIgniter\Session\Handlers\FileHandler' driver.
INFO - 2025-02-12 10:13:53 --> Session: Class initialized using 'CodeIgniter\Session\Handlers\FileHandler' driver.
INFO - 2025-02-12 10:13:54 --> Session: Class initialized using 'CodeIgniter\Session\Handlers\FileHandler' driver.
INFO - 2025-02-12 10:13:54 --> Session: Class initialized using 'CodeIgniter\Session\Handlers\FileHandler' driver.
INFO - 2025-02-12 10:13:56 --> Session: Class initialized using 'CodeIgniter\Session\Handlers\FileHandler' driver.
INFO - 2025-02-12 10:13:57 --> Session: Class initialized using 'CodeIgniter\Session\Handlers\FileHandler' driver.
INFO - 2025-02-12 10:13:57 --> Session: Class initialized using 'CodeIgniter\Session\Handlers\FileHandler' driver.
INFO - 2025-02-12 10:13:57 --> Session: Class initialized using 'CodeIgniter\Session\Handlers\FileHandler' driver.
INFO - 2025-02-12 10:14:02 --> Session: Class initialized using 'CodeIgniter\Session\Handlers\FileHandler' driver.
INFO - 2025-02-12 10:14:02 --> Session: Class initialized using 'CodeIgniter\Session\Handlers\FileHandler' driver.
INFO - 2025-02-12 10:14:03 --> Session: Class initialized using 'CodeIgniter\Session\Handlers\FileHandler' driver.
INFO - 2025-02-12 10:14:03 --> Session: Class initialized using 'CodeIgniter\Session\Handlers\FileHandler' driver.
INFO - 2025-02-12 10:14:06 --> Session: Class initialized using 'CodeIgniter\Session\Handlers\FileHandler' driver.
INFO - 2025-02-12 10:14:07 --> Session: Class initialized using 'CodeIgniter\Session\Handlers\FileHandler' driver.
INFO - 2025-02-12 10:14:07 --> Session: Class initialized using 'CodeIgniter\Session\Handlers\FileHandler' driver.
INFO - 2025-02-12 10:14:08 --> Session: Class initialized using 'CodeIgniter\Session\Handlers\FileHandler' driver.
INFO - 2025-02-12 10:14:10 --> Session: Class initialized using 'CodeIgniter\Session\Handlers\FileHandler' driver.
INFO - 2025-02-12 10:14:10 --> Session: Class initialized using 'CodeIgniter\Session\Handlers\FileHandler' driver.
INFO - 2025-02-12 10:14:11 --> Session: Class initialized using 'CodeIgniter\Session\Handlers\FileHandler' driver.
INFO - 2025-02-12 10:14:11 --> Session: Class initialized using 'CodeIgniter\Session\Handlers\FileHandler' driver.
INFO - 2025-02-12 10:14:12 --> Session: Class initialized using 'CodeIgniter\Session\Handlers\FileHandler' driver.
INFO - 2025-02-12 10:14:13 --> Session: Class initialized using 'CodeIgniter\Session\Handlers\FileHandler' driver.
INFO - 2025-02-12 10:14:13 --> Session: Class initialized using 'CodeIgniter\Session\Handlers\FileHandler' driver.
INFO - 2025-02-12 10:14:14 --> Session: Class initialized using 'CodeIgniter\Session\Handlers\FileHandler' driver.
INFO - 2025-02-12 10:14:17 --> Session: Class initialized using 'CodeIgniter\Session\Handlers\FileHandler' driver.
INFO - 2025-02-12 10:14:18 --> Session: Class initialized using 'CodeIgniter\Session\Handlers\FileHandler' driver.
INFO - 2025-02-12 10:14:19 --> Session: Class initialized using 'CodeIgniter\Session\Handlers\FileHandler' driver.
INFO - 2025-02-12 10:14:19 --> Session: Class initialized using 'CodeIgniter\Session\Handlers\FileHandler' driver.
INFO - 2025-02-12 10:14:21 --> Session: Class initialized using 'CodeIgniter\Session\Handlers\FileHandler' driver.
INFO - 2025-02-12 10:14:21 --> Session: Class initialized using 'CodeIgniter\Session\Handlers\FileHandler' driver.
INFO - 2025-02-12 10:14:21 --> Session: Class initialized using 'CodeIgniter\Session\Handlers\FileHandler' driver.
INFO - 2025-02-12 10:14:22 --> Session: Class initialized using 'CodeIgniter\Session\Handlers\FileHandler' driver.
INFO - 2025-02-12 10:14:23 --> Session: Class initialized using 'CodeIgniter\Session\Handlers\FileHandler' driver.
INFO - 2025-02-12 10:14:24 --> Session: Class initialized using 'CodeIgniter\Session\Handlers\FileHandler' driver.
INFO - 2025-02-12 10:14:24 --> Session: Class initialized using 'CodeIgniter\Session\Handlers\FileHandler' driver.
INFO - 2025-02-12 10:14:24 --> Session: Class initialized using 'CodeIgniter\Session\Handlers\FileHandler' driver.
INFO - 2025-02-12 10:14:25 --> Session: Class initialized using 'CodeIgniter\Session\Handlers\FileHandler' driver.
INFO - 2025-02-12 10:14:25 --> Session: Class initialized using 'CodeIgniter\Session\Handlers\FileHandler' driver.
INFO - 2025-02-12 10:14:26 --> Session: Class initialized using 'CodeIgniter\Session\Handlers\FileHandler' driver.
INFO - 2025-02-12 10:14:26 --> Session: Class initialized using 'CodeIgniter\Session\Handlers\FileHandler' driver.
INFO - 2025-02-12 10:14:28 --> Session: Class initialized using 'CodeIgniter\Session\Handlers\FileHandler' driver.
INFO - 2025-02-12 10:14:29 --> Session: Class initialized using 'CodeIgniter\Session\Handlers\FileHandler' driver.
INFO - 2025-02-12 10:14:29 --> Session: Class initialized using 'CodeIgniter\Session\Handlers\FileHandler' driver.
INFO - 2025-02-12 10:14:29 --> Session: Class initialized using 'CodeIgniter\Session\Handlers\FileHandler' driver.
INFO - 2025-02-12 10:14:32 --> Session: Class initialized using 'CodeIgniter\Session\Handlers\FileHandler' driver.
INFO - 2025-02-12 10:14:32 --> Session: Class initialized using 'CodeIgniter\Session\Handlers\FileHandler' driver.
INFO - 2025-02-12 10:14:33 --> Session: Class initialized using 'CodeIgniter\Session\Handlers\FileHandler' driver.
INFO - 2025-02-12 10:14:34 --> Session: Class initialized using 'CodeIgniter\Session\Handlers\FileHandler' driver.
INFO - 2025-02-12 10:14:38 --> Session: Class initialized using 'CodeIgniter\Session\Handlers\FileHandler' driver.
INFO - 2025-02-12 10:14:38 --> Session: Class initialized using 'CodeIgniter\Session\Handlers\FileHandler' driver.
INFO - 2025-02-12 10:14:39 --> Session: Class initialized using 'CodeIgniter\Session\Handlers\FileHandler' driver.
INFO - 2025-02-12 10:14:39 --> Session: Class initialized using 'CodeIgniter\Session\Handlers\FileHandler' driver.
INFO - 2025-02-12 10:14:41 --> Session: Class initialized using 'CodeIgniter\Session\Handlers\FileHandler' driver.
INFO - 2025-02-12 10:14:41 --> Session: Class initialized using 'CodeIgniter\Session\Handlers\FileHandler' driver.
INFO - 2025-02-12 10:14:42 --> Session: Class initialized using 'CodeIgniter\Session\Handlers\FileHandler' driver.
INFO - 2025-02-12 10:14:42 --> Session: Class initialized using 'CodeIgniter\Session\Handlers\FileHandler' driver.
INFO - 2025-02-12 10:14:45 --> Session: Class initialized using 'CodeIgniter\Session\Handlers\FileHandler' driver.
INFO - 2025-02-12 10:14:46 --> Session: Class initialized using 'CodeIgniter\Session\Handlers\FileHandler' driver.
INFO - 2025-02-12 10:14:46 --> Session: Class initialized using 'CodeIgniter\Session\Handlers\FileHandler' driver.
INFO - 2025-02-12 10:14:46 --> Session: Class initialized using 'CodeIgniter\Session\Handlers\FileHandler' driver.
INFO - 2025-02-12 10:14:49 --> Session: Class initialized using 'CodeIgniter\Session\Handlers\FileHandler' driver.
INFO - 2025-02-12 10:14:50 --> Session: Class initialized using 'CodeIgniter\Session\Handlers\FileHandler' driver.
INFO - 2025-02-12 10:14:50 --> Session: Class initialized using 'CodeIgniter\Session\Handlers\FileHandler' driver.
INFO - 2025-02-12 10:14:51 --> Session: Class initialized using 'CodeIgniter\Session\Handlers\FileHandler' driver.
INFO - 2025-02-12 10:14:55 --> Session: Class initialized using 'CodeIgniter\Session\Handlers\FileHandler' driver.
INFO - 2025-02-12 10:14:55 --> Session: Class initialized using 'CodeIgniter\Session\Handlers\FileHandler' driver.
INFO - 2025-02-12 10:14:56 --> Session: Class initialized using 'CodeIgniter\Session\Handlers\FileHandler' driver.
INFO - 2025-02-12 10:14:56 --> Session: Class initialized using 'CodeIgniter\Session\Handlers\FileHandler' driver.
INFO - 2025-02-12 10:15:01 --> Session: Class initialized using 'CodeIgniter\Session\Handlers\FileHandler' driver.
INFO - 2025-02-12 10:15:01 --> Session: Class initialized using 'CodeIgniter\Session\Handlers\FileHandler' driver.
INFO - 2025-02-12 10:15:04 --> Session: Class initialized using 'CodeIgniter\Session\Handlers\FileHandler' driver.
INFO - 2025-02-12 10:15:04 --> Session: Class initialized using 'CodeIgniter\Session\Handlers\FileHandler' driver.
INFO - 2025-02-12 10:15:06 --> Session: Class initialized using 'CodeIgniter\Session\Handlers\FileHandler' driver.
INFO - 2025-02-12 10:15:06 --> Session: Class initialized using 'CodeIgniter\Session\Handlers\FileHandler' driver.
INFO - 2025-02-12 10:15:07 --> Session: Class initialized using 'CodeIgniter\Session\Handlers\FileHandler' driver.
INFO - 2025-02-12 10:15:07 --> Session: Class initialized using 'CodeIgniter\Session\Handlers\FileHandler' driver.
INFO - 2025-02-12 10:15:08 --> Session: Class initialized using 'CodeIgniter\Session\Handlers\FileHandler' driver.
INFO - 2025-02-12 10:15:09 --> Session: Class initialized using 'CodeIgniter\Session\Handlers\FileHandler' driver.
INFO - 2025-02-12 10:15:09 --> Session: Class initialized using 'CodeIgniter\Session\Handlers\FileHandler' driver.
INFO - 2025-02-12 10:15:10 --> Session: Class initialized using 'CodeIgniter\Session\Handlers\FileHandler' driver.
INFO - 2025-02-12 10:15:13 --> Session: Class initialized using 'CodeIgniter\Session\Handlers\FileHandler' driver.
INFO - 2025-02-12 10:15:13 --> Session: Class initialized using 'CodeIgniter\Session\Handlers\FileHandler' driver.
INFO - 2025-02-12 10:15:13 --> Session: Class initialized using 'CodeIgniter\Session\Handlers\FileHandler' driver.
INFO - 2025-02-12 10:15:13 --> Session: Class initialized using 'CodeIgniter\Session\Handlers\FileHandler' driver.
INFO - 2025-02-12 10:15:16 --> Session: Class initialized using 'CodeIgniter\Session\Handlers\FileHandler' driver.
INFO - 2025-02-12 10:15:16 --> Session: Class initialized using 'CodeIgniter\Session\Handlers\FileHandler' driver.
INFO - 2025-02-12 10:15:16 --> Session: Class initialized using 'CodeIgniter\Session\Handlers\FileHandler' driver.
INFO - 2025-02-12 10:15:16 --> Session: Class initialized using 'CodeIgniter\Session\Handlers\FileHandler' driver.
INFO - 2025-02-12 10:15:19 --> Session: Class initialized using 'CodeIgniter\Session\Handlers\FileHandler' driver.
INFO - 2025-02-12 10:15:20 --> Session: Class initialized using 'CodeIgniter\Session\Handlers\FileHandler' driver.
INFO - 2025-02-12 10:15:24 --> Session: Class initialized using 'CodeIgniter\Session\Handlers\FileHandler' driver.
INFO - 2025-02-12 10:15:24 --> Session: Class initialized using 'CodeIgniter\Session\Handlers\FileHandler' driver.
INFO - 2025-02-12 10:15:26 --> Session: Class initialized using 'CodeIgniter\Session\Handlers\FileHandler' driver.
INFO - 2025-02-12 10:15:27 --> Session: Class initialized using 'CodeIgniter\Session\Handlers\FileHandler' driver.
INFO - 2025-02-12 10:15:30 --> Session: Class initialized using 'CodeIgniter\Session\Handlers\FileHandler' driver.
INFO - 2025-02-12 10:15:30 --> Session: Class initialized using 'CodeIgniter\Session\Handlers\FileHandler' driver.
INFO - 2025-02-12 10:15:34 --> Session: Class initialized using 'CodeIgniter\Session\Handlers\FileHandler' driver.
INFO - 2025-02-12 10:15:34 --> Session: Class initialized using 'CodeIgniter\Session\Handlers\FileHandler' driver.
INFO - 2025-02-12 10:15:35 --> Session: Class initialized using 'CodeIgniter\Session\Handlers\FileHandler' driver.
INFO - 2025-02-12 10:15:36 --> Session: Class initialized using 'CodeIgniter\Session\Handlers\FileHandler' driver.
INFO - 2025-02-12 10:15:39 --> Session: Class initialized using 'CodeIgniter\Session\Handlers\FileHandler' driver.
INFO - 2025-02-12 10:15:39 --> Session: Class initialized using 'CodeIgniter\Session\Handlers\FileHandler' driver.
INFO - 2025-02-12 10:15:43 --> Session: Class initialized using 'CodeIgniter\Session\Handlers\FileHandler' driver.
INFO - 2025-02-12 10:15:44 --> Session: Class initialized using 'CodeIgniter\Session\Handlers\FileHandler' driver.
INFO - 2025-02-12 10:15:48 --> Session: Class initialized using 'CodeIgniter\Session\Handlers\FileHandler' driver.
INFO - 2025-02-12 10:15:49 --> Session: Class initialized using 'CodeIgniter\Session\Handlers\FileHandler' driver.
INFO - 2025-02-12 10:15:49 --> Session: Class initialized using 'CodeIgniter\Session\Handlers\FileHandler' driver.
INFO - 2025-02-12 10:15:50 --> Session: Class initialized using 'CodeIgniter\Session\Handlers\FileHandler' driver.
INFO - 2025-02-12 10:15:51 --> Session: Class initialized using 'CodeIgniter\Session\Handlers\FileHandler' driver.
INFO - 2025-02-12 10:15:52 --> Session: Class initialized using 'CodeIgniter\Session\Handlers\FileHandler' driver.
INFO - 2025-02-12 10:15:52 --> Session: Class initialized using 'CodeIgniter\Session\Handlers\FileHandler' driver.
INFO - 2025-02-12 10:15:53 --> Session: Class initialized using 'CodeIgniter\Session\Handlers\FileHandler' driver.
INFO - 2025-02-12 10:15:56 --> Session: Class initialized using 'CodeIgniter\Session\Handlers\FileHandler' driver.
INFO - 2025-02-12 10:15:57 --> Session: Class initialized using 'CodeIgniter\Session\Handlers\FileHandler' driver.
INFO - 2025-02-12 10:15:58 --> Session: Class initialized using 'CodeIgniter\Session\Handlers\FileHandler' driver.
INFO - 2025-02-12 10:15:58 --> Session: Class initialized using 'CodeIgniter\Session\Handlers\FileHandler' driver.
INFO - 2025-02-12 10:15:58 --> Session: Class initialized using 'CodeIgniter\Session\Handlers\FileHandler' driver.
INFO - 2025-02-12 10:15:59 --> Session: Class initialized using 'CodeIgniter\Session\Handlers\FileHandler' driver.
INFO - 2025-02-12 10:16:02 --> Session: Class initialized using 'CodeIgniter\Session\Handlers\FileHandler' driver.
INFO - 2025-02-12 10:16:03 --> Session: Class initialized using 'CodeIgniter\Session\Handlers\FileHandler' driver.
INFO - 2025-02-12 10:16:07 --> Session: Class initialized using 'CodeIgniter\Session\Handlers\FileHandler' driver.
INFO - 2025-02-12 10:16:08 --> Session: Class initialized using 'CodeIgniter\Session\Handlers\FileHandler' driver.
INFO - 2025-02-12 10:16:09 --> Session: Class initialized using 'CodeIgniter\Session\Handlers\FileHandler' driver.
INFO - 2025-02-12 10:16:10 --> Session: Class initialized using 'CodeIgniter\Session\Handlers\FileHandler' driver.
INFO - 2025-02-12 10:16:11 --> Session: Class initialized using 'CodeIgniter\Session\Handlers\FileHandler' driver.
INFO - 2025-02-12 10:16:12 --> Session: Class initialized using 'CodeIgniter\Session\Handlers\FileHandler' driver.
INFO - 2025-02-12 10:16:13 --> Session: Class initialized using 'CodeIgniter\Session\Handlers\FileHandler' driver.
INFO - 2025-02-12 10:16:14 --> Session: Class initialized using 'CodeIgniter\Session\Handlers\FileHandler' driver.
INFO - 2025-02-12 10:16:21 --> Session: Class initialized using 'CodeIgniter\Session\Handlers\FileHandler' driver.
INFO - 2025-02-12 10:16:22 --> Session: Class initialized using 'CodeIgniter\Session\Handlers\FileHandler' driver.
INFO - 2025-02-12 10:16:23 --> Session: Class initialized using 'CodeIgniter\Session\Handlers\FileHandler' driver.
INFO - 2025-02-12 10:16:24 --> Session: Class initialized using 'CodeIgniter\Session\Handlers\FileHandler' driver.
INFO - 2025-02-12 10:16:29 --> Session: Class initialized using 'CodeIgniter\Session\Handlers\FileHandler' driver.
INFO - 2025-02-12 10:16:29 --> Session: Class initialized using 'CodeIgniter\Session\Handlers\FileHandler' driver.
INFO - 2025-02-12 10:16:31 --> Session: Class initialized using 'CodeIgniter\Session\Handlers\FileHandler' driver.
INFO - 2025-02-12 10:16:32 --> Session: Class initialized using 'CodeIgniter\Session\Handlers\FileHandler' driver.
INFO - 2025-02-12 10:16:35 --> Session: Class initialized using 'CodeIgniter\Session\Handlers\FileHandler' driver.
INFO - 2025-02-12 10:16:36 --> Session: Class initialized using 'CodeIgniter\Session\Handlers\FileHandler' driver.
INFO - 2025-02-12 10:16:36 --> Session: Class initialized using 'CodeIgniter\Session\Handlers\FileHandler' driver.
INFO - 2025-02-12 10:16:37 --> Session: Class initialized using 'CodeIgniter\Session\Handlers\FileHandler' driver.
INFO - 2025-02-12 10:16:42 --> Session: Class initialized using 'CodeIgniter\Session\Handlers\FileHandler' driver.
INFO - 2025-02-12 10:16:43 --> Session: Class initialized using 'CodeIgniter\Session\Handlers\FileHandler' driver.
INFO - 2025-02-12 10:16:48 --> Session: Class initialized using 'CodeIgniter\Session\Handlers\FileHandler' driver.
INFO - 2025-02-12 10:16:48 --> Session: Class initialized using 'CodeIgniter\Session\Handlers\FileHandler' driver.
INFO - 2025-02-12 10:16:52 --> Session: Class initialized using 'CodeIgniter\Session\Handlers\FileHandler' driver.
INFO - 2025-02-12 10:16:52 --> Session: Class initialized using 'CodeIgniter\Session\Handlers\FileHandler' driver.
INFO - 2025-02-12 10:16:53 --> Session: Class initialized using 'CodeIgniter\Session\Handlers\FileHandler' driver.
INFO - 2025-02-12 10:16:54 --> Session: Class initialized using 'CodeIgniter\Session\Handlers\FileHandler' driver.
INFO - 2025-02-12 10:16:57 --> Session: Class initialized using 'CodeIgniter\Session\Handlers\FileHandler' driver.
INFO - 2025-02-12 10:16:57 --> Session: Class initialized using 'CodeIgniter\Session\Handlers\FileHandler' driver.
INFO - 2025-02-12 10:16:58 --> Session: Class initialized using 'CodeIgniter\Session\Handlers\FileHandler' driver.
INFO - 2025-02-12 10:16:58 --> Session: Class initialized using 'CodeIgniter\Session\Handlers\FileHandler' driver.
INFO - 2025-02-12 10:17:00 --> Session: Class initialized using 'CodeIgniter\Session\Handlers\FileHandler' driver.
INFO - 2025-02-12 10:17:01 --> Session: Class initialized using 'CodeIgniter\Session\Handlers\FileHandler' driver.
INFO - 2025-02-12 10:17:01 --> Session: Class initialized using 'CodeIgniter\Session\Handlers\FileHandler' driver.
INFO - 2025-02-12 10:17:02 --> Session: Class initialized using 'CodeIgniter\Session\Handlers\FileHandler' driver.
INFO - 2025-02-12 10:17:07 --> Session: Class initialized using 'CodeIgniter\Session\Handlers\FileHandler' driver.
INFO - 2025-02-12 10:17:07 --> Session: Class initialized using 'CodeIgniter\Session\Handlers\FileHandler' driver.
INFO - 2025-02-12 10:17:08 --> Session: Class initialized using 'CodeIgniter\Session\Handlers\FileHandler' driver.
INFO - 2025-02-12 10:17:08 --> Session: Class initialized using 'CodeIgniter\Session\Handlers\FileHandler' driver.
INFO - 2025-02-12 10:17:13 --> Session: Class initialized using 'CodeIgniter\Session\Handlers\FileHandler' driver.
INFO - 2025-02-12 10:17:13 --> Session: Class initialized using 'CodeIgniter\Session\Handlers\FileHandler' driver.
INFO - 2025-02-12 10:17:14 --> Session: Class initialized using 'CodeIgniter\Session\Handlers\FileHandler' driver.
INFO - 2025-02-12 10:17:15 --> Session: Class initialized using 'CodeIgniter\Session\Handlers\FileHandler' driver.
INFO - 2025-02-12 10:17:17 --> Session: Class initialized using 'CodeIgniter\Session\Handlers\FileHandler' driver.
INFO - 2025-02-12 10:17:17 --> Session: Class initialized using 'CodeIgniter\Session\Handlers\FileHandler' driver.
INFO - 2025-02-12 10:17:18 --> Session: Class initialized using 'CodeIgniter\Session\Handlers\FileHandler' driver.
INFO - 2025-02-12 10:17:18 --> Session: Class initialized using 'CodeIgniter\Session\Handlers\FileHandler' driver.
INFO - 2025-02-12 10:17:23 --> Session: Class initialized using 'CodeIgniter\Session\Handlers\FileHandler' driver.
INFO - 2025-02-12 10:17:23 --> Session: Class initialized using 'CodeIgniter\Session\Handlers\FileHandler' driver.
INFO - 2025-02-12 10:17:23 --> Session: Class initialized using 'CodeIgniter\Session\Handlers\FileHandler' driver.
INFO - 2025-02-12 10:17:24 --> Session: Class initialized using 'CodeIgniter\Session\Handlers\FileHandler' driver.
INFO - 2025-02-12 10:17:27 --> Session: Class initialized using 'CodeIgniter\Session\Handlers\FileHandler' driver.
INFO - 2025-02-12 10:17:27 --> Session: Class initialized using 'CodeIgniter\Session\Handlers\FileHandler' driver.
INFO - 2025-02-12 10:17:27 --> Session: Class initialized using 'CodeIgniter\Session\Handlers\FileHandler' driver.
INFO - 2025-02-12 10:17:28 --> Session: Class initialized using 'CodeIgniter\Session\Handlers\FileHandler' driver.
INFO - 2025-02-12 10:17:31 --> Session: Class initialized using 'CodeIgniter\Session\Handlers\FileHandler' driver.
INFO - 2025-02-12 10:17:32 --> Session: Class initialized using 'CodeIgniter\Session\Handlers\FileHandler' driver.
INFO - 2025-02-12 10:17:32 --> Session: Class initialized using 'CodeIgniter\Session\Handlers\FileHandler' driver.
INFO - 2025-02-12 10:17:33 --> Session: Class initialized using 'CodeIgniter\Session\Handlers\FileHandler' driver.
INFO - 2025-02-12 10:17:36 --> Session: Class initialized using 'CodeIgniter\Session\Handlers\FileHandler' driver.
INFO - 2025-02-12 10:17:37 --> Session: Class initialized using 'CodeIgniter\Session\Handlers\FileHandler' driver.
INFO - 2025-02-12 10:17:37 --> Session: Class initialized using 'CodeIgniter\Session\Handlers\FileHandler' driver.
INFO - 2025-02-12 10:17:37 --> Session: Class initialized using 'CodeIgniter\Session\Handlers\FileHandler' driver.
INFO - 2025-02-12 10:17:40 --> Session: Class initialized using 'CodeIgniter\Session\Handlers\FileHandler' driver.
INFO - 2025-02-12 10:17:40 --> Session: Class initialized using 'CodeIgniter\Session\Handlers\FileHandler' driver.
INFO - 2025-02-12 10:17:40 --> Session: Class initialized using 'CodeIgniter\Session\Handlers\FileHandler' driver.
INFO - 2025-02-12 10:17:41 --> Session: Class initialized using 'CodeIgniter\Session\Handlers\FileHandler' driver.
INFO - 2025-02-12 10:17:43 --> Session: Class initialized using 'CodeIgniter\Session\Handlers\FileHandler' driver.
INFO - 2025-02-12 10:17:44 --> Session: Class initialized using 'CodeIgniter\Session\Handlers\FileHandler' driver.
INFO - 2025-02-12 10:17:44 --> Session: Class initialized using 'CodeIgniter\Session\Handlers\FileHandler' driver.
INFO - 2025-02-12 10:17:45 --> Session: Class initialized using 'CodeIgniter\Session\Handlers\FileHandler' driver.
INFO - 2025-02-12 10:17:48 --> Session: Class initialized using 'CodeIgniter\Session\Handlers\FileHandler' driver.
INFO - 2025-02-12 10:17:48 --> Session: Class initialized using 'CodeIgniter\Session\Handlers\FileHandler' driver.
INFO - 2025-02-12 10:17:49 --> Session: Class initialized using 'CodeIgniter\Session\Handlers\FileHandler' driver.
INFO - 2025-02-12 10:17:50 --> Session: Class initialized using 'CodeIgniter\Session\Handlers\FileHandler' driver.
INFO - 2025-02-12 10:17:57 --> Session: Class initialized using 'CodeIgniter\Session\Handlers\FileHandler' driver.
INFO - 2025-02-12 10:17:57 --> Session: Class initialized using 'CodeIgniter\Session\Handlers\FileHandler' driver.
INFO - 2025-02-12 10:17:58 --> Session: Class initialized using 'CodeIgniter\Session\Handlers\FileHandler' driver.
INFO - 2025-02-12 10:17:58 --> Session: Class initialized using 'CodeIgniter\Session\Handlers\FileHandler' driver.
INFO - 2025-02-12 10:18:00 --> Session: Class initialized using 'CodeIgniter\Session\Handlers\FileHandler' driver.
INFO - 2025-02-12 10:18:00 --> Session: Class initialized using 'CodeIgniter\Session\Handlers\FileHandler' driver.
INFO - 2025-02-12 10:18:00 --> Session: Class initialized using 'CodeIgniter\Session\Handlers\FileHandler' driver.
INFO - 2025-02-12 10:18:01 --> Session: Class initialized using 'CodeIgniter\Session\Handlers\FileHandler' driver.
INFO - 2025-02-12 10:18:10 --> Session: Class initialized using 'CodeIgniter\Session\Handlers\FileHandler' driver.
INFO - 2025-02-12 10:18:10 --> Session: Class initialized using 'CodeIgniter\Session\Handlers\FileHandler' driver.
INFO - 2025-02-12 10:18:11 --> Session: Class initialized using 'CodeIgniter\Session\Handlers\FileHandler' driver.
INFO - 2025-02-12 10:18:11 --> Session: Class initialized using 'CodeIgniter\Session\Handlers\FileHandler' driver.
INFO - 2025-02-12 10:18:17 --> Session: Class initialized using 'CodeIgniter\Session\Handlers\FileHandler' driver.
INFO - 2025-02-12 10:18:17 --> Session: Class initialized using 'CodeIgniter\Session\Handlers\FileHandler' driver.
INFO - 2025-02-12 10:18:18 --> Session: Class initialized using 'CodeIgniter\Session\Handlers\FileHandler' driver.
INFO - 2025-02-12 10:18:18 --> Session: Class initialized using 'CodeIgniter\Session\Handlers\FileHandler' driver.
INFO - 2025-02-12 10:18:24 --> Session: Class initialized using 'CodeIgniter\Session\Handlers\FileHandler' driver.
INFO - 2025-02-12 10:18:24 --> Session: Class initialized using 'CodeIgniter\Session\Handlers\FileHandler' driver.
INFO - 2025-02-12 10:18:24 --> Session: Class initialized using 'CodeIgniter\Session\Handlers\FileHandler' driver.
INFO - 2025-02-12 10:18:24 --> Session: Class initialized using 'CodeIgniter\Session\Handlers\FileHandler' driver.
INFO - 2025-02-12 10:18:29 --> Session: Class initialized using 'CodeIgniter\Session\Handlers\FileHandler' driver.
INFO - 2025-02-12 10:18:30 --> Session: Class initialized using 'CodeIgniter\Session\Handlers\FileHandler' driver.
INFO - 2025-02-12 10:18:30 --> Session: Class initialized using 'CodeIgniter\Session\Handlers\FileHandler' driver.
INFO - 2025-02-12 10:18:31 --> Session: Class initialized using 'CodeIgniter\Session\Handlers\FileHandler' driver.
INFO - 2025-02-12 10:18:37 --> Session: Class initialized using 'CodeIgniter\Session\Handlers\FileHandler' driver.
INFO - 2025-02-12 10:18:38 --> Session: Class initialized using 'CodeIgniter\Session\Handlers\FileHandler' driver.
INFO - 2025-02-12 10:18:40 --> Session: Class initialized using 'CodeIgniter\Session\Handlers\FileHandler' driver.
INFO - 2025-02-12 10:18:40 --> Session: Class initialized using 'CodeIgniter\Session\Handlers\FileHandler' driver.
INFO - 2025-02-12 10:18:46 --> Session: Class initialized using 'CodeIgniter\Session\Handlers\FileHandler' driver.
INFO - 2025-02-12 10:18:47 --> Session: Class initialized using 'CodeIgniter\Session\Handlers\FileHandler' driver.
INFO - 2025-02-12 10:18:49 --> Session: Class initialized using 'CodeIgniter\Session\Handlers\FileHandler' driver.
INFO - 2025-02-12 10:18:49 --> Session: Class initialized using 'CodeIgniter\Session\Handlers\FileHandler' driver.
INFO - 2025-02-12 10:18:54 --> Session: Class initialized using 'CodeIgniter\Session\Handlers\FileHandler' driver.
INFO - 2025-02-12 10:18:54 --> Session: Class initialized using 'CodeIgniter\Session\Handlers\FileHandler' driver.
INFO - 2025-02-12 10:18:54 --> Session: Class initialized using 'CodeIgniter\Session\Handlers\FileHandler' driver.
INFO - 2025-02-12 10:18:54 --> Session: Class initialized using 'CodeIgniter\Session\Handlers\FileHandler' driver.
INFO - 2025-02-12 10:18:56 --> Session: Class initialized using 'CodeIgniter\Session\Handlers\FileHandler' driver.
INFO - 2025-02-12 10:18:56 --> Session: Class initialized using 'CodeIgniter\Session\Handlers\FileHandler' driver.
INFO - 2025-02-12 10:18:56 --> Session: Class initialized using 'CodeIgniter\Session\Handlers\FileHandler' driver.
INFO - 2025-02-12 10:18:57 --> Session: Class initialized using 'CodeIgniter\Session\Handlers\FileHandler' driver.
INFO - 2025-02-12 10:19:00 --> Session: Class initialized using 'CodeIgniter\Session\Handlers\FileHandler' driver.
INFO - 2025-02-12 10:19:00 --> Session: Class initialized using 'CodeIgniter\Session\Handlers\FileHandler' driver.
INFO - 2025-02-12 10:19:00 --> Session: Class initialized using 'CodeIgniter\Session\Handlers\FileHandler' driver.
INFO - 2025-02-12 10:19:01 --> Session: Class initialized using 'CodeIgniter\Session\Handlers\FileHandler' driver.
INFO - 2025-02-12 10:19:06 --> Session: Class initialized using 'CodeIgniter\Session\Handlers\FileHandler' driver.
INFO - 2025-02-12 10:19:06 --> Session: Class initialized using 'CodeIgniter\Session\Handlers\FileHandler' driver.
INFO - 2025-02-12 10:19:06 --> Session: Class initialized using 'CodeIgniter\Session\Handlers\FileHandler' driver.
INFO - 2025-02-12 10:19:07 --> Session: Class initialized using 'CodeIgniter\Session\Handlers\FileHandler' driver.
INFO - 2025-02-12 10:19:14 --> Session: Class initialized using 'CodeIgniter\Session\Handlers\FileHandler' driver.
INFO - 2025-02-12 10:19:14 --> Session: Class initialized using 'CodeIgniter\Session\Handlers\FileHandler' driver.
INFO - 2025-02-12 10:19:15 --> Session: Class initialized using 'CodeIgniter\Session\Handlers\FileHandler' driver.
INFO - 2025-02-12 10:19:16 --> Session: Class initialized using 'CodeIgniter\Session\Handlers\FileHandler' driver.
INFO - 2025-02-12 10:19:17 --> Session: Class initialized using 'CodeIgniter\Session\Handlers\FileHandler' driver.
INFO - 2025-02-12 10:19:17 --> Session: Class initialized using 'CodeIgniter\Session\Handlers\FileHandler' driver.
INFO - 2025-02-12 10:19:18 --> Session: Class initialized using 'CodeIgniter\Session\Handlers\FileHandler' driver.
INFO - 2025-02-12 10:19:18 --> Session: Class initialized using 'CodeIgniter\Session\Handlers\FileHandler' driver.
INFO - 2025-02-12 10:19:21 --> Session: Class initialized using 'CodeIgniter\Session\Handlers\FileHandler' driver.
INFO - 2025-02-12 10:19:22 --> Session: Class initialized using 'CodeIgniter\Session\Handlers\FileHandler' driver.
INFO - 2025-02-12 10:19:25 --> Session: Class initialized using 'CodeIgniter\Session\Handlers\FileHandler' driver.
INFO - 2025-02-12 10:19:25 --> Session: Class initialized using 'CodeIgniter\Session\Handlers\FileHandler' driver.
INFO - 2025-02-12 10:19:28 --> Session: Class initialized using 'CodeIgniter\Session\Handlers\FileHandler' driver.
INFO - 2025-02-12 10:19:29 --> Session: Class initialized using 'CodeIgniter\Session\Handlers\FileHandler' driver.
INFO - 2025-02-12 10:19:29 --> Session: Class initialized using 'CodeIgniter\Session\Handlers\FileHandler' driver.
INFO - 2025-02-12 10:19:30 --> Session: Class initialized using 'CodeIgniter\Session\Handlers\FileHandler' driver.
INFO - 2025-02-12 10:19:33 --> Session: Class initialized using 'CodeIgniter\Session\Handlers\FileHandler' driver.
INFO - 2025-02-12 10:19:34 --> Session: Class initialized using 'CodeIgniter\Session\Handlers\FileHandler' driver.
INFO - 2025-02-12 10:19:35 --> Session: Class initialized using 'CodeIgniter\Session\Handlers\FileHandler' driver.
INFO - 2025-02-12 10:19:36 --> Session: Class initialized using 'CodeIgniter\Session\Handlers\FileHandler' driver.
INFO - 2025-02-12 10:19:36 --> Session: Class initialized using 'CodeIgniter\Session\Handlers\FileHandler' driver.
INFO - 2025-02-12 10:19:37 --> Session: Class initialized using 'CodeIgniter\Session\Handlers\FileHandler' driver.
INFO - 2025-02-12 10:19:37 --> Session: Class initialized using 'CodeIgniter\Session\Handlers\FileHandler' driver.
INFO - 2025-02-12 10:19:38 --> Session: Class initialized using 'CodeIgniter\Session\Handlers\FileHandler' driver.
INFO - 2025-02-12 10:19:41 --> Session: Class initialized using 'CodeIgniter\Session\Handlers\FileHandler' driver.
INFO - 2025-02-12 10:19:41 --> Session: Class initialized using 'CodeIgniter\Session\Handlers\FileHandler' driver.
INFO - 2025-02-12 10:19:42 --> Session: Class initialized using 'CodeIgniter\Session\Handlers\FileHandler' driver.
INFO - 2025-02-12 10:19:43 --> Session: Class initialized using 'CodeIgniter\Session\Handlers\FileHandler' driver.
INFO - 2025-02-12 10:19:46 --> Session: Class initialized using 'CodeIgniter\Session\Handlers\FileHandler' driver.
INFO - 2025-02-12 10:19:46 --> Session: Class initialized using 'CodeIgniter\Session\Handlers\FileHandler' driver.
INFO - 2025-02-12 10:19:49 --> Session: Class initialized using 'CodeIgniter\Session\Handlers\FileHandler' driver.
INFO - 2025-02-12 10:19:50 --> Session: Class initialized using 'CodeIgniter\Session\Handlers\FileHandler' driver.
INFO - 2025-02-12 10:19:54 --> Session: Class initialized using 'CodeIgniter\Session\Handlers\FileHandler' driver.
INFO - 2025-02-12 10:19:55 --> Session: Class initialized using 'CodeIgniter\Session\Handlers\FileHandler' driver.
INFO - 2025-02-12 10:19:55 --> Session: Class initialized using 'CodeIgniter\Session\Handlers\FileHandler' driver.
INFO - 2025-02-12 10:19:56 --> Session: Class initialized using 'CodeIgniter\Session\Handlers\FileHandler' driver.
INFO - 2025-02-12 10:19:58 --> Session: Class initialized using 'CodeIgniter\Session\Handlers\FileHandler' driver.
INFO - 2025-02-12 10:19:59 --> Session: Class initialized using 'CodeIgniter\Session\Handlers\FileHandler' driver.
INFO - 2025-02-12 10:19:59 --> Session: Class initialized using 'CodeIgniter\Session\Handlers\FileHandler' driver.
INFO - 2025-02-12 10:20:00 --> Session: Class initialized using 'CodeIgniter\Session\Handlers\FileHandler' driver.
INFO - 2025-02-12 10:20:01 --> Session: Class initialized using 'CodeIgniter\Session\Handlers\FileHandler' driver.
INFO - 2025-02-12 10:20:02 --> Session: Class initialized using 'CodeIgniter\Session\Handlers\FileHandler' driver.
INFO - 2025-02-12 10:20:03 --> Session: Class initialized using 'CodeIgniter\Session\Handlers\FileHandler' driver.
INFO - 2025-02-12 10:20:03 --> Session: Class initialized using 'CodeIgniter\Session\Handlers\FileHandler' driver.
INFO - 2025-02-12 10:20:06 --> Session: Class initialized using 'CodeIgniter\Session\Handlers\FileHandler' driver.
INFO - 2025-02-12 10:20:06 --> Session: Class initialized using 'CodeIgniter\Session\Handlers\FileHandler' driver.
INFO - 2025-02-12 10:20:07 --> Session: Class initialized using 'CodeIgniter\Session\Handlers\FileHandler' driver.
INFO - 2025-02-12 10:20:08 --> Session: Class initialized using 'CodeIgniter\Session\Handlers\FileHandler' driver.
INFO - 2025-02-12 10:20:10 --> Session: Class initialized using 'CodeIgniter\Session\Handlers\FileHandler' driver.
INFO - 2025-02-12 10:20:10 --> Session: Class initialized using 'CodeIgniter\Session\Handlers\FileHandler' driver.
INFO - 2025-02-12 10:20:10 --> Session: Class initialized using 'CodeIgniter\Session\Handlers\FileHandler' driver.
INFO - 2025-02-12 10:20:10 --> Session: Class initialized using 'CodeIgniter\Session\Handlers\FileHandler' driver.
INFO - 2025-02-12 10:20:13 --> Session: Class initialized using 'CodeIgniter\Session\Handlers\FileHandler' driver.
INFO - 2025-02-12 10:20:13 --> Session: Class initialized using 'CodeIgniter\Session\Handlers\FileHandler' driver.
INFO - 2025-02-12 10:20:13 --> Session: Class initialized using 'CodeIgniter\Session\Handlers\FileHandler' driver.
INFO - 2025-02-12 10:20:13 --> Session: Class initialized using 'CodeIgniter\Session\Handlers\FileHandler' driver.
INFO - 2025-02-12 10:20:15 --> Session: Class initialized using 'CodeIgniter\Session\Handlers\FileHandler' driver.
INFO - 2025-02-12 10:20:16 --> Session: Class initialized using 'CodeIgniter\Session\Handlers\FileHandler' driver.
INFO - 2025-02-12 10:20:16 --> Session: Class initialized using 'CodeIgniter\Session\Handlers\FileHandler' driver.
INFO - 2025-02-12 10:20:16 --> Session: Class initialized using 'CodeIgniter\Session\Handlers\FileHandler' driver.
INFO - 2025-02-12 10:20:22 --> Session: Class initialized using 'CodeIgniter\Session\Handlers\FileHandler' driver.
INFO - 2025-02-12 10:20:22 --> Session: Class initialized using 'CodeIgniter\Session\Handlers\FileHandler' driver.
INFO - 2025-02-12 10:20:25 --> Session: Class initialized using 'CodeIgniter\Session\Handlers\FileHandler' driver.
INFO - 2025-02-12 10:20:25 --> Session: Class initialized using 'CodeIgniter\Session\Handlers\FileHandler' driver.
INFO - 2025-02-12 10:20:28 --> Session: Class initialized using 'CodeIgniter\Session\Handlers\FileHandler' driver.
INFO - 2025-02-12 10:20:29 --> Session: Class initialized using 'CodeIgniter\Session\Handlers\FileHandler' driver.
INFO - 2025-02-12 10:20:29 --> Session: Class initialized using 'CodeIgniter\Session\Handlers\FileHandler' driver.
INFO - 2025-02-12 10:20:29 --> Session: Class initialized using 'CodeIgniter\Session\Handlers\FileHandler' driver.
INFO - 2025-02-12 10:20:33 --> Session: Class initialized using 'CodeIgniter\Session\Handlers\FileHandler' driver.
INFO - 2025-02-12 10:20:33 --> Session: Class initialized using 'CodeIgniter\Session\Handlers\FileHandler' driver.
INFO - 2025-02-12 10:20:34 --> Session: Class initialized using 'CodeIgniter\Session\Handlers\FileHandler' driver.
INFO - 2025-02-12 10:20:34 --> Session: Class initialized using 'CodeIgniter\Session\Handlers\FileHandler' driver.
INFO - 2025-02-12 10:20:35 --> Session: Class initialized using 'CodeIgniter\Session\Handlers\FileHandler' driver.
INFO - 2025-02-12 10:20:36 --> Session: Class initialized using 'CodeIgniter\Session\Handlers\FileHandler' driver.
INFO - 2025-02-12 10:20:36 --> Session: Class initialized using 'CodeIgniter\Session\Handlers\FileHandler' driver.
INFO - 2025-02-12 10:20:37 --> Session: Class initialized using 'CodeIgniter\Session\Handlers\FileHandler' driver.
INFO - 2025-02-12 10:20:42 --> Session: Class initialized using 'CodeIgniter\Session\Handlers\FileHandler' driver.
INFO - 2025-02-12 10:20:43 --> Session: Class initialized using 'CodeIgniter\Session\Handlers\FileHandler' driver.
INFO - 2025-02-12 10:20:44 --> Session: Class initialized using 'CodeIgniter\Session\Handlers\FileHandler' driver.
INFO - 2025-02-12 10:20:45 --> Session: Class initialized using 'CodeIgniter\Session\Handlers\FileHandler' driver.
INFO - 2025-02-12 10:20:49 --> Session: Class initialized using 'CodeIgniter\Session\Handlers\FileHandler' driver.
INFO - 2025-02-12 10:20:50 --> Session: Class initialized using 'CodeIgniter\Session\Handlers\FileHandler' driver.
INFO - 2025-02-12 10:20:51 --> Session: Class initialized using 'CodeIgniter\Session\Handlers\FileHandler' driver.
INFO - 2025-02-12 10:20:52 --> Session: Class initialized using 'CodeIgniter\Session\Handlers\FileHandler' driver.
INFO - 2025-02-12 10:20:54 --> Session: Class initialized using 'CodeIgniter\Session\Handlers\FileHandler' driver.
INFO - 2025-02-12 10:20:54 --> Session: Class initialized using 'CodeIgniter\Session\Handlers\FileHandler' driver.
INFO - 2025-02-12 10:20:54 --> Session: Class initialized using 'CodeIgniter\Session\Handlers\FileHandler' driver.
INFO - 2025-02-12 10:20:55 --> Session: Class initialized using 'CodeIgniter\Session\Handlers\FileHandler' driver.
INFO - 2025-02-12 10:20:56 --> Session: Class initialized using 'CodeIgniter\Session\Handlers\FileHandler' driver.
INFO - 2025-02-12 10:20:57 --> Session: Class initialized using 'CodeIgniter\Session\Handlers\FileHandler' driver.
INFO - 2025-02-12 10:20:57 --> Session: Class initialized using 'CodeIgniter\Session\Handlers\FileHandler' driver.
INFO - 2025-02-12 10:20:58 --> Session: Class initialized using 'CodeIgniter\Session\Handlers\FileHandler' driver.
INFO - 2025-02-12 10:21:03 --> Session: Class initialized using 'CodeIgniter\Session\Handlers\FileHandler' driver.
INFO - 2025-02-12 10:21:03 --> Session: Class initialized using 'CodeIgniter\Session\Handlers\FileHandler' driver.
INFO - 2025-02-12 10:21:04 --> Session: Class initialized using 'CodeIgniter\Session\Handlers\FileHandler' driver.
INFO - 2025-02-12 10:21:04 --> Session: Class initialized using 'CodeIgniter\Session\Handlers\FileHandler' driver.
INFO - 2025-02-12 10:21:06 --> Session: Class initialized using 'CodeIgniter\Session\Handlers\FileHandler' driver.
INFO - 2025-02-12 10:21:06 --> Session: Class initialized using 'CodeIgniter\Session\Handlers\FileHandler' driver.
INFO - 2025-02-12 10:21:06 --> Session: Class initialized using 'CodeIgniter\Session\Handlers\FileHandler' driver.
INFO - 2025-02-12 10:21:06 --> Session: Class initialized using 'CodeIgniter\Session\Handlers\FileHandler' driver.
INFO - 2025-02-12 10:21:08 --> Session: Class initialized using 'CodeIgniter\Session\Handlers\FileHandler' driver.
INFO - 2025-02-12 10:21:09 --> Session: Class initialized using 'CodeIgniter\Session\Handlers\FileHandler' driver.
INFO - 2025-02-12 10:21:10 --> Session: Class initialized using 'CodeIgniter\Session\Handlers\FileHandler' driver.
INFO - 2025-02-12 10:21:10 --> Session: Class initialized using 'CodeIgniter\Session\Handlers\FileHandler' driver.
INFO - 2025-02-12 10:21:15 --> Session: Class initialized using 'CodeIgniter\Session\Handlers\FileHandler' driver.
INFO - 2025-02-12 10:21:16 --> Session: Class initialized using 'CodeIgniter\Session\Handlers\FileHandler' driver.
INFO - 2025-02-12 10:21:17 --> Session: Class initialized using 'CodeIgniter\Session\Handlers\FileHandler' driver.
INFO - 2025-02-12 10:21:18 --> Session: Class initialized using 'CodeIgniter\Session\Handlers\FileHandler' driver.
INFO - 2025-02-12 10:21:23 --> Session: Class initialized using 'CodeIgniter\Session\Handlers\FileHandler' driver.
INFO - 2025-02-12 10:21:23 --> Session: Class initialized using 'CodeIgniter\Session\Handlers\FileHandler' driver.
INFO - 2025-02-12 10:21:24 --> Session: Class initialized using 'CodeIgniter\Session\Handlers\FileHandler' driver.
INFO - 2025-02-12 10:21:25 --> Session: Class initialized using 'CodeIgniter\Session\Handlers\FileHandler' driver.
INFO - 2025-02-12 10:21:30 --> Session: Class initialized using 'CodeIgniter\Session\Handlers\FileHandler' driver.
INFO - 2025-02-12 10:21:30 --> Session: Class initialized using 'CodeIgniter\Session\Handlers\FileHandler' driver.
INFO - 2025-02-12 10:21:31 --> Session: Class initialized using 'CodeIgniter\Session\Handlers\FileHandler' driver.
INFO - 2025-02-12 10:21:32 --> Session: Class initialized using 'CodeIgniter\Session\Handlers\FileHandler' driver.
INFO - 2025-02-12 10:21:35 --> Session: Class initialized using 'CodeIgniter\Session\Handlers\FileHandler' driver.
INFO - 2025-02-12 10:21:35 --> Session: Class initialized using 'CodeIgniter\Session\Handlers\FileHandler' driver.
INFO - 2025-02-12 10:21:36 --> Session: Class initialized using 'CodeIgniter\Session\Handlers\FileHandler' driver.
INFO - 2025-02-12 10:21:37 --> Session: Class initialized using 'CodeIgniter\Session\Handlers\FileHandler' driver.
INFO - 2025-02-12 10:21:40 --> Session: Class initialized using 'CodeIgniter\Session\Handlers\FileHandler' driver.
INFO - 2025-02-12 10:21:41 --> Session: Class initialized using 'CodeIgniter\Session\Handlers\FileHandler' driver.
INFO - 2025-02-12 10:21:42 --> Session: Class initialized using 'CodeIgniter\Session\Handlers\FileHandler' driver.
INFO - 2025-02-12 10:21:42 --> Session: Class initialized using 'CodeIgniter\Session\Handlers\FileHandler' driver.
INFO - 2025-02-12 10:21:47 --> Session: Class initialized using 'CodeIgniter\Session\Handlers\FileHandler' driver.
INFO - 2025-02-12 10:21:48 --> Session: Class initialized using 'CodeIgniter\Session\Handlers\FileHandler' driver.
INFO - 2025-02-12 10:21:49 --> Session: Class initialized using 'CodeIgniter\Session\Handlers\FileHandler' driver.
INFO - 2025-02-12 10:21:50 --> Session: Class initialized using 'CodeIgniter\Session\Handlers\FileHandler' driver.
INFO - 2025-02-12 10:21:51 --> Session: Class initialized using 'CodeIgniter\Session\Handlers\FileHandler' driver.
INFO - 2025-02-12 10:21:51 --> Session: Class initialized using 'CodeIgniter\Session\Handlers\FileHandler' driver.
INFO - 2025-02-12 10:21:52 --> Session: Class initialized using 'CodeIgniter\Session\Handlers\FileHandler' driver.
INFO - 2025-02-12 10:21:52 --> Session: Class initialized using 'CodeIgniter\Session\Handlers\FileHandler' driver.
INFO - 2025-02-12 10:21:55 --> Session: Class initialized using 'CodeIgniter\Session\Handlers\FileHandler' driver.
INFO - 2025-02-12 10:21:55 --> Session: Class initialized using 'CodeIgniter\Session\Handlers\FileHandler' driver.
INFO - 2025-02-12 10:21:56 --> Session: Class initialized using 'CodeIgniter\Session\Handlers\FileHandler' driver.
INFO - 2025-02-12 10:21:56 --> Session: Class initialized using 'CodeIgniter\Session\Handlers\FileHandler' driver.
INFO - 2025-02-12 10:21:58 --> Session: Class initialized using 'CodeIgniter\Session\Handlers\FileHandler' driver.
INFO - 2025-02-12 10:21:59 --> Session: Class initialized using 'CodeIgniter\Session\Handlers\FileHandler' driver.
INFO - 2025-02-12 10:21:59 --> Session: Class initialized using 'CodeIgniter\Session\Handlers\FileHandler' driver.
INFO - 2025-02-12 10:22:00 --> Session: Class initialized using 'CodeIgniter\Session\Handlers\FileHandler' driver.
INFO - 2025-02-12 10:22:02 --> Session: Class initialized using 'CodeIgniter\Session\Handlers\FileHandler' driver.
INFO - 2025-02-12 10:22:02 --> Session: Class initialized using 'CodeIgniter\Session\Handlers\FileHandler' driver.
INFO - 2025-02-12 10:22:02 --> Session: Class initialized using 'CodeIgniter\Session\Handlers\FileHandler' driver.
INFO - 2025-02-12 10:22:02 --> Session: Class initialized using 'CodeIgniter\Session\Handlers\FileHandler' driver.
INFO - 2025-02-12 10:22:15 --> Session: Class initialized using 'CodeIgniter\Session\Handlers\FileHandler' driver.
WARNING - 2025-02-12 10:22:15 --> [DEPRECATED] Implicit conversion from float 43.33333333333333 to int loses precision in APPPATH/Controllers/Front.php on line 176.
 1 APPPATH/Controllers/Front.php(176): imagettftext(Object(GdImage), 24, 12, 43.3333333333333285963817615993320941925048828125, 41, 16777215, '/home/casalingenieros/public_html/public/template/fonts/Poppins-Regular.ttf', 'T')
 2 SYSTEMPATH/CodeIgniter.php(933): App\Controllers\Front->creaCaptcha()
 3 SYSTEMPATH/CodeIgniter.php(509): CodeIgniter\CodeIgniter->runController(Object(App\Controllers\Front))
 4 SYSTEMPATH/CodeIgniter.php(355): CodeIgniter\CodeIgniter->handleRequest(null, Object(Config\Cache), false)
 5 SYSTEMPATH/Boot.php(325): CodeIgniter\CodeIgniter->run()
 6 SYSTEMPATH/Boot.php(67): CodeIgniter\Boot::runCodeIgniter(Object(CodeIgniter\CodeIgniter))
 7 FCPATH/index.php(56): CodeIgniter\Boot::bootWeb(Object(Config\Paths))
WARNING - 2025-02-12 10:22:15 --> [DEPRECATED] Implicit conversion from float 71.66666666666666 to int loses precision in APPPATH/Controllers/Front.php on line 176.
 1 APPPATH/Controllers/Front.php(176): imagettftext(Object(GdImage), 24, -5, 71.666666666666657192763523198664188385009765625, 43, 0, '/home/casalingenieros/public_html/public/template/fonts/Poppins-Bold.ttf', 'Y')
 2 SYSTEMPATH/CodeIgniter.php(933): App\Controllers\Front->creaCaptcha()
 3 SYSTEMPATH/CodeIgniter.php(509): CodeIgniter\CodeIgniter->runController(Object(App\Controllers\Front))
 4 SYSTEMPATH/CodeIgniter.php(355): CodeIgniter\CodeIgniter->handleRequest(null, Object(Config\Cache), false)
 5 SYSTEMPATH/Boot.php(325): CodeIgniter\CodeIgniter->run()
 6 SYSTEMPATH/Boot.php(67): CodeIgniter\Boot::runCodeIgniter(Object(CodeIgniter\CodeIgniter))
 7 FCPATH/index.php(56): CodeIgniter\Boot::bootWeb(Object(Config\Paths))
WARNING - 2025-02-12 10:22:15 --> [DEPRECATED] Implicit conversion from float 128.33333333333331 to int loses precision in APPPATH/Controllers/Front.php on line 176.
 1 APPPATH/Controllers/Front.php(176): imagettftext(Object(GdImage), 24, -6, 128.33333333333331438552704639732837677001953125, 45, 16777215, '/home/casalingenieros/public_html/public/template/fonts/Poppins-Regular.ttf', 'U')
 2 SYSTEMPATH/CodeIgniter.php(933): App\Controllers\Front->creaCaptcha()
 3 SYSTEMPATH/CodeIgniter.php(509): CodeIgniter\CodeIgniter->runController(Object(App\Controllers\Front))
 4 SYSTEMPATH/CodeIgniter.php(355): CodeIgniter\CodeIgniter->handleRequest(null, Object(Config\Cache), false)
 5 SYSTEMPATH/Boot.php(325): CodeIgniter\CodeIgniter->run()
 6 SYSTEMPATH/Boot.php(67): CodeIgniter\Boot::runCodeIgniter(Object(CodeIgniter\CodeIgniter))
 7 FCPATH/index.php(56): CodeIgniter\Boot::bootWeb(Object(Config\Paths))
WARNING - 2025-02-12 10:22:15 --> [DEPRECATED] Implicit conversion from float 156.66666666666666 to int loses precision in APPPATH/Controllers/Front.php on line 176.
 1 APPPATH/Controllers/Front.php(176): imagettftext(Object(GdImage), 24, -13, 156.666666666666657192763523198664188385009765625, 35, 16777215, '/home/casalingenieros/public_html/public/template/fonts/Poppins-Regular.ttf', 'X')
 2 SYSTEMPATH/CodeIgniter.php(933): App\Controllers\Front->creaCaptcha()
 3 SYSTEMPATH/CodeIgniter.php(509): CodeIgniter\CodeIgniter->runController(Object(App\Controllers\Front))
 4 SYSTEMPATH/CodeIgniter.php(355): CodeIgniter\CodeIgniter->handleRequest(null, Object(Config\Cache), false)
 5 SYSTEMPATH/Boot.php(325): CodeIgniter\CodeIgniter->run()
 6 SYSTEMPATH/Boot.php(67): CodeIgniter\Boot::runCodeIgniter(Object(CodeIgniter\CodeIgniter))
 7 FCPATH/index.php(56): CodeIgniter\Boot::bootWeb(Object(Config\Paths))
INFO - 2025-02-12 12:21:55 --> Session: Class initialized using 'CodeIgniter\Session\Handlers\FileHandler' driver.
INFO - 2025-02-12 15:09:59 --> Session: Class initialized using 'CodeIgniter\Session\Handlers\FileHandler' driver.
INFO - 2025-02-12 15:25:05 --> Session: Class initialized using 'CodeIgniter\Session\Handlers\FileHandler' driver.
INFO - 2025-02-12 15:55:23 --> Session: Class initialized using 'CodeIgniter\Session\Handlers\FileHandler' driver.
INFO - 2025-02-12 16:00:04 --> Session: Class initialized using 'CodeIgniter\Session\Handlers\FileHandler' driver.
INFO - 2025-02-12 16:05:43 --> Session: Class initialized using 'CodeIgniter\Session\Handlers\FileHandler' driver.
INFO - 2025-02-12 16:13:58 --> Session: Class initialized using 'CodeIgniter\Session\Handlers\FileHandler' driver.
INFO - 2025-02-12 16:25:20 --> Session: Class initialized using 'CodeIgniter\Session\Handlers\FileHandler' driver.
INFO - 2025-02-12 17:08:12 --> Session: Class initialized using 'CodeIgniter\Session\Handlers\FileHandler' driver.
INFO - 2025-02-12 18:05:24 --> Session: Class initialized using 'CodeIgniter\Session\Handlers\FileHandler' driver.
INFO - 2025-02-12 18:17:25 --> Session: Class initialized using 'CodeIgniter\Session\Handlers\FileHandler' driver.
INFO - 2025-02-12 18:41:12 --> Session: Class initialized using 'CodeIgniter\Session\Handlers\FileHandler' driver.
INFO - 2025-02-12 18:41:41 --> Session: Class initialized using 'CodeIgniter\Session\Handlers\FileHandler' driver.
INFO - 2025-02-12 18:50:08 --> Session: Class initialized using 'CodeIgniter\Session\Handlers\FileHandler' driver.
INFO - 2025-02-12 18:53:42 --> Session: Class initialized using 'CodeIgniter\Session\Handlers\FileHandler' driver.
INFO - 2025-02-12 18:59:53 --> Session: Class initialized using 'CodeIgniter\Session\Handlers\FileHandler' driver.
INFO - 2025-02-12 19:02:46 --> Session: Class initialized using 'CodeIgniter\Session\Handlers\FileHandler' driver.
INFO - 2025-02-12 19:03:26 --> Session: Class initialized using 'CodeIgniter\Session\Handlers\FileHandler' driver.
INFO - 2025-02-12 19:04:00 --> Session: Class initialized using 'CodeIgniter\Session\Handlers\FileHandler' driver.
INFO - 2025-02-12 19:06:00 --> Session: Class initialized using 'CodeIgniter\Session\Handlers\FileHandler' driver.
INFO - 2025-02-12 19:06:10 --> Session: Class initialized using 'CodeIgniter\Session\Handlers\FileHandler' driver.
INFO - 2025-02-12 19:06:33 --> Session: Class initialized using 'CodeIgniter\Session\Handlers\FileHandler' driver.
INFO - 2025-02-12 19:36:42 --> Session: Class initialized using 'CodeIgniter\Session\Handlers\FileHandler' driver.
INFO - 2025-02-12 20:21:32 --> Session: Class initialized using 'CodeIgniter\Session\Handlers\FileHandler' driver.
INFO - 2025-02-12 21:43:18 --> Session: Class initialized using 'CodeIgniter\Session\Handlers\FileHandler' driver.
INFO - 2025-02-12 21:43:18 --> Session: Class initialized using 'CodeIgniter\Session\Handlers\FileHandler' driver.
INFO - 2025-02-12 21:43:19 --> Session: Class initialized using 'CodeIgniter\Session\Handlers\FileHandler' driver.
INFO - 2025-02-12 21:43:19 --> Session: Class initialized using 'CodeIgniter\Session\Handlers\FileHandler' driver.
INFO - 2025-02-12 22:54:08 --> Session: Class initialized using 'CodeIgniter\Session\Handlers\FileHandler' driver.
INFO - 2025-02-12 22:54:19 --> Session: Class initialized using 'CodeIgniter\Session\Handlers\FileHandler' driver.
INFO - 2025-02-12 23:15:05 --> Session: Class initialized using 'CodeIgniter\Session\Handlers\FileHandler' driver.
INFO - 2025-02-12 23:23:34 --> Session: Class initialized using 'CodeIgniter\Session\Handlers\FileHandler' driver.
