INFO - 2025-02-07 00:05:55 --> Session: Class initialized using 'CodeIgniter\Session\Handlers\FileHandler' driver.
INFO - 2025-02-07 01:42:27 --> Session: Class initialized using 'CodeIgniter\Session\Handlers\FileHandler' driver.
INFO - 2025-02-07 01:42:32 --> Session: Class initialized using 'CodeIgniter\Session\Handlers\FileHandler' driver.
INFO - 2025-02-07 01:42:35 --> Session: Class initialized using 'CodeIgniter\Session\Handlers\FileHandler' driver.
INFO - 2025-02-07 01:42:40 --> Session: Class initialized using 'CodeIgniter\Session\Handlers\FileHandler' driver.
INFO - 2025-02-07 01:42:42 --> Session: Class initialized using 'CodeIgniter\Session\Handlers\FileHandler' driver.
INFO - 2025-02-07 01:42:44 --> Session: Class initialized using 'CodeIgniter\Session\Handlers\FileHandler' driver.
INFO - 2025-02-07 01:42:46 --> Session: Class initialized using 'CodeIgniter\Session\Handlers\FileHandler' driver.
INFO - 2025-02-07 01:42:48 --> Session: Class initialized using 'CodeIgniter\Session\Handlers\FileHandler' driver.
INFO - 2025-02-07 01:42:50 --> Session: Class initialized using 'CodeIgniter\Session\Handlers\FileHandler' driver.
INFO - 2025-02-07 01:42:56 --> Session: Class initialized using 'CodeIgniter\Session\Handlers\FileHandler' driver.
WARNING - 2025-02-07 01:42:56 --> [DEPRECATED] Implicit conversion from float 43.33333333333333 to int loses precision in APPPATH/Controllers/Front.php on line 176.
 1 APPPATH/Controllers/Front.php(176): imagettftext(Object(GdImage), 24, -6, 43.3333333333333285963817615993320941925048828125, 38, 0, '/home/casalingenieros/public_html/public/template/fonts/Poppins-Bold.ttf', 'T')
 2 SYSTEMPATH/CodeIgniter.php(933): App\Controllers\Front->creaCaptcha()
 3 SYSTEMPATH/CodeIgniter.php(509): CodeIgniter\CodeIgniter->runController(Object(App\Controllers\Front))
 4 SYSTEMPATH/CodeIgniter.php(355): CodeIgniter\CodeIgniter->handleRequest(null, Object(Config\Cache), false)
 5 SYSTEMPATH/Boot.php(325): CodeIgniter\CodeIgniter->run()
 6 SYSTEMPATH/Boot.php(67): CodeIgniter\Boot::runCodeIgniter(Object(CodeIgniter\CodeIgniter))
 7 FCPATH/index.php(56): CodeIgniter\Boot::bootWeb(Object(Config\Paths))
WARNING - 2025-02-07 01:42:56 --> [DEPRECATED] Implicit conversion from float 71.66666666666666 to int loses precision in APPPATH/Controllers/Front.php on line 176.
 1 APPPATH/Controllers/Front.php(176): imagettftext(Object(GdImage), 24, -6, 71.666666666666657192763523198664188385009765625, 28, 16777215, '/home/casalingenieros/public_html/public/template/fonts/Poppins-Bold.ttf', 'B')
 2 SYSTEMPATH/CodeIgniter.php(933): App\Controllers\Front->creaCaptcha()
 3 SYSTEMPATH/CodeIgniter.php(509): CodeIgniter\CodeIgniter->runController(Object(App\Controllers\Front))
 4 SYSTEMPATH/CodeIgniter.php(355): CodeIgniter\CodeIgniter->handleRequest(null, Object(Config\Cache), false)
 5 SYSTEMPATH/Boot.php(325): CodeIgniter\CodeIgniter->run()
 6 SYSTEMPATH/Boot.php(67): CodeIgniter\Boot::runCodeIgniter(Object(CodeIgniter\CodeIgniter))
 7 FCPATH/index.php(56): CodeIgniter\Boot::bootWeb(Object(Config\Paths))
WARNING - 2025-02-07 01:42:56 --> [DEPRECATED] Implicit conversion from float 128.33333333333331 to int loses precision in APPPATH/Controllers/Front.php on line 176.
 1 APPPATH/Controllers/Front.php(176): imagettftext(Object(GdImage), 24, -9, 128.33333333333331438552704639732837677001953125, 44, 16777215, '/home/casalingenieros/public_html/public/template/fonts/Poppins-Regular.ttf', 'S')
 2 SYSTEMPATH/CodeIgniter.php(933): App\Controllers\Front->creaCaptcha()
 3 SYSTEMPATH/CodeIgniter.php(509): CodeIgniter\CodeIgniter->runController(Object(App\Controllers\Front))
 4 SYSTEMPATH/CodeIgniter.php(355): CodeIgniter\CodeIgniter->handleRequest(null, Object(Config\Cache), false)
 5 SYSTEMPATH/Boot.php(325): CodeIgniter\CodeIgniter->run()
 6 SYSTEMPATH/Boot.php(67): CodeIgniter\Boot::runCodeIgniter(Object(CodeIgniter\CodeIgniter))
 7 FCPATH/index.php(56): CodeIgniter\Boot::bootWeb(Object(Config\Paths))
WARNING - 2025-02-07 01:42:56 --> [DEPRECATED] Implicit conversion from float 156.66666666666666 to int loses precision in APPPATH/Controllers/Front.php on line 176.
 1 APPPATH/Controllers/Front.php(176): imagettftext(Object(GdImage), 24, 1, 156.666666666666657192763523198664188385009765625, 45, 16777215, '/home/casalingenieros/public_html/public/template/fonts/Poppins-Bold.ttf', 'N')
 2 SYSTEMPATH/CodeIgniter.php(933): App\Controllers\Front->creaCaptcha()
 3 SYSTEMPATH/CodeIgniter.php(509): CodeIgniter\CodeIgniter->runController(Object(App\Controllers\Front))
 4 SYSTEMPATH/CodeIgniter.php(355): CodeIgniter\CodeIgniter->handleRequest(null, Object(Config\Cache), false)
 5 SYSTEMPATH/Boot.php(325): CodeIgniter\CodeIgniter->run()
 6 SYSTEMPATH/Boot.php(67): CodeIgniter\Boot::runCodeIgniter(Object(CodeIgniter\CodeIgniter))
 7 FCPATH/index.php(56): CodeIgniter\Boot::bootWeb(Object(Config\Paths))
INFO - 2025-02-07 01:42:56 --> Session: Class initialized using 'CodeIgniter\Session\Handlers\FileHandler' driver.
CRITICAL - 2025-02-07 01:43:45 --> CodeIgniter\HTTP\Exceptions\BadRequestException: The URI you submitted has disallowed characters: "'   paginator.totalPages   '"
[Method: GET, Route: template/paginator/%27%20%20%20paginator.totalPages%20%20%20%27]
in SYSTEMPATH/Router/Router.php on line 737.
 1 SYSTEMPATH/Router/Router.php(204): CodeIgniter\Router\Router->checkDisallowedChars('template/paginator/\'   paginator.totalPages   \'')
 2 SYSTEMPATH/CodeIgniter.php(834): CodeIgniter\Router\Router->handle('template/paginator/\'   paginator.totalPages   \'')
 3 SYSTEMPATH/CodeIgniter.php(457): CodeIgniter\CodeIgniter->tryToRouteIt(Object(CodeIgniter\Router\RouteCollection))
 4 SYSTEMPATH/CodeIgniter.php(355): CodeIgniter\CodeIgniter->handleRequest(null, Object(Config\Cache), false)
 5 SYSTEMPATH/Boot.php(325): CodeIgniter\CodeIgniter->run()
 6 SYSTEMPATH/Boot.php(67): CodeIgniter\Boot::runCodeIgniter(Object(CodeIgniter\CodeIgniter))
 7 FCPATH/index.php(56): CodeIgniter\Boot::bootWeb(Object(Config\Paths))
CRITICAL - 2025-02-07 01:43:47 --> CodeIgniter\HTTP\Exceptions\BadRequestException: The URI you submitted has disallowed characters: "'   parseInt(paginator.number - 1)   '"
[Method: GET, Route: template/paginator/%27%20%20%20parseInt%28paginator.number%20-%201%29%20%20%20%27]
in SYSTEMPATH/Router/Router.php on line 737.
 1 SYSTEMPATH/Router/Router.php(204): CodeIgniter\Router\Router->checkDisallowedChars('template/paginator/\'   parseInt(paginator.number - 1)   \'')
 2 SYSTEMPATH/CodeIgniter.php(834): CodeIgniter\Router\Router->handle('template/paginator/\'   parseInt(paginator.number - 1)   \'')
 3 SYSTEMPATH/CodeIgniter.php(457): CodeIgniter\CodeIgniter->tryToRouteIt(Object(CodeIgniter\Router\RouteCollection))
 4 SYSTEMPATH/CodeIgniter.php(355): CodeIgniter\CodeIgniter->handleRequest(null, Object(Config\Cache), false)
 5 SYSTEMPATH/Boot.php(325): CodeIgniter\CodeIgniter->run()
 6 SYSTEMPATH/Boot.php(67): CodeIgniter\Boot::runCodeIgniter(Object(CodeIgniter\CodeIgniter))
 7 FCPATH/index.php(56): CodeIgniter\Boot::bootWeb(Object(Config\Paths))
CRITICAL - 2025-02-07 01:43:50 --> CodeIgniter\HTTP\Exceptions\BadRequestException: The URI you submitted has disallowed characters: "'   parseInt(paginator.number   1)   '"
[Method: GET, Route: template/paginator/%27%20%20%20parseInt%28paginator.number%20%20%201%29%20%20%20%27]
in SYSTEMPATH/Router/Router.php on line 737.
 1 SYSTEMPATH/Router/Router.php(204): CodeIgniter\Router\Router->checkDisallowedChars('template/paginator/\'   parseInt(paginator.number   1)   \'')
 2 SYSTEMPATH/CodeIgniter.php(834): CodeIgniter\Router\Router->handle('template/paginator/\'   parseInt(paginator.number   1)   \'')
 3 SYSTEMPATH/CodeIgniter.php(457): CodeIgniter\CodeIgniter->tryToRouteIt(Object(CodeIgniter\Router\RouteCollection))
 4 SYSTEMPATH/CodeIgniter.php(355): CodeIgniter\CodeIgniter->handleRequest(null, Object(Config\Cache), false)
 5 SYSTEMPATH/Boot.php(325): CodeIgniter\CodeIgniter->run()
 6 SYSTEMPATH/Boot.php(67): CodeIgniter\Boot::runCodeIgniter(Object(CodeIgniter\CodeIgniter))
 7 FCPATH/index.php(56): CodeIgniter\Boot::bootWeb(Object(Config\Paths))
CRITICAL - 2025-02-07 01:43:52 --> CodeIgniter\HTTP\Exceptions\BadRequestException: The URI you submitted has disallowed characters: "'   pagina   '"
[Method: GET, Route: template/paginator/%27%20%20%20pagina%20%20%20%27]
in SYSTEMPATH/Router/Router.php on line 737.
 1 SYSTEMPATH/Router/Router.php(204): CodeIgniter\Router\Router->checkDisallowedChars('template/paginator/\'   pagina   \'')
 2 SYSTEMPATH/CodeIgniter.php(834): CodeIgniter\Router\Router->handle('template/paginator/\'   pagina   \'')
 3 SYSTEMPATH/CodeIgniter.php(457): CodeIgniter\CodeIgniter->tryToRouteIt(Object(CodeIgniter\Router\RouteCollection))
 4 SYSTEMPATH/CodeIgniter.php(355): CodeIgniter\CodeIgniter->handleRequest(null, Object(Config\Cache), false)
 5 SYSTEMPATH/Boot.php(325): CodeIgniter\CodeIgniter->run()
 6 SYSTEMPATH/Boot.php(67): CodeIgniter\Boot::runCodeIgniter(Object(CodeIgniter\CodeIgniter))
 7 FCPATH/index.php(56): CodeIgniter\Boot::bootWeb(Object(Config\Paths))
INFO - 2025-02-07 01:56:45 --> Session: Class initialized using 'CodeIgniter\Session\Handlers\FileHandler' driver.
INFO - 2025-02-07 01:56:48 --> Session: Class initialized using 'CodeIgniter\Session\Handlers\FileHandler' driver.
WARNING - 2025-02-07 01:56:48 --> [DEPRECATED] Implicit conversion from float 43.33333333333333 to int loses precision in APPPATH/Controllers/Front.php on line 176.
 1 APPPATH/Controllers/Front.php(176): imagettftext(Object(GdImage), 24, 6, 43.3333333333333285963817615993320941925048828125, 28, 16777215, '/home/casalingenieros/public_html/public/template/fonts/Poppins-Regular.ttf', 'R')
 2 SYSTEMPATH/CodeIgniter.php(933): App\Controllers\Front->creaCaptcha()
 3 SYSTEMPATH/CodeIgniter.php(509): CodeIgniter\CodeIgniter->runController(Object(App\Controllers\Front))
 4 SYSTEMPATH/CodeIgniter.php(355): CodeIgniter\CodeIgniter->handleRequest(null, Object(Config\Cache), false)
 5 SYSTEMPATH/Boot.php(325): CodeIgniter\CodeIgniter->run()
 6 SYSTEMPATH/Boot.php(67): CodeIgniter\Boot::runCodeIgniter(Object(CodeIgniter\CodeIgniter))
 7 FCPATH/index.php(56): CodeIgniter\Boot::bootWeb(Object(Config\Paths))
WARNING - 2025-02-07 01:56:48 --> [DEPRECATED] Implicit conversion from float 71.66666666666666 to int loses precision in APPPATH/Controllers/Front.php on line 176.
 1 APPPATH/Controllers/Front.php(176): imagettftext(Object(GdImage), 24, -2, 71.666666666666657192763523198664188385009765625, 25, 0, '/home/casalingenieros/public_html/public/template/fonts/Poppins-Regular.ttf', 'Q')
 2 SYSTEMPATH/CodeIgniter.php(933): App\Controllers\Front->creaCaptcha()
 3 SYSTEMPATH/CodeIgniter.php(509): CodeIgniter\CodeIgniter->runController(Object(App\Controllers\Front))
 4 SYSTEMPATH/CodeIgniter.php(355): CodeIgniter\CodeIgniter->handleRequest(null, Object(Config\Cache), false)
 5 SYSTEMPATH/Boot.php(325): CodeIgniter\CodeIgniter->run()
 6 SYSTEMPATH/Boot.php(67): CodeIgniter\Boot::runCodeIgniter(Object(CodeIgniter\CodeIgniter))
 7 FCPATH/index.php(56): CodeIgniter\Boot::bootWeb(Object(Config\Paths))
WARNING - 2025-02-07 01:56:48 --> [DEPRECATED] Implicit conversion from float 128.33333333333331 to int loses precision in APPPATH/Controllers/Front.php on line 176.
 1 APPPATH/Controllers/Front.php(176): imagettftext(Object(GdImage), 24, 2, 128.33333333333331438552704639732837677001953125, 26, 16777215, '/home/casalingenieros/public_html/public/template/fonts/Poppins-Bold.ttf', 'Y')
 2 SYSTEMPATH/CodeIgniter.php(933): App\Controllers\Front->creaCaptcha()
 3 SYSTEMPATH/CodeIgniter.php(509): CodeIgniter\CodeIgniter->runController(Object(App\Controllers\Front))
 4 SYSTEMPATH/CodeIgniter.php(355): CodeIgniter\CodeIgniter->handleRequest(null, Object(Config\Cache), false)
 5 SYSTEMPATH/Boot.php(325): CodeIgniter\CodeIgniter->run()
 6 SYSTEMPATH/Boot.php(67): CodeIgniter\Boot::runCodeIgniter(Object(CodeIgniter\CodeIgniter))
 7 FCPATH/index.php(56): CodeIgniter\Boot::bootWeb(Object(Config\Paths))
WARNING - 2025-02-07 01:56:48 --> [DEPRECATED] Implicit conversion from float 156.66666666666666 to int loses precision in APPPATH/Controllers/Front.php on line 176.
 1 APPPATH/Controllers/Front.php(176): imagettftext(Object(GdImage), 24, -11, 156.666666666666657192763523198664188385009765625, 32, 16777215, '/home/casalingenieros/public_html/public/template/fonts/Poppins-Bold.ttf', 'C')
 2 SYSTEMPATH/CodeIgniter.php(933): App\Controllers\Front->creaCaptcha()
 3 SYSTEMPATH/CodeIgniter.php(509): CodeIgniter\CodeIgniter->runController(Object(App\Controllers\Front))
 4 SYSTEMPATH/CodeIgniter.php(355): CodeIgniter\CodeIgniter->handleRequest(null, Object(Config\Cache), false)
 5 SYSTEMPATH/Boot.php(325): CodeIgniter\CodeIgniter->run()
 6 SYSTEMPATH/Boot.php(67): CodeIgniter\Boot::runCodeIgniter(Object(CodeIgniter\CodeIgniter))
 7 FCPATH/index.php(56): CodeIgniter\Boot::bootWeb(Object(Config\Paths))
INFO - 2025-02-07 01:56:50 --> Session: Class initialized using 'CodeIgniter\Session\Handlers\FileHandler' driver.
WARNING - 2025-02-07 01:56:50 --> [DEPRECATED] Implicit conversion from float 43.33333333333333 to int loses precision in APPPATH/Controllers/Front.php on line 176.
 1 APPPATH/Controllers/Front.php(176): imagettftext(Object(GdImage), 24, -13, 43.3333333333333285963817615993320941925048828125, 33, 0, '/home/casalingenieros/public_html/public/template/fonts/Poppins-Bold.ttf', 'B')
 2 SYSTEMPATH/CodeIgniter.php(933): App\Controllers\Front->creaCaptcha()
 3 SYSTEMPATH/CodeIgniter.php(509): CodeIgniter\CodeIgniter->runController(Object(App\Controllers\Front))
 4 SYSTEMPATH/CodeIgniter.php(355): CodeIgniter\CodeIgniter->handleRequest(null, Object(Config\Cache), false)
 5 SYSTEMPATH/Boot.php(325): CodeIgniter\CodeIgniter->run()
 6 SYSTEMPATH/Boot.php(67): CodeIgniter\Boot::runCodeIgniter(Object(CodeIgniter\CodeIgniter))
 7 FCPATH/index.php(56): CodeIgniter\Boot::bootWeb(Object(Config\Paths))
WARNING - 2025-02-07 01:56:50 --> [DEPRECATED] Implicit conversion from float 71.66666666666666 to int loses precision in APPPATH/Controllers/Front.php on line 176.
 1 APPPATH/Controllers/Front.php(176): imagettftext(Object(GdImage), 24, 6, 71.666666666666657192763523198664188385009765625, 45, 0, '/home/casalingenieros/public_html/public/template/fonts/Poppins-Bold.ttf', 'X')
 2 SYSTEMPATH/CodeIgniter.php(933): App\Controllers\Front->creaCaptcha()
 3 SYSTEMPATH/CodeIgniter.php(509): CodeIgniter\CodeIgniter->runController(Object(App\Controllers\Front))
 4 SYSTEMPATH/CodeIgniter.php(355): CodeIgniter\CodeIgniter->handleRequest(null, Object(Config\Cache), false)
 5 SYSTEMPATH/Boot.php(325): CodeIgniter\CodeIgniter->run()
 6 SYSTEMPATH/Boot.php(67): CodeIgniter\Boot::runCodeIgniter(Object(CodeIgniter\CodeIgniter))
 7 FCPATH/index.php(56): CodeIgniter\Boot::bootWeb(Object(Config\Paths))
WARNING - 2025-02-07 01:56:50 --> [DEPRECATED] Implicit conversion from float 128.33333333333331 to int loses precision in APPPATH/Controllers/Front.php on line 176.
 1 APPPATH/Controllers/Front.php(176): imagettftext(Object(GdImage), 24, -12, 128.33333333333331438552704639732837677001953125, 26, 16777215, '/home/casalingenieros/public_html/public/template/fonts/Poppins-Regular.ttf', 'X')
 2 SYSTEMPATH/CodeIgniter.php(933): App\Controllers\Front->creaCaptcha()
 3 SYSTEMPATH/CodeIgniter.php(509): CodeIgniter\CodeIgniter->runController(Object(App\Controllers\Front))
 4 SYSTEMPATH/CodeIgniter.php(355): CodeIgniter\CodeIgniter->handleRequest(null, Object(Config\Cache), false)
 5 SYSTEMPATH/Boot.php(325): CodeIgniter\CodeIgniter->run()
 6 SYSTEMPATH/Boot.php(67): CodeIgniter\Boot::runCodeIgniter(Object(CodeIgniter\CodeIgniter))
 7 FCPATH/index.php(56): CodeIgniter\Boot::bootWeb(Object(Config\Paths))
WARNING - 2025-02-07 01:56:50 --> [DEPRECATED] Implicit conversion from float 156.66666666666666 to int loses precision in APPPATH/Controllers/Front.php on line 176.
 1 APPPATH/Controllers/Front.php(176): imagettftext(Object(GdImage), 24, 7, 156.666666666666657192763523198664188385009765625, 30, 16777215, '/home/casalingenieros/public_html/public/template/fonts/Poppins-Bold.ttf', 'M')
 2 SYSTEMPATH/CodeIgniter.php(933): App\Controllers\Front->creaCaptcha()
 3 SYSTEMPATH/CodeIgniter.php(509): CodeIgniter\CodeIgniter->runController(Object(App\Controllers\Front))
 4 SYSTEMPATH/CodeIgniter.php(355): CodeIgniter\CodeIgniter->handleRequest(null, Object(Config\Cache), false)
 5 SYSTEMPATH/Boot.php(325): CodeIgniter\CodeIgniter->run()
 6 SYSTEMPATH/Boot.php(67): CodeIgniter\Boot::runCodeIgniter(Object(CodeIgniter\CodeIgniter))
 7 FCPATH/index.php(56): CodeIgniter\Boot::bootWeb(Object(Config\Paths))
INFO - 2025-02-07 01:57:17 --> Session: Class initialized using 'CodeIgniter\Session\Handlers\FileHandler' driver.
INFO - 2025-02-07 02:09:05 --> Session: Class initialized using 'CodeIgniter\Session\Handlers\FileHandler' driver.
INFO - 2025-02-07 02:33:57 --> Session: Class initialized using 'CodeIgniter\Session\Handlers\FileHandler' driver.
INFO - 2025-02-07 02:33:58 --> Session: Class initialized using 'CodeIgniter\Session\Handlers\FileHandler' driver.
INFO - 2025-02-07 02:50:13 --> Session: Class initialized using 'CodeIgniter\Session\Handlers\FileHandler' driver.
INFO - 2025-02-07 02:50:40 --> Session: Class initialized using 'CodeIgniter\Session\Handlers\FileHandler' driver.
INFO - 2025-02-07 02:52:49 --> Session: Class initialized using 'CodeIgniter\Session\Handlers\FileHandler' driver.
INFO - 2025-02-07 03:03:23 --> Session: Class initialized using 'CodeIgniter\Session\Handlers\FileHandler' driver.
INFO - 2025-02-07 03:03:47 --> Session: Class initialized using 'CodeIgniter\Session\Handlers\FileHandler' driver.
INFO - 2025-02-07 03:04:05 --> Session: Class initialized using 'CodeIgniter\Session\Handlers\FileHandler' driver.
INFO - 2025-02-07 03:05:01 --> Session: Class initialized using 'CodeIgniter\Session\Handlers\FileHandler' driver.
INFO - 2025-02-07 03:07:04 --> Session: Class initialized using 'CodeIgniter\Session\Handlers\FileHandler' driver.
INFO - 2025-02-07 03:07:36 --> Session: Class initialized using 'CodeIgniter\Session\Handlers\FileHandler' driver.
INFO - 2025-02-07 03:08:14 --> Session: Class initialized using 'CodeIgniter\Session\Handlers\FileHandler' driver.
INFO - 2025-02-07 03:09:59 --> Session: Class initialized using 'CodeIgniter\Session\Handlers\FileHandler' driver.
INFO - 2025-02-07 03:11:49 --> Session: Class initialized using 'CodeIgniter\Session\Handlers\FileHandler' driver.
INFO - 2025-02-07 03:12:12 --> Session: Class initialized using 'CodeIgniter\Session\Handlers\FileHandler' driver.
INFO - 2025-02-07 03:12:12 --> Session: Class initialized using 'CodeIgniter\Session\Handlers\FileHandler' driver.
INFO - 2025-02-07 03:12:47 --> Session: Class initialized using 'CodeIgniter\Session\Handlers\FileHandler' driver.
INFO - 2025-02-07 03:13:47 --> Session: Class initialized using 'CodeIgniter\Session\Handlers\FileHandler' driver.
INFO - 2025-02-07 03:14:35 --> Session: Class initialized using 'CodeIgniter\Session\Handlers\FileHandler' driver.
INFO - 2025-02-07 03:16:56 --> Session: Class initialized using 'CodeIgniter\Session\Handlers\FileHandler' driver.
INFO - 2025-02-07 03:17:22 --> Session: Class initialized using 'CodeIgniter\Session\Handlers\FileHandler' driver.
INFO - 2025-02-07 03:17:29 --> Session: Class initialized using 'CodeIgniter\Session\Handlers\FileHandler' driver.
INFO - 2025-02-07 03:20:20 --> Session: Class initialized using 'CodeIgniter\Session\Handlers\FileHandler' driver.
INFO - 2025-02-07 03:20:34 --> Session: Class initialized using 'CodeIgniter\Session\Handlers\FileHandler' driver.
INFO - 2025-02-07 03:20:56 --> Session: Class initialized using 'CodeIgniter\Session\Handlers\FileHandler' driver.
INFO - 2025-02-07 03:21:55 --> Session: Class initialized using 'CodeIgniter\Session\Handlers\FileHandler' driver.
INFO - 2025-02-07 03:23:19 --> Session: Class initialized using 'CodeIgniter\Session\Handlers\FileHandler' driver.
INFO - 2025-02-07 03:24:20 --> Session: Class initialized using 'CodeIgniter\Session\Handlers\FileHandler' driver.
INFO - 2025-02-07 03:25:08 --> Session: Class initialized using 'CodeIgniter\Session\Handlers\FileHandler' driver.
INFO - 2025-02-07 03:25:44 --> Session: Class initialized using 'CodeIgniter\Session\Handlers\FileHandler' driver.
INFO - 2025-02-07 03:26:15 --> Session: Class initialized using 'CodeIgniter\Session\Handlers\FileHandler' driver.
INFO - 2025-02-07 03:26:29 --> Session: Class initialized using 'CodeIgniter\Session\Handlers\FileHandler' driver.
INFO - 2025-02-07 03:26:38 --> Session: Class initialized using 'CodeIgniter\Session\Handlers\FileHandler' driver.
INFO - 2025-02-07 03:27:28 --> Session: Class initialized using 'CodeIgniter\Session\Handlers\FileHandler' driver.
INFO - 2025-02-07 03:28:00 --> Session: Class initialized using 'CodeIgniter\Session\Handlers\FileHandler' driver.
INFO - 2025-02-07 03:28:11 --> Session: Class initialized using 'CodeIgniter\Session\Handlers\FileHandler' driver.
INFO - 2025-02-07 03:34:29 --> Session: Class initialized using 'CodeIgniter\Session\Handlers\FileHandler' driver.
INFO - 2025-02-07 03:37:08 --> Session: Class initialized using 'CodeIgniter\Session\Handlers\FileHandler' driver.
INFO - 2025-02-07 03:37:15 --> Session: Class initialized using 'CodeIgniter\Session\Handlers\FileHandler' driver.
INFO - 2025-02-07 03:37:34 --> Session: Class initialized using 'CodeIgniter\Session\Handlers\FileHandler' driver.
INFO - 2025-02-07 03:37:53 --> Session: Class initialized using 'CodeIgniter\Session\Handlers\FileHandler' driver.
INFO - 2025-02-07 03:37:58 --> Session: Class initialized using 'CodeIgniter\Session\Handlers\FileHandler' driver.
INFO - 2025-02-07 03:38:28 --> Session: Class initialized using 'CodeIgniter\Session\Handlers\FileHandler' driver.
INFO - 2025-02-07 03:38:51 --> Session: Class initialized using 'CodeIgniter\Session\Handlers\FileHandler' driver.
INFO - 2025-02-07 03:38:54 --> Session: Class initialized using 'CodeIgniter\Session\Handlers\FileHandler' driver.
INFO - 2025-02-07 03:39:41 --> Session: Class initialized using 'CodeIgniter\Session\Handlers\FileHandler' driver.
INFO - 2025-02-07 03:40:30 --> Session: Class initialized using 'CodeIgniter\Session\Handlers\FileHandler' driver.
INFO - 2025-02-07 03:44:45 --> Session: Class initialized using 'CodeIgniter\Session\Handlers\FileHandler' driver.
INFO - 2025-02-07 03:44:49 --> Session: Class initialized using 'CodeIgniter\Session\Handlers\FileHandler' driver.
INFO - 2025-02-07 03:46:53 --> Session: Class initialized using 'CodeIgniter\Session\Handlers\FileHandler' driver.
INFO - 2025-02-07 03:47:00 --> Session: Class initialized using 'CodeIgniter\Session\Handlers\FileHandler' driver.
INFO - 2025-02-07 03:47:09 --> Session: Class initialized using 'CodeIgniter\Session\Handlers\FileHandler' driver.
INFO - 2025-02-07 04:00:49 --> Session: Class initialized using 'CodeIgniter\Session\Handlers\FileHandler' driver.
INFO - 2025-02-07 04:00:50 --> Session: Class initialized using 'CodeIgniter\Session\Handlers\FileHandler' driver.
INFO - 2025-02-07 04:00:59 --> Session: Class initialized using 'CodeIgniter\Session\Handlers\FileHandler' driver.
INFO - 2025-02-07 04:01:24 --> Session: Class initialized using 'CodeIgniter\Session\Handlers\FileHandler' driver.
INFO - 2025-02-07 04:04:17 --> Session: Class initialized using 'CodeIgniter\Session\Handlers\FileHandler' driver.
INFO - 2025-02-07 04:12:12 --> Session: Class initialized using 'CodeIgniter\Session\Handlers\FileHandler' driver.
INFO - 2025-02-07 04:12:22 --> Session: Class initialized using 'CodeIgniter\Session\Handlers\FileHandler' driver.
CRITICAL - 2025-02-07 04:12:22 --> ErrorException: Attempt to read property "asunto" on string
[Method: POST, Route: FormularioController/mailServicio]
in APPPATH/Controllers/FormularioController.php on line 190.
 1 APPPATH/Controllers/FormularioController.php(190): CodeIgniter\Debug\Exceptions->errorHandler(2, 'Attempt to read property "asunto" on string', '/home/casalingenieros/public_html/app/Controllers/FormularioController.php', 190)
 2 SYSTEMPATH/CodeIgniter.php(933): App\Controllers\FormularioController->mailServicio()
 3 SYSTEMPATH/CodeIgniter.php(509): CodeIgniter\CodeIgniter->runController(Object(App\Controllers\FormularioController))
 4 SYSTEMPATH/CodeIgniter.php(355): CodeIgniter\CodeIgniter->handleRequest(null, Object(Config\Cache), false)
 5 SYSTEMPATH/Boot.php(325): CodeIgniter\CodeIgniter->run()
 6 SYSTEMPATH/Boot.php(67): CodeIgniter\Boot::runCodeIgniter(Object(CodeIgniter\CodeIgniter))
 7 FCPATH/index.php(56): CodeIgniter\Boot::bootWeb(Object(Config\Paths))
INFO - 2025-02-07 04:12:28 --> Session: Class initialized using 'CodeIgniter\Session\Handlers\FileHandler' driver.
INFO - 2025-02-07 04:12:49 --> Session: Class initialized using 'CodeIgniter\Session\Handlers\FileHandler' driver.
CRITICAL - 2025-02-07 04:12:49 --> ErrorException: Attempt to read property "asunto" on string
[Method: POST, Route: FormularioController/mailServicio]
in APPPATH/Controllers/FormularioController.php on line 190.
 1 APPPATH/Controllers/FormularioController.php(190): CodeIgniter\Debug\Exceptions->errorHandler(2, 'Attempt to read property "asunto" on string', '/home/casalingenieros/public_html/app/Controllers/FormularioController.php', 190)
 2 SYSTEMPATH/CodeIgniter.php(933): App\Controllers\FormularioController->mailServicio()
 3 SYSTEMPATH/CodeIgniter.php(509): CodeIgniter\CodeIgniter->runController(Object(App\Controllers\FormularioController))
 4 SYSTEMPATH/CodeIgniter.php(355): CodeIgniter\CodeIgniter->handleRequest(null, Object(Config\Cache), false)
 5 SYSTEMPATH/Boot.php(325): CodeIgniter\CodeIgniter->run()
 6 SYSTEMPATH/Boot.php(67): CodeIgniter\Boot::runCodeIgniter(Object(CodeIgniter\CodeIgniter))
 7 FCPATH/index.php(56): CodeIgniter\Boot::bootWeb(Object(Config\Paths))
INFO - 2025-02-07 04:12:50 --> Session: Class initialized using 'CodeIgniter\Session\Handlers\FileHandler' driver.
INFO - 2025-02-07 04:13:33 --> Session: Class initialized using 'CodeIgniter\Session\Handlers\FileHandler' driver.
INFO - 2025-02-07 04:13:43 --> Session: Class initialized using 'CodeIgniter\Session\Handlers\FileHandler' driver.
INFO - 2025-02-07 04:14:30 --> Session: Class initialized using 'CodeIgniter\Session\Handlers\FileHandler' driver.
INFO - 2025-02-07 04:14:55 --> Session: Class initialized using 'CodeIgniter\Session\Handlers\FileHandler' driver.
INFO - 2025-02-07 04:14:57 --> Session: Class initialized using 'CodeIgniter\Session\Handlers\FileHandler' driver.
WARNING - 2025-02-07 04:14:57 --> [DEPRECATED] Implicit conversion from float 43.33333333333333 to int loses precision in APPPATH/Controllers/Front.php on line 176.
 1 APPPATH/Controllers/Front.php(176): imagettftext(Object(GdImage), 24, 7, 43.3333333333333285963817615993320941925048828125, 33, 0, '/home/casalingenieros/public_html/public/template/fonts/Poppins-Bold.ttf', 'S')
 2 SYSTEMPATH/CodeIgniter.php(933): App\Controllers\Front->creaCaptcha()
 3 SYSTEMPATH/CodeIgniter.php(509): CodeIgniter\CodeIgniter->runController(Object(App\Controllers\Front))
 4 SYSTEMPATH/CodeIgniter.php(355): CodeIgniter\CodeIgniter->handleRequest(null, Object(Config\Cache), false)
 5 SYSTEMPATH/Boot.php(325): CodeIgniter\CodeIgniter->run()
 6 SYSTEMPATH/Boot.php(67): CodeIgniter\Boot::runCodeIgniter(Object(CodeIgniter\CodeIgniter))
 7 FCPATH/index.php(56): CodeIgniter\Boot::bootWeb(Object(Config\Paths))
WARNING - 2025-02-07 04:14:57 --> [DEPRECATED] Implicit conversion from float 71.66666666666666 to int loses precision in APPPATH/Controllers/Front.php on line 176.
 1 APPPATH/Controllers/Front.php(176): imagettftext(Object(GdImage), 24, -14, 71.666666666666657192763523198664188385009765625, 35, 0, '/home/casalingenieros/public_html/public/template/fonts/Poppins-Bold.ttf', 'P')
 2 SYSTEMPATH/CodeIgniter.php(933): App\Controllers\Front->creaCaptcha()
 3 SYSTEMPATH/CodeIgniter.php(509): CodeIgniter\CodeIgniter->runController(Object(App\Controllers\Front))
 4 SYSTEMPATH/CodeIgniter.php(355): CodeIgniter\CodeIgniter->handleRequest(null, Object(Config\Cache), false)
 5 SYSTEMPATH/Boot.php(325): CodeIgniter\CodeIgniter->run()
 6 SYSTEMPATH/Boot.php(67): CodeIgniter\Boot::runCodeIgniter(Object(CodeIgniter\CodeIgniter))
 7 FCPATH/index.php(56): CodeIgniter\Boot::bootWeb(Object(Config\Paths))
WARNING - 2025-02-07 04:14:57 --> [DEPRECATED] Implicit conversion from float 128.33333333333331 to int loses precision in APPPATH/Controllers/Front.php on line 176.
 1 APPPATH/Controllers/Front.php(176): imagettftext(Object(GdImage), 24, -4, 128.33333333333331438552704639732837677001953125, 27, 0, '/home/casalingenieros/public_html/public/template/fonts/Poppins-Bold.ttf', 'C')
 2 SYSTEMPATH/CodeIgniter.php(933): App\Controllers\Front->creaCaptcha()
 3 SYSTEMPATH/CodeIgniter.php(509): CodeIgniter\CodeIgniter->runController(Object(App\Controllers\Front))
 4 SYSTEMPATH/CodeIgniter.php(355): CodeIgniter\CodeIgniter->handleRequest(null, Object(Config\Cache), false)
 5 SYSTEMPATH/Boot.php(325): CodeIgniter\CodeIgniter->run()
 6 SYSTEMPATH/Boot.php(67): CodeIgniter\Boot::runCodeIgniter(Object(CodeIgniter\CodeIgniter))
 7 FCPATH/index.php(56): CodeIgniter\Boot::bootWeb(Object(Config\Paths))
WARNING - 2025-02-07 04:14:57 --> [DEPRECATED] Implicit conversion from float 156.66666666666666 to int loses precision in APPPATH/Controllers/Front.php on line 176.
 1 APPPATH/Controllers/Front.php(176): imagettftext(Object(GdImage), 24, 14, 156.666666666666657192763523198664188385009765625, 33, 0, '/home/casalingenieros/public_html/public/template/fonts/Poppins-Bold.ttf', 'N')
 2 SYSTEMPATH/CodeIgniter.php(933): App\Controllers\Front->creaCaptcha()
 3 SYSTEMPATH/CodeIgniter.php(509): CodeIgniter\CodeIgniter->runController(Object(App\Controllers\Front))
 4 SYSTEMPATH/CodeIgniter.php(355): CodeIgniter\CodeIgniter->handleRequest(null, Object(Config\Cache), false)
 5 SYSTEMPATH/Boot.php(325): CodeIgniter\CodeIgniter->run()
 6 SYSTEMPATH/Boot.php(67): CodeIgniter\Boot::runCodeIgniter(Object(CodeIgniter\CodeIgniter))
 7 FCPATH/index.php(56): CodeIgniter\Boot::bootWeb(Object(Config\Paths))
INFO - 2025-02-07 04:14:57 --> Session: Class initialized using 'CodeIgniter\Session\Handlers\FileHandler' driver.
WARNING - 2025-02-07 04:14:57 --> [DEPRECATED] Implicit conversion from float 43.33333333333333 to int loses precision in APPPATH/Controllers/Front.php on line 176.
 1 APPPATH/Controllers/Front.php(176): imagettftext(Object(GdImage), 24, -3, 43.3333333333333285963817615993320941925048828125, 31, 0, '/home/casalingenieros/public_html/public/template/fonts/Poppins-Regular.ttf', 'G')
 2 SYSTEMPATH/CodeIgniter.php(933): App\Controllers\Front->creaCaptcha()
 3 SYSTEMPATH/CodeIgniter.php(509): CodeIgniter\CodeIgniter->runController(Object(App\Controllers\Front))
 4 SYSTEMPATH/CodeIgniter.php(355): CodeIgniter\CodeIgniter->handleRequest(null, Object(Config\Cache), false)
 5 SYSTEMPATH/Boot.php(325): CodeIgniter\CodeIgniter->run()
 6 SYSTEMPATH/Boot.php(67): CodeIgniter\Boot::runCodeIgniter(Object(CodeIgniter\CodeIgniter))
 7 FCPATH/index.php(56): CodeIgniter\Boot::bootWeb(Object(Config\Paths))
WARNING - 2025-02-07 04:14:57 --> [DEPRECATED] Implicit conversion from float 71.66666666666666 to int loses precision in APPPATH/Controllers/Front.php on line 176.
 1 APPPATH/Controllers/Front.php(176): imagettftext(Object(GdImage), 24, 1, 71.666666666666657192763523198664188385009765625, 45, 0, '/home/casalingenieros/public_html/public/template/fonts/Poppins-Bold.ttf', 'A')
 2 SYSTEMPATH/CodeIgniter.php(933): App\Controllers\Front->creaCaptcha()
 3 SYSTEMPATH/CodeIgniter.php(509): CodeIgniter\CodeIgniter->runController(Object(App\Controllers\Front))
 4 SYSTEMPATH/CodeIgniter.php(355): CodeIgniter\CodeIgniter->handleRequest(null, Object(Config\Cache), false)
 5 SYSTEMPATH/Boot.php(325): CodeIgniter\CodeIgniter->run()
 6 SYSTEMPATH/Boot.php(67): CodeIgniter\Boot::runCodeIgniter(Object(CodeIgniter\CodeIgniter))
 7 FCPATH/index.php(56): CodeIgniter\Boot::bootWeb(Object(Config\Paths))
WARNING - 2025-02-07 04:14:57 --> [DEPRECATED] Implicit conversion from float 128.33333333333331 to int loses precision in APPPATH/Controllers/Front.php on line 176.
 1 APPPATH/Controllers/Front.php(176): imagettftext(Object(GdImage), 24, 3, 128.33333333333331438552704639732837677001953125, 29, 0, '/home/casalingenieros/public_html/public/template/fonts/Poppins-Regular.ttf', 'L')
 2 SYSTEMPATH/CodeIgniter.php(933): App\Controllers\Front->creaCaptcha()
 3 SYSTEMPATH/CodeIgniter.php(509): CodeIgniter\CodeIgniter->runController(Object(App\Controllers\Front))
 4 SYSTEMPATH/CodeIgniter.php(355): CodeIgniter\CodeIgniter->handleRequest(null, Object(Config\Cache), false)
 5 SYSTEMPATH/Boot.php(325): CodeIgniter\CodeIgniter->run()
 6 SYSTEMPATH/Boot.php(67): CodeIgniter\Boot::runCodeIgniter(Object(CodeIgniter\CodeIgniter))
 7 FCPATH/index.php(56): CodeIgniter\Boot::bootWeb(Object(Config\Paths))
WARNING - 2025-02-07 04:14:57 --> [DEPRECATED] Implicit conversion from float 156.66666666666666 to int loses precision in APPPATH/Controllers/Front.php on line 176.
 1 APPPATH/Controllers/Front.php(176): imagettftext(Object(GdImage), 24, -5, 156.666666666666657192763523198664188385009765625, 34, 0, '/home/casalingenieros/public_html/public/template/fonts/Poppins-Regular.ttf', 'S')
 2 SYSTEMPATH/CodeIgniter.php(933): App\Controllers\Front->creaCaptcha()
 3 SYSTEMPATH/CodeIgniter.php(509): CodeIgniter\CodeIgniter->runController(Object(App\Controllers\Front))
 4 SYSTEMPATH/CodeIgniter.php(355): CodeIgniter\CodeIgniter->handleRequest(null, Object(Config\Cache), false)
 5 SYSTEMPATH/Boot.php(325): CodeIgniter\CodeIgniter->run()
 6 SYSTEMPATH/Boot.php(67): CodeIgniter\Boot::runCodeIgniter(Object(CodeIgniter\CodeIgniter))
 7 FCPATH/index.php(56): CodeIgniter\Boot::bootWeb(Object(Config\Paths))
INFO - 2025-02-07 04:15:15 --> Session: Class initialized using 'CodeIgniter\Session\Handlers\FileHandler' driver.
INFO - 2025-02-07 04:15:59 --> Session: Class initialized using 'CodeIgniter\Session\Handlers\FileHandler' driver.
INFO - 2025-02-07 04:17:02 --> Session: Class initialized using 'CodeIgniter\Session\Handlers\FileHandler' driver.
INFO - 2025-02-07 04:17:46 --> Session: Class initialized using 'CodeIgniter\Session\Handlers\FileHandler' driver.
INFO - 2025-02-07 04:18:40 --> Session: Class initialized using 'CodeIgniter\Session\Handlers\FileHandler' driver.
INFO - 2025-02-07 04:20:10 --> Session: Class initialized using 'CodeIgniter\Session\Handlers\FileHandler' driver.
INFO - 2025-02-07 04:20:18 --> Session: Class initialized using 'CodeIgniter\Session\Handlers\FileHandler' driver.
INFO - 2025-02-07 04:20:54 --> Session: Class initialized using 'CodeIgniter\Session\Handlers\FileHandler' driver.
INFO - 2025-02-07 04:22:29 --> Session: Class initialized using 'CodeIgniter\Session\Handlers\FileHandler' driver.
INFO - 2025-02-07 04:22:59 --> Session: Class initialized using 'CodeIgniter\Session\Handlers\FileHandler' driver.
INFO - 2025-02-07 04:24:20 --> Session: Class initialized using 'CodeIgniter\Session\Handlers\FileHandler' driver.
INFO - 2025-02-07 04:24:25 --> Session: Class initialized using 'CodeIgniter\Session\Handlers\FileHandler' driver.
INFO - 2025-02-07 04:25:09 --> Session: Class initialized using 'CodeIgniter\Session\Handlers\FileHandler' driver.
INFO - 2025-02-07 04:25:31 --> Session: Class initialized using 'CodeIgniter\Session\Handlers\FileHandler' driver.
INFO - 2025-02-07 04:25:42 --> Session: Class initialized using 'CodeIgniter\Session\Handlers\FileHandler' driver.
INFO - 2025-02-07 04:28:11 --> Session: Class initialized using 'CodeIgniter\Session\Handlers\FileHandler' driver.
INFO - 2025-02-07 04:28:12 --> Session: Class initialized using 'CodeIgniter\Session\Handlers\FileHandler' driver.
WARNING - 2025-02-07 04:28:12 --> [DEPRECATED] Implicit conversion from float 43.33333333333333 to int loses precision in APPPATH/Controllers/Front.php on line 176.
 1 APPPATH/Controllers/Front.php(176): imagettftext(Object(GdImage), 24, -8, 43.3333333333333285963817615993320941925048828125, 27, 0, '/home/casalingenieros/public_html/public/template/fonts/Poppins-Regular.ttf', 'Q')
 2 SYSTEMPATH/CodeIgniter.php(933): App\Controllers\Front->creaCaptcha()
 3 SYSTEMPATH/CodeIgniter.php(509): CodeIgniter\CodeIgniter->runController(Object(App\Controllers\Front))
 4 SYSTEMPATH/CodeIgniter.php(355): CodeIgniter\CodeIgniter->handleRequest(null, Object(Config\Cache), false)
 5 SYSTEMPATH/Boot.php(325): CodeIgniter\CodeIgniter->run()
 6 SYSTEMPATH/Boot.php(67): CodeIgniter\Boot::runCodeIgniter(Object(CodeIgniter\CodeIgniter))
 7 FCPATH/index.php(56): CodeIgniter\Boot::bootWeb(Object(Config\Paths))
WARNING - 2025-02-07 04:28:12 --> [DEPRECATED] Implicit conversion from float 71.66666666666666 to int loses precision in APPPATH/Controllers/Front.php on line 176.
 1 APPPATH/Controllers/Front.php(176): imagettftext(Object(GdImage), 24, 2, 71.666666666666657192763523198664188385009765625, 45, 16777215, '/home/casalingenieros/public_html/public/template/fonts/Poppins-Bold.ttf', 'P')
 2 SYSTEMPATH/CodeIgniter.php(933): App\Controllers\Front->creaCaptcha()
 3 SYSTEMPATH/CodeIgniter.php(509): CodeIgniter\CodeIgniter->runController(Object(App\Controllers\Front))
 4 SYSTEMPATH/CodeIgniter.php(355): CodeIgniter\CodeIgniter->handleRequest(null, Object(Config\Cache), false)
 5 SYSTEMPATH/Boot.php(325): CodeIgniter\CodeIgniter->run()
 6 SYSTEMPATH/Boot.php(67): CodeIgniter\Boot::runCodeIgniter(Object(CodeIgniter\CodeIgniter))
 7 FCPATH/index.php(56): CodeIgniter\Boot::bootWeb(Object(Config\Paths))
WARNING - 2025-02-07 04:28:12 --> [DEPRECATED] Implicit conversion from float 128.33333333333331 to int loses precision in APPPATH/Controllers/Front.php on line 176.
 1 APPPATH/Controllers/Front.php(176): imagettftext(Object(GdImage), 24, 13, 128.33333333333331438552704639732837677001953125, 41, 16777215, '/home/casalingenieros/public_html/public/template/fonts/Poppins-Regular.ttf', 'N')
 2 SYSTEMPATH/CodeIgniter.php(933): App\Controllers\Front->creaCaptcha()
 3 SYSTEMPATH/CodeIgniter.php(509): CodeIgniter\CodeIgniter->runController(Object(App\Controllers\Front))
 4 SYSTEMPATH/CodeIgniter.php(355): CodeIgniter\CodeIgniter->handleRequest(null, Object(Config\Cache), false)
 5 SYSTEMPATH/Boot.php(325): CodeIgniter\CodeIgniter->run()
 6 SYSTEMPATH/Boot.php(67): CodeIgniter\Boot::runCodeIgniter(Object(CodeIgniter\CodeIgniter))
 7 FCPATH/index.php(56): CodeIgniter\Boot::bootWeb(Object(Config\Paths))
WARNING - 2025-02-07 04:28:12 --> [DEPRECATED] Implicit conversion from float 156.66666666666666 to int loses precision in APPPATH/Controllers/Front.php on line 176.
 1 APPPATH/Controllers/Front.php(176): imagettftext(Object(GdImage), 24, -8, 156.666666666666657192763523198664188385009765625, 29, 0, '/home/casalingenieros/public_html/public/template/fonts/Poppins-Regular.ttf', 'N')
 2 SYSTEMPATH/CodeIgniter.php(933): App\Controllers\Front->creaCaptcha()
 3 SYSTEMPATH/CodeIgniter.php(509): CodeIgniter\CodeIgniter->runController(Object(App\Controllers\Front))
 4 SYSTEMPATH/CodeIgniter.php(355): CodeIgniter\CodeIgniter->handleRequest(null, Object(Config\Cache), false)
 5 SYSTEMPATH/Boot.php(325): CodeIgniter\CodeIgniter->run()
 6 SYSTEMPATH/Boot.php(67): CodeIgniter\Boot::runCodeIgniter(Object(CodeIgniter\CodeIgniter))
 7 FCPATH/index.php(56): CodeIgniter\Boot::bootWeb(Object(Config\Paths))
INFO - 2025-02-07 04:28:12 --> Session: Class initialized using 'CodeIgniter\Session\Handlers\FileHandler' driver.
WARNING - 2025-02-07 04:28:12 --> [DEPRECATED] Implicit conversion from float 43.33333333333333 to int loses precision in APPPATH/Controllers/Front.php on line 176.
 1 APPPATH/Controllers/Front.php(176): imagettftext(Object(GdImage), 24, -15, 43.3333333333333285963817615993320941925048828125, 42, 16777215, '/home/casalingenieros/public_html/public/template/fonts/Poppins-Regular.ttf', 'Q')
 2 SYSTEMPATH/CodeIgniter.php(933): App\Controllers\Front->creaCaptcha()
 3 SYSTEMPATH/CodeIgniter.php(509): CodeIgniter\CodeIgniter->runController(Object(App\Controllers\Front))
 4 SYSTEMPATH/CodeIgniter.php(355): CodeIgniter\CodeIgniter->handleRequest(null, Object(Config\Cache), false)
 5 SYSTEMPATH/Boot.php(325): CodeIgniter\CodeIgniter->run()
 6 SYSTEMPATH/Boot.php(67): CodeIgniter\Boot::runCodeIgniter(Object(CodeIgniter\CodeIgniter))
 7 FCPATH/index.php(56): CodeIgniter\Boot::bootWeb(Object(Config\Paths))
WARNING - 2025-02-07 04:28:12 --> [DEPRECATED] Implicit conversion from float 71.66666666666666 to int loses precision in APPPATH/Controllers/Front.php on line 176.
 1 APPPATH/Controllers/Front.php(176): imagettftext(Object(GdImage), 24, -3, 71.666666666666657192763523198664188385009765625, 38, 0, '/home/casalingenieros/public_html/public/template/fonts/Poppins-Bold.ttf', 'J')
 2 SYSTEMPATH/CodeIgniter.php(933): App\Controllers\Front->creaCaptcha()
 3 SYSTEMPATH/CodeIgniter.php(509): CodeIgniter\CodeIgniter->runController(Object(App\Controllers\Front))
 4 SYSTEMPATH/CodeIgniter.php(355): CodeIgniter\CodeIgniter->handleRequest(null, Object(Config\Cache), false)
 5 SYSTEMPATH/Boot.php(325): CodeIgniter\CodeIgniter->run()
 6 SYSTEMPATH/Boot.php(67): CodeIgniter\Boot::runCodeIgniter(Object(CodeIgniter\CodeIgniter))
 7 FCPATH/index.php(56): CodeIgniter\Boot::bootWeb(Object(Config\Paths))
WARNING - 2025-02-07 04:28:12 --> [DEPRECATED] Implicit conversion from float 128.33333333333331 to int loses precision in APPPATH/Controllers/Front.php on line 176.
 1 APPPATH/Controllers/Front.php(176): imagettftext(Object(GdImage), 24, 9, 128.33333333333331438552704639732837677001953125, 27, 16777215, '/home/casalingenieros/public_html/public/template/fonts/Poppins-Regular.ttf', 'M')
 2 SYSTEMPATH/CodeIgniter.php(933): App\Controllers\Front->creaCaptcha()
 3 SYSTEMPATH/CodeIgniter.php(509): CodeIgniter\CodeIgniter->runController(Object(App\Controllers\Front))
 4 SYSTEMPATH/CodeIgniter.php(355): CodeIgniter\CodeIgniter->handleRequest(null, Object(Config\Cache), false)
 5 SYSTEMPATH/Boot.php(325): CodeIgniter\CodeIgniter->run()
 6 SYSTEMPATH/Boot.php(67): CodeIgniter\Boot::runCodeIgniter(Object(CodeIgniter\CodeIgniter))
 7 FCPATH/index.php(56): CodeIgniter\Boot::bootWeb(Object(Config\Paths))
WARNING - 2025-02-07 04:28:12 --> [DEPRECATED] Implicit conversion from float 156.66666666666666 to int loses precision in APPPATH/Controllers/Front.php on line 176.
 1 APPPATH/Controllers/Front.php(176): imagettftext(Object(GdImage), 24, -12, 156.666666666666657192763523198664188385009765625, 45, 16777215, '/home/casalingenieros/public_html/public/template/fonts/Poppins-Bold.ttf', 'U')
 2 SYSTEMPATH/CodeIgniter.php(933): App\Controllers\Front->creaCaptcha()
 3 SYSTEMPATH/CodeIgniter.php(509): CodeIgniter\CodeIgniter->runController(Object(App\Controllers\Front))
 4 SYSTEMPATH/CodeIgniter.php(355): CodeIgniter\CodeIgniter->handleRequest(null, Object(Config\Cache), false)
 5 SYSTEMPATH/Boot.php(325): CodeIgniter\CodeIgniter->run()
 6 SYSTEMPATH/Boot.php(67): CodeIgniter\Boot::runCodeIgniter(Object(CodeIgniter\CodeIgniter))
 7 FCPATH/index.php(56): CodeIgniter\Boot::bootWeb(Object(Config\Paths))
INFO - 2025-02-07 04:28:14 --> Session: Class initialized using 'CodeIgniter\Session\Handlers\FileHandler' driver.
INFO - 2025-02-07 04:28:22 --> Session: Class initialized using 'CodeIgniter\Session\Handlers\FileHandler' driver.
INFO - 2025-02-07 04:30:33 --> Session: Class initialized using 'CodeIgniter\Session\Handlers\FileHandler' driver.
INFO - 2025-02-07 04:31:27 --> Session: Class initialized using 'CodeIgniter\Session\Handlers\FileHandler' driver.
INFO - 2025-02-07 04:32:19 --> Session: Class initialized using 'CodeIgniter\Session\Handlers\FileHandler' driver.
INFO - 2025-02-07 04:32:42 --> Session: Class initialized using 'CodeIgniter\Session\Handlers\FileHandler' driver.
INFO - 2025-02-07 04:33:33 --> Session: Class initialized using 'CodeIgniter\Session\Handlers\FileHandler' driver.
INFO - 2025-02-07 04:33:37 --> Session: Class initialized using 'CodeIgniter\Session\Handlers\FileHandler' driver.
INFO - 2025-02-07 05:03:21 --> Session: Class initialized using 'CodeIgniter\Session\Handlers\FileHandler' driver.
INFO - 2025-02-07 05:18:14 --> Session: Class initialized using 'CodeIgniter\Session\Handlers\FileHandler' driver.
INFO - 2025-02-07 05:22:20 --> Session: Class initialized using 'CodeIgniter\Session\Handlers\FileHandler' driver.
INFO - 2025-02-07 05:22:52 --> Session: Class initialized using 'CodeIgniter\Session\Handlers\FileHandler' driver.
INFO - 2025-02-07 05:23:17 --> Session: Class initialized using 'CodeIgniter\Session\Handlers\FileHandler' driver.
INFO - 2025-02-07 05:28:06 --> Session: Class initialized using 'CodeIgniter\Session\Handlers\FileHandler' driver.
INFO - 2025-02-07 05:29:07 --> Session: Class initialized using 'CodeIgniter\Session\Handlers\FileHandler' driver.
INFO - 2025-02-07 06:22:24 --> Session: Class initialized using 'CodeIgniter\Session\Handlers\FileHandler' driver.
INFO - 2025-02-07 06:53:07 --> Session: Class initialized using 'CodeIgniter\Session\Handlers\FileHandler' driver.
INFO - 2025-02-07 07:15:21 --> Session: Class initialized using 'CodeIgniter\Session\Handlers\FileHandler' driver.
INFO - 2025-02-07 08:04:49 --> Session: Class initialized using 'CodeIgniter\Session\Handlers\FileHandler' driver.
INFO - 2025-02-07 09:02:44 --> Session: Class initialized using 'CodeIgniter\Session\Handlers\FileHandler' driver.
INFO - 2025-02-07 10:09:28 --> Session: Class initialized using 'CodeIgniter\Session\Handlers\FileHandler' driver.
INFO - 2025-02-07 10:13:00 --> Session: Class initialized using 'CodeIgniter\Session\Handlers\FileHandler' driver.
INFO - 2025-02-07 10:21:38 --> Session: Class initialized using 'CodeIgniter\Session\Handlers\FileHandler' driver.
INFO - 2025-02-07 10:21:50 --> Session: Class initialized using 'CodeIgniter\Session\Handlers\FileHandler' driver.
INFO - 2025-02-07 10:21:51 --> Session: Class initialized using 'CodeIgniter\Session\Handlers\FileHandler' driver.
INFO - 2025-02-07 10:21:51 --> Session: Class initialized using 'CodeIgniter\Session\Handlers\FileHandler' driver.
INFO - 2025-02-07 10:21:52 --> Session: Class initialized using 'CodeIgniter\Session\Handlers\FileHandler' driver.
INFO - 2025-02-07 10:21:52 --> Session: Class initialized using 'CodeIgniter\Session\Handlers\FileHandler' driver.
INFO - 2025-02-07 10:21:53 --> Session: Class initialized using 'CodeIgniter\Session\Handlers\FileHandler' driver.
INFO - 2025-02-07 10:21:54 --> Session: Class initialized using 'CodeIgniter\Session\Handlers\FileHandler' driver.
INFO - 2025-02-07 10:21:54 --> Session: Class initialized using 'CodeIgniter\Session\Handlers\FileHandler' driver.
INFO - 2025-02-07 10:21:55 --> Session: Class initialized using 'CodeIgniter\Session\Handlers\FileHandler' driver.
INFO - 2025-02-07 10:21:56 --> Session: Class initialized using 'CodeIgniter\Session\Handlers\FileHandler' driver.
INFO - 2025-02-07 10:21:58 --> Session: Class initialized using 'CodeIgniter\Session\Handlers\FileHandler' driver.
INFO - 2025-02-07 10:22:47 --> Session: Class initialized using 'CodeIgniter\Session\Handlers\FileHandler' driver.
INFO - 2025-02-07 10:22:48 --> Session: Class initialized using 'CodeIgniter\Session\Handlers\FileHandler' driver.
INFO - 2025-02-07 10:22:49 --> Session: Class initialized using 'CodeIgniter\Session\Handlers\FileHandler' driver.
INFO - 2025-02-07 10:22:50 --> Session: Class initialized using 'CodeIgniter\Session\Handlers\FileHandler' driver.
INFO - 2025-02-07 10:22:53 --> Session: Class initialized using 'CodeIgniter\Session\Handlers\FileHandler' driver.
WARNING - 2025-02-07 10:22:53 --> [DEPRECATED] Implicit conversion from float 43.33333333333333 to int loses precision in APPPATH/Controllers/Front.php on line 176.
 1 APPPATH/Controllers/Front.php(176): imagettftext(Object(GdImage), 24, 2, 43.3333333333333285963817615993320941925048828125, 29, 0, '/home/casalingenieros/public_html/public/template/fonts/Poppins-Regular.ttf', 'E')
 2 SYSTEMPATH/CodeIgniter.php(933): App\Controllers\Front->creaCaptcha()
 3 SYSTEMPATH/CodeIgniter.php(509): CodeIgniter\CodeIgniter->runController(Object(App\Controllers\Front))
 4 SYSTEMPATH/CodeIgniter.php(355): CodeIgniter\CodeIgniter->handleRequest(null, Object(Config\Cache), false)
 5 SYSTEMPATH/Boot.php(325): CodeIgniter\CodeIgniter->run()
 6 SYSTEMPATH/Boot.php(67): CodeIgniter\Boot::runCodeIgniter(Object(CodeIgniter\CodeIgniter))
 7 FCPATH/index.php(56): CodeIgniter\Boot::bootWeb(Object(Config\Paths))
WARNING - 2025-02-07 10:22:53 --> [DEPRECATED] Implicit conversion from float 71.66666666666666 to int loses precision in APPPATH/Controllers/Front.php on line 176.
 1 APPPATH/Controllers/Front.php(176): imagettftext(Object(GdImage), 24, -15, 71.666666666666657192763523198664188385009765625, 26, 16777215, '/home/casalingenieros/public_html/public/template/fonts/Poppins-Regular.ttf', 'Q')
 2 SYSTEMPATH/CodeIgniter.php(933): App\Controllers\Front->creaCaptcha()
 3 SYSTEMPATH/CodeIgniter.php(509): CodeIgniter\CodeIgniter->runController(Object(App\Controllers\Front))
 4 SYSTEMPATH/CodeIgniter.php(355): CodeIgniter\CodeIgniter->handleRequest(null, Object(Config\Cache), false)
 5 SYSTEMPATH/Boot.php(325): CodeIgniter\CodeIgniter->run()
 6 SYSTEMPATH/Boot.php(67): CodeIgniter\Boot::runCodeIgniter(Object(CodeIgniter\CodeIgniter))
 7 FCPATH/index.php(56): CodeIgniter\Boot::bootWeb(Object(Config\Paths))
WARNING - 2025-02-07 10:22:53 --> [DEPRECATED] Implicit conversion from float 128.33333333333331 to int loses precision in APPPATH/Controllers/Front.php on line 176.
 1 APPPATH/Controllers/Front.php(176): imagettftext(Object(GdImage), 24, 6, 128.33333333333331438552704639732837677001953125, 44, 0, '/home/casalingenieros/public_html/public/template/fonts/Poppins-Regular.ttf', 'Q')
 2 SYSTEMPATH/CodeIgniter.php(933): App\Controllers\Front->creaCaptcha()
 3 SYSTEMPATH/CodeIgniter.php(509): CodeIgniter\CodeIgniter->runController(Object(App\Controllers\Front))
 4 SYSTEMPATH/CodeIgniter.php(355): CodeIgniter\CodeIgniter->handleRequest(null, Object(Config\Cache), false)
 5 SYSTEMPATH/Boot.php(325): CodeIgniter\CodeIgniter->run()
 6 SYSTEMPATH/Boot.php(67): CodeIgniter\Boot::runCodeIgniter(Object(CodeIgniter\CodeIgniter))
 7 FCPATH/index.php(56): CodeIgniter\Boot::bootWeb(Object(Config\Paths))
WARNING - 2025-02-07 10:22:53 --> [DEPRECATED] Implicit conversion from float 156.66666666666666 to int loses precision in APPPATH/Controllers/Front.php on line 176.
 1 APPPATH/Controllers/Front.php(176): imagettftext(Object(GdImage), 24, 0, 156.666666666666657192763523198664188385009765625, 32, 16777215, '/home/casalingenieros/public_html/public/template/fonts/Poppins-Regular.ttf', 'V')
 2 SYSTEMPATH/CodeIgniter.php(933): App\Controllers\Front->creaCaptcha()
 3 SYSTEMPATH/CodeIgniter.php(509): CodeIgniter\CodeIgniter->runController(Object(App\Controllers\Front))
 4 SYSTEMPATH/CodeIgniter.php(355): CodeIgniter\CodeIgniter->handleRequest(null, Object(Config\Cache), false)
 5 SYSTEMPATH/Boot.php(325): CodeIgniter\CodeIgniter->run()
 6 SYSTEMPATH/Boot.php(67): CodeIgniter\Boot::runCodeIgniter(Object(CodeIgniter\CodeIgniter))
 7 FCPATH/index.php(56): CodeIgniter\Boot::bootWeb(Object(Config\Paths))
INFO - 2025-02-07 10:22:55 --> Session: Class initialized using 'CodeIgniter\Session\Handlers\FileHandler' driver.
INFO - 2025-02-07 10:22:56 --> Session: Class initialized using 'CodeIgniter\Session\Handlers\FileHandler' driver.
INFO - 2025-02-07 10:22:57 --> Session: Class initialized using 'CodeIgniter\Session\Handlers\FileHandler' driver.
INFO - 2025-02-07 10:22:57 --> Session: Class initialized using 'CodeIgniter\Session\Handlers\FileHandler' driver.
INFO - 2025-02-07 11:19:10 --> Session: Class initialized using 'CodeIgniter\Session\Handlers\FileHandler' driver.
INFO - 2025-02-07 11:19:29 --> Session: Class initialized using 'CodeIgniter\Session\Handlers\FileHandler' driver.
INFO - 2025-02-07 11:19:30 --> Session: Class initialized using 'CodeIgniter\Session\Handlers\FileHandler' driver.
INFO - 2025-02-07 11:19:31 --> Session: Class initialized using 'CodeIgniter\Session\Handlers\FileHandler' driver.
INFO - 2025-02-07 11:19:32 --> Session: Class initialized using 'CodeIgniter\Session\Handlers\FileHandler' driver.
INFO - 2025-02-07 11:19:33 --> Session: Class initialized using 'CodeIgniter\Session\Handlers\FileHandler' driver.
INFO - 2025-02-07 11:19:33 --> Session: Class initialized using 'CodeIgniter\Session\Handlers\FileHandler' driver.
INFO - 2025-02-07 11:19:34 --> Session: Class initialized using 'CodeIgniter\Session\Handlers\FileHandler' driver.
INFO - 2025-02-07 12:32:21 --> Session: Class initialized using 'CodeIgniter\Session\Handlers\FileHandler' driver.
INFO - 2025-02-07 13:12:34 --> Session: Class initialized using 'CodeIgniter\Session\Handlers\FileHandler' driver.
INFO - 2025-02-07 13:29:19 --> Session: Class initialized using 'CodeIgniter\Session\Handlers\FileHandler' driver.
INFO - 2025-02-07 14:03:01 --> Session: Class initialized using 'CodeIgniter\Session\Handlers\FileHandler' driver.
INFO - 2025-02-07 14:03:31 --> Session: Class initialized using 'CodeIgniter\Session\Handlers\FileHandler' driver.
INFO - 2025-02-07 14:04:16 --> Session: Class initialized using 'CodeIgniter\Session\Handlers\FileHandler' driver.
INFO - 2025-02-07 14:04:30 --> Session: Class initialized using 'CodeIgniter\Session\Handlers\FileHandler' driver.
INFO - 2025-02-07 14:04:34 --> Session: Class initialized using 'CodeIgniter\Session\Handlers\FileHandler' driver.
INFO - 2025-02-07 14:04:35 --> Session: Class initialized using 'CodeIgniter\Session\Handlers\FileHandler' driver.
INFO - 2025-02-07 14:04:36 --> Session: Class initialized using 'CodeIgniter\Session\Handlers\FileHandler' driver.
INFO - 2025-02-07 14:04:36 --> Session: Class initialized using 'CodeIgniter\Session\Handlers\FileHandler' driver.
INFO - 2025-02-07 14:04:47 --> Session: Class initialized using 'CodeIgniter\Session\Handlers\FileHandler' driver.
INFO - 2025-02-07 14:19:01 --> Session: Class initialized using 'CodeIgniter\Session\Handlers\FileHandler' driver.
INFO - 2025-02-07 14:19:03 --> Session: Class initialized using 'CodeIgniter\Session\Handlers\FileHandler' driver.
INFO - 2025-02-07 14:19:10 --> Session: Class initialized using 'CodeIgniter\Session\Handlers\FileHandler' driver.
INFO - 2025-02-07 14:19:25 --> Session: Class initialized using 'CodeIgniter\Session\Handlers\FileHandler' driver.
INFO - 2025-02-07 14:19:34 --> Session: Class initialized using 'CodeIgniter\Session\Handlers\FileHandler' driver.
INFO - 2025-02-07 14:19:43 --> Session: Class initialized using 'CodeIgniter\Session\Handlers\FileHandler' driver.
INFO - 2025-02-07 14:19:51 --> Session: Class initialized using 'CodeIgniter\Session\Handlers\FileHandler' driver.
INFO - 2025-02-07 14:19:55 --> Session: Class initialized using 'CodeIgniter\Session\Handlers\FileHandler' driver.
INFO - 2025-02-07 14:20:04 --> Session: Class initialized using 'CodeIgniter\Session\Handlers\FileHandler' driver.
INFO - 2025-02-07 14:20:05 --> Session: Class initialized using 'CodeIgniter\Session\Handlers\FileHandler' driver.
WARNING - 2025-02-07 14:20:05 --> [DEPRECATED] Implicit conversion from float 43.33333333333333 to int loses precision in APPPATH/Controllers/Front.php on line 176.
 1 APPPATH/Controllers/Front.php(176): imagettftext(Object(GdImage), 24, -3, 43.3333333333333285963817615993320941925048828125, 27, 0, '/home/casalingenieros/public_html/public/template/fonts/Poppins-Regular.ttf', 'V')
 2 SYSTEMPATH/CodeIgniter.php(933): App\Controllers\Front->creaCaptcha()
 3 SYSTEMPATH/CodeIgniter.php(509): CodeIgniter\CodeIgniter->runController(Object(App\Controllers\Front))
 4 SYSTEMPATH/CodeIgniter.php(355): CodeIgniter\CodeIgniter->handleRequest(null, Object(Config\Cache), false)
 5 SYSTEMPATH/Boot.php(325): CodeIgniter\CodeIgniter->run()
 6 SYSTEMPATH/Boot.php(67): CodeIgniter\Boot::runCodeIgniter(Object(CodeIgniter\CodeIgniter))
 7 FCPATH/index.php(56): CodeIgniter\Boot::bootWeb(Object(Config\Paths))
WARNING - 2025-02-07 14:20:05 --> [DEPRECATED] Implicit conversion from float 71.66666666666666 to int loses precision in APPPATH/Controllers/Front.php on line 176.
 1 APPPATH/Controllers/Front.php(176): imagettftext(Object(GdImage), 24, -15, 71.666666666666657192763523198664188385009765625, 36, 0, '/home/casalingenieros/public_html/public/template/fonts/Poppins-Bold.ttf', 'W')
 2 SYSTEMPATH/CodeIgniter.php(933): App\Controllers\Front->creaCaptcha()
 3 SYSTEMPATH/CodeIgniter.php(509): CodeIgniter\CodeIgniter->runController(Object(App\Controllers\Front))
 4 SYSTEMPATH/CodeIgniter.php(355): CodeIgniter\CodeIgniter->handleRequest(null, Object(Config\Cache), false)
 5 SYSTEMPATH/Boot.php(325): CodeIgniter\CodeIgniter->run()
 6 SYSTEMPATH/Boot.php(67): CodeIgniter\Boot::runCodeIgniter(Object(CodeIgniter\CodeIgniter))
 7 FCPATH/index.php(56): CodeIgniter\Boot::bootWeb(Object(Config\Paths))
WARNING - 2025-02-07 14:20:05 --> [DEPRECATED] Implicit conversion from float 128.33333333333331 to int loses precision in APPPATH/Controllers/Front.php on line 176.
 1 APPPATH/Controllers/Front.php(176): imagettftext(Object(GdImage), 24, 10, 128.33333333333331438552704639732837677001953125, 38, 0, '/home/casalingenieros/public_html/public/template/fonts/Poppins-Bold.ttf', 'X')
 2 SYSTEMPATH/CodeIgniter.php(933): App\Controllers\Front->creaCaptcha()
 3 SYSTEMPATH/CodeIgniter.php(509): CodeIgniter\CodeIgniter->runController(Object(App\Controllers\Front))
 4 SYSTEMPATH/CodeIgniter.php(355): CodeIgniter\CodeIgniter->handleRequest(null, Object(Config\Cache), false)
 5 SYSTEMPATH/Boot.php(325): CodeIgniter\CodeIgniter->run()
 6 SYSTEMPATH/Boot.php(67): CodeIgniter\Boot::runCodeIgniter(Object(CodeIgniter\CodeIgniter))
 7 FCPATH/index.php(56): CodeIgniter\Boot::bootWeb(Object(Config\Paths))
WARNING - 2025-02-07 14:20:05 --> [DEPRECATED] Implicit conversion from float 156.66666666666666 to int loses precision in APPPATH/Controllers/Front.php on line 176.
 1 APPPATH/Controllers/Front.php(176): imagettftext(Object(GdImage), 24, 3, 156.666666666666657192763523198664188385009765625, 29, 16777215, '/home/casalingenieros/public_html/public/template/fonts/Poppins-Regular.ttf', 'P')
 2 SYSTEMPATH/CodeIgniter.php(933): App\Controllers\Front->creaCaptcha()
 3 SYSTEMPATH/CodeIgniter.php(509): CodeIgniter\CodeIgniter->runController(Object(App\Controllers\Front))
 4 SYSTEMPATH/CodeIgniter.php(355): CodeIgniter\CodeIgniter->handleRequest(null, Object(Config\Cache), false)
 5 SYSTEMPATH/Boot.php(325): CodeIgniter\CodeIgniter->run()
 6 SYSTEMPATH/Boot.php(67): CodeIgniter\Boot::runCodeIgniter(Object(CodeIgniter\CodeIgniter))
 7 FCPATH/index.php(56): CodeIgniter\Boot::bootWeb(Object(Config\Paths))
INFO - 2025-02-07 14:20:05 --> Session: Class initialized using 'CodeIgniter\Session\Handlers\FileHandler' driver.
WARNING - 2025-02-07 14:20:05 --> [DEPRECATED] Implicit conversion from float 43.33333333333333 to int loses precision in APPPATH/Controllers/Front.php on line 176.
 1 APPPATH/Controllers/Front.php(176): imagettftext(Object(GdImage), 24, -15, 43.3333333333333285963817615993320941925048828125, 41, 0, '/home/casalingenieros/public_html/public/template/fonts/Poppins-Bold.ttf', 'K')
 2 SYSTEMPATH/CodeIgniter.php(933): App\Controllers\Front->creaCaptcha()
 3 SYSTEMPATH/CodeIgniter.php(509): CodeIgniter\CodeIgniter->runController(Object(App\Controllers\Front))
 4 SYSTEMPATH/CodeIgniter.php(355): CodeIgniter\CodeIgniter->handleRequest(null, Object(Config\Cache), false)
 5 SYSTEMPATH/Boot.php(325): CodeIgniter\CodeIgniter->run()
 6 SYSTEMPATH/Boot.php(67): CodeIgniter\Boot::runCodeIgniter(Object(CodeIgniter\CodeIgniter))
 7 FCPATH/index.php(56): CodeIgniter\Boot::bootWeb(Object(Config\Paths))
WARNING - 2025-02-07 14:20:05 --> [DEPRECATED] Implicit conversion from float 71.66666666666666 to int loses precision in APPPATH/Controllers/Front.php on line 176.
 1 APPPATH/Controllers/Front.php(176): imagettftext(Object(GdImage), 24, 5, 71.666666666666657192763523198664188385009765625, 38, 0, '/home/casalingenieros/public_html/public/template/fonts/Poppins-Regular.ttf', 'H')
 2 SYSTEMPATH/CodeIgniter.php(933): App\Controllers\Front->creaCaptcha()
 3 SYSTEMPATH/CodeIgniter.php(509): CodeIgniter\CodeIgniter->runController(Object(App\Controllers\Front))
 4 SYSTEMPATH/CodeIgniter.php(355): CodeIgniter\CodeIgniter->handleRequest(null, Object(Config\Cache), false)
 5 SYSTEMPATH/Boot.php(325): CodeIgniter\CodeIgniter->run()
 6 SYSTEMPATH/Boot.php(67): CodeIgniter\Boot::runCodeIgniter(Object(CodeIgniter\CodeIgniter))
 7 FCPATH/index.php(56): CodeIgniter\Boot::bootWeb(Object(Config\Paths))
WARNING - 2025-02-07 14:20:05 --> [DEPRECATED] Implicit conversion from float 128.33333333333331 to int loses precision in APPPATH/Controllers/Front.php on line 176.
 1 APPPATH/Controllers/Front.php(176): imagettftext(Object(GdImage), 24, -8, 128.33333333333331438552704639732837677001953125, 31, 0, '/home/casalingenieros/public_html/public/template/fonts/Poppins-Bold.ttf', 'U')
 2 SYSTEMPATH/CodeIgniter.php(933): App\Controllers\Front->creaCaptcha()
 3 SYSTEMPATH/CodeIgniter.php(509): CodeIgniter\CodeIgniter->runController(Object(App\Controllers\Front))
 4 SYSTEMPATH/CodeIgniter.php(355): CodeIgniter\CodeIgniter->handleRequest(null, Object(Config\Cache), false)
 5 SYSTEMPATH/Boot.php(325): CodeIgniter\CodeIgniter->run()
 6 SYSTEMPATH/Boot.php(67): CodeIgniter\Boot::runCodeIgniter(Object(CodeIgniter\CodeIgniter))
 7 FCPATH/index.php(56): CodeIgniter\Boot::bootWeb(Object(Config\Paths))
WARNING - 2025-02-07 14:20:05 --> [DEPRECATED] Implicit conversion from float 156.66666666666666 to int loses precision in APPPATH/Controllers/Front.php on line 176.
 1 APPPATH/Controllers/Front.php(176): imagettftext(Object(GdImage), 24, 2, 156.666666666666657192763523198664188385009765625, 27, 16777215, '/home/casalingenieros/public_html/public/template/fonts/Poppins-Regular.ttf', 'F')
 2 SYSTEMPATH/CodeIgniter.php(933): App\Controllers\Front->creaCaptcha()
 3 SYSTEMPATH/CodeIgniter.php(509): CodeIgniter\CodeIgniter->runController(Object(App\Controllers\Front))
 4 SYSTEMPATH/CodeIgniter.php(355): CodeIgniter\CodeIgniter->handleRequest(null, Object(Config\Cache), false)
 5 SYSTEMPATH/Boot.php(325): CodeIgniter\CodeIgniter->run()
 6 SYSTEMPATH/Boot.php(67): CodeIgniter\Boot::runCodeIgniter(Object(CodeIgniter\CodeIgniter))
 7 FCPATH/index.php(56): CodeIgniter\Boot::bootWeb(Object(Config\Paths))
INFO - 2025-02-07 14:22:22 --> Session: Class initialized using 'CodeIgniter\Session\Handlers\FileHandler' driver.
INFO - 2025-02-07 14:24:01 --> Session: Class initialized using 'CodeIgniter\Session\Handlers\FileHandler' driver.
INFO - 2025-02-07 14:25:53 --> Session: Class initialized using 'CodeIgniter\Session\Handlers\FileHandler' driver.
INFO - 2025-02-07 14:26:29 --> Session: Class initialized using 'CodeIgniter\Session\Handlers\FileHandler' driver.
INFO - 2025-02-07 14:27:08 --> Session: Class initialized using 'CodeIgniter\Session\Handlers\FileHandler' driver.
INFO - 2025-02-07 14:28:46 --> Session: Class initialized using 'CodeIgniter\Session\Handlers\FileHandler' driver.
INFO - 2025-02-07 14:28:57 --> Session: Class initialized using 'CodeIgniter\Session\Handlers\FileHandler' driver.
INFO - 2025-02-07 14:29:40 --> Session: Class initialized using 'CodeIgniter\Session\Handlers\FileHandler' driver.
INFO - 2025-02-07 14:29:52 --> Session: Class initialized using 'CodeIgniter\Session\Handlers\FileHandler' driver.
INFO - 2025-02-07 14:30:16 --> Session: Class initialized using 'CodeIgniter\Session\Handlers\FileHandler' driver.
INFO - 2025-02-07 14:30:31 --> Session: Class initialized using 'CodeIgniter\Session\Handlers\FileHandler' driver.
INFO - 2025-02-07 14:30:33 --> Session: Class initialized using 'CodeIgniter\Session\Handlers\FileHandler' driver.
INFO - 2025-02-07 14:30:54 --> Session: Class initialized using 'CodeIgniter\Session\Handlers\FileHandler' driver.
INFO - 2025-02-07 14:32:30 --> Session: Class initialized using 'CodeIgniter\Session\Handlers\FileHandler' driver.
INFO - 2025-02-07 14:34:05 --> Session: Class initialized using 'CodeIgniter\Session\Handlers\FileHandler' driver.
INFO - 2025-02-07 14:34:12 --> Session: Class initialized using 'CodeIgniter\Session\Handlers\FileHandler' driver.
INFO - 2025-02-07 14:35:26 --> Session: Class initialized using 'CodeIgniter\Session\Handlers\FileHandler' driver.
INFO - 2025-02-07 14:36:19 --> Session: Class initialized using 'CodeIgniter\Session\Handlers\FileHandler' driver.
INFO - 2025-02-07 14:36:22 --> Session: Class initialized using 'CodeIgniter\Session\Handlers\FileHandler' driver.
INFO - 2025-02-07 14:36:27 --> Session: Class initialized using 'CodeIgniter\Session\Handlers\FileHandler' driver.
INFO - 2025-02-07 14:37:42 --> Session: Class initialized using 'CodeIgniter\Session\Handlers\FileHandler' driver.
INFO - 2025-02-07 14:40:03 --> Session: Class initialized using 'CodeIgniter\Session\Handlers\FileHandler' driver.
INFO - 2025-02-07 14:40:35 --> Session: Class initialized using 'CodeIgniter\Session\Handlers\FileHandler' driver.
INFO - 2025-02-07 14:40:59 --> Session: Class initialized using 'CodeIgniter\Session\Handlers\FileHandler' driver.
INFO - 2025-02-07 14:41:19 --> Session: Class initialized using 'CodeIgniter\Session\Handlers\FileHandler' driver.
INFO - 2025-02-07 14:41:33 --> Session: Class initialized using 'CodeIgniter\Session\Handlers\FileHandler' driver.
INFO - 2025-02-07 14:41:42 --> Session: Class initialized using 'CodeIgniter\Session\Handlers\FileHandler' driver.
INFO - 2025-02-07 14:41:47 --> Session: Class initialized using 'CodeIgniter\Session\Handlers\FileHandler' driver.
INFO - 2025-02-07 14:42:03 --> Session: Class initialized using 'CodeIgniter\Session\Handlers\FileHandler' driver.
INFO - 2025-02-07 14:42:11 --> Session: Class initialized using 'CodeIgniter\Session\Handlers\FileHandler' driver.
INFO - 2025-02-07 14:42:34 --> Session: Class initialized using 'CodeIgniter\Session\Handlers\FileHandler' driver.
INFO - 2025-02-07 14:43:21 --> Session: Class initialized using 'CodeIgniter\Session\Handlers\FileHandler' driver.
INFO - 2025-02-07 14:43:25 --> Session: Class initialized using 'CodeIgniter\Session\Handlers\FileHandler' driver.
INFO - 2025-02-07 14:43:30 --> Session: Class initialized using 'CodeIgniter\Session\Handlers\FileHandler' driver.
INFO - 2025-02-07 14:43:36 --> Session: Class initialized using 'CodeIgniter\Session\Handlers\FileHandler' driver.
INFO - 2025-02-07 14:43:39 --> Session: Class initialized using 'CodeIgniter\Session\Handlers\FileHandler' driver.
INFO - 2025-02-07 14:43:41 --> Session: Class initialized using 'CodeIgniter\Session\Handlers\FileHandler' driver.
INFO - 2025-02-07 14:44:02 --> Session: Class initialized using 'CodeIgniter\Session\Handlers\FileHandler' driver.
INFO - 2025-02-07 14:45:04 --> Session: Class initialized using 'CodeIgniter\Session\Handlers\FileHandler' driver.
INFO - 2025-02-07 14:47:16 --> Session: Class initialized using 'CodeIgniter\Session\Handlers\FileHandler' driver.
INFO - 2025-02-07 14:47:40 --> Session: Class initialized using 'CodeIgniter\Session\Handlers\FileHandler' driver.
INFO - 2025-02-07 14:48:21 --> Session: Class initialized using 'CodeIgniter\Session\Handlers\FileHandler' driver.
INFO - 2025-02-07 14:49:12 --> Session: Class initialized using 'CodeIgniter\Session\Handlers\FileHandler' driver.
INFO - 2025-02-07 14:50:00 --> Session: Class initialized using 'CodeIgniter\Session\Handlers\FileHandler' driver.
INFO - 2025-02-07 14:50:32 --> Session: Class initialized using 'CodeIgniter\Session\Handlers\FileHandler' driver.
INFO - 2025-02-07 14:50:44 --> Session: Class initialized using 'CodeIgniter\Session\Handlers\FileHandler' driver.
INFO - 2025-02-07 14:51:45 --> Session: Class initialized using 'CodeIgniter\Session\Handlers\FileHandler' driver.
INFO - 2025-02-07 14:51:52 --> Session: Class initialized using 'CodeIgniter\Session\Handlers\FileHandler' driver.
INFO - 2025-02-07 14:51:56 --> Session: Class initialized using 'CodeIgniter\Session\Handlers\FileHandler' driver.
INFO - 2025-02-07 14:51:57 --> Session: Class initialized using 'CodeIgniter\Session\Handlers\FileHandler' driver.
WARNING - 2025-02-07 14:51:57 --> [DEPRECATED] Implicit conversion from float 43.33333333333333 to int loses precision in APPPATH/Controllers/Front.php on line 176.
 1 APPPATH/Controllers/Front.php(176): imagettftext(Object(GdImage), 24, 0, 43.3333333333333285963817615993320941925048828125, 40, 16777215, '/home/casalingenieros/public_html/public/template/fonts/Poppins-Bold.ttf', 'V')
 2 SYSTEMPATH/CodeIgniter.php(933): App\Controllers\Front->creaCaptcha()
 3 SYSTEMPATH/CodeIgniter.php(509): CodeIgniter\CodeIgniter->runController(Object(App\Controllers\Front))
 4 SYSTEMPATH/CodeIgniter.php(355): CodeIgniter\CodeIgniter->handleRequest(null, Object(Config\Cache), false)
 5 SYSTEMPATH/Boot.php(325): CodeIgniter\CodeIgniter->run()
 6 SYSTEMPATH/Boot.php(67): CodeIgniter\Boot::runCodeIgniter(Object(CodeIgniter\CodeIgniter))
 7 FCPATH/index.php(56): CodeIgniter\Boot::bootWeb(Object(Config\Paths))
WARNING - 2025-02-07 14:51:57 --> [DEPRECATED] Implicit conversion from float 71.66666666666666 to int loses precision in APPPATH/Controllers/Front.php on line 176.
 1 APPPATH/Controllers/Front.php(176): imagettftext(Object(GdImage), 24, 14, 71.666666666666657192763523198664188385009765625, 43, 0, '/home/casalingenieros/public_html/public/template/fonts/Poppins-Regular.ttf', 'N')
 2 SYSTEMPATH/CodeIgniter.php(933): App\Controllers\Front->creaCaptcha()
 3 SYSTEMPATH/CodeIgniter.php(509): CodeIgniter\CodeIgniter->runController(Object(App\Controllers\Front))
 4 SYSTEMPATH/CodeIgniter.php(355): CodeIgniter\CodeIgniter->handleRequest(null, Object(Config\Cache), false)
 5 SYSTEMPATH/Boot.php(325): CodeIgniter\CodeIgniter->run()
 6 SYSTEMPATH/Boot.php(67): CodeIgniter\Boot::runCodeIgniter(Object(CodeIgniter\CodeIgniter))
 7 FCPATH/index.php(56): CodeIgniter\Boot::bootWeb(Object(Config\Paths))
WARNING - 2025-02-07 14:51:57 --> [DEPRECATED] Implicit conversion from float 128.33333333333331 to int loses precision in APPPATH/Controllers/Front.php on line 176.
 1 APPPATH/Controllers/Front.php(176): imagettftext(Object(GdImage), 24, 7, 128.33333333333331438552704639732837677001953125, 34, 0, '/home/casalingenieros/public_html/public/template/fonts/Poppins-Regular.ttf', 'W')
 2 SYSTEMPATH/CodeIgniter.php(933): App\Controllers\Front->creaCaptcha()
 3 SYSTEMPATH/CodeIgniter.php(509): CodeIgniter\CodeIgniter->runController(Object(App\Controllers\Front))
 4 SYSTEMPATH/CodeIgniter.php(355): CodeIgniter\CodeIgniter->handleRequest(null, Object(Config\Cache), false)
 5 SYSTEMPATH/Boot.php(325): CodeIgniter\CodeIgniter->run()
 6 SYSTEMPATH/Boot.php(67): CodeIgniter\Boot::runCodeIgniter(Object(CodeIgniter\CodeIgniter))
 7 FCPATH/index.php(56): CodeIgniter\Boot::bootWeb(Object(Config\Paths))
WARNING - 2025-02-07 14:51:57 --> [DEPRECATED] Implicit conversion from float 156.66666666666666 to int loses precision in APPPATH/Controllers/Front.php on line 176.
 1 APPPATH/Controllers/Front.php(176): imagettftext(Object(GdImage), 24, 1, 156.666666666666657192763523198664188385009765625, 44, 16777215, '/home/casalingenieros/public_html/public/template/fonts/Poppins-Regular.ttf', 'Z')
 2 SYSTEMPATH/CodeIgniter.php(933): App\Controllers\Front->creaCaptcha()
 3 SYSTEMPATH/CodeIgniter.php(509): CodeIgniter\CodeIgniter->runController(Object(App\Controllers\Front))
 4 SYSTEMPATH/CodeIgniter.php(355): CodeIgniter\CodeIgniter->handleRequest(null, Object(Config\Cache), false)
 5 SYSTEMPATH/Boot.php(325): CodeIgniter\CodeIgniter->run()
 6 SYSTEMPATH/Boot.php(67): CodeIgniter\Boot::runCodeIgniter(Object(CodeIgniter\CodeIgniter))
 7 FCPATH/index.php(56): CodeIgniter\Boot::bootWeb(Object(Config\Paths))
INFO - 2025-02-07 14:51:57 --> Session: Class initialized using 'CodeIgniter\Session\Handlers\FileHandler' driver.
WARNING - 2025-02-07 14:51:57 --> [DEPRECATED] Implicit conversion from float 43.33333333333333 to int loses precision in APPPATH/Controllers/Front.php on line 176.
 1 APPPATH/Controllers/Front.php(176): imagettftext(Object(GdImage), 24, -12, 43.3333333333333285963817615993320941925048828125, 31, 16777215, '/home/casalingenieros/public_html/public/template/fonts/Poppins-Regular.ttf', 'U')
 2 SYSTEMPATH/CodeIgniter.php(933): App\Controllers\Front->creaCaptcha()
 3 SYSTEMPATH/CodeIgniter.php(509): CodeIgniter\CodeIgniter->runController(Object(App\Controllers\Front))
 4 SYSTEMPATH/CodeIgniter.php(355): CodeIgniter\CodeIgniter->handleRequest(null, Object(Config\Cache), false)
 5 SYSTEMPATH/Boot.php(325): CodeIgniter\CodeIgniter->run()
 6 SYSTEMPATH/Boot.php(67): CodeIgniter\Boot::runCodeIgniter(Object(CodeIgniter\CodeIgniter))
 7 FCPATH/index.php(56): CodeIgniter\Boot::bootWeb(Object(Config\Paths))
WARNING - 2025-02-07 14:51:57 --> [DEPRECATED] Implicit conversion from float 71.66666666666666 to int loses precision in APPPATH/Controllers/Front.php on line 176.
 1 APPPATH/Controllers/Front.php(176): imagettftext(Object(GdImage), 24, 2, 71.666666666666657192763523198664188385009765625, 34, 0, '/home/casalingenieros/public_html/public/template/fonts/Poppins-Bold.ttf', 'F')
 2 SYSTEMPATH/CodeIgniter.php(933): App\Controllers\Front->creaCaptcha()
 3 SYSTEMPATH/CodeIgniter.php(509): CodeIgniter\CodeIgniter->runController(Object(App\Controllers\Front))
 4 SYSTEMPATH/CodeIgniter.php(355): CodeIgniter\CodeIgniter->handleRequest(null, Object(Config\Cache), false)
 5 SYSTEMPATH/Boot.php(325): CodeIgniter\CodeIgniter->run()
 6 SYSTEMPATH/Boot.php(67): CodeIgniter\Boot::runCodeIgniter(Object(CodeIgniter\CodeIgniter))
 7 FCPATH/index.php(56): CodeIgniter\Boot::bootWeb(Object(Config\Paths))
WARNING - 2025-02-07 14:51:57 --> [DEPRECATED] Implicit conversion from float 128.33333333333331 to int loses precision in APPPATH/Controllers/Front.php on line 176.
 1 APPPATH/Controllers/Front.php(176): imagettftext(Object(GdImage), 24, 11, 128.33333333333331438552704639732837677001953125, 27, 16777215, '/home/casalingenieros/public_html/public/template/fonts/Poppins-Regular.ttf', 'Q')
 2 SYSTEMPATH/CodeIgniter.php(933): App\Controllers\Front->creaCaptcha()
 3 SYSTEMPATH/CodeIgniter.php(509): CodeIgniter\CodeIgniter->runController(Object(App\Controllers\Front))
 4 SYSTEMPATH/CodeIgniter.php(355): CodeIgniter\CodeIgniter->handleRequest(null, Object(Config\Cache), false)
 5 SYSTEMPATH/Boot.php(325): CodeIgniter\CodeIgniter->run()
 6 SYSTEMPATH/Boot.php(67): CodeIgniter\Boot::runCodeIgniter(Object(CodeIgniter\CodeIgniter))
 7 FCPATH/index.php(56): CodeIgniter\Boot::bootWeb(Object(Config\Paths))
WARNING - 2025-02-07 14:51:57 --> [DEPRECATED] Implicit conversion from float 156.66666666666666 to int loses precision in APPPATH/Controllers/Front.php on line 176.
 1 APPPATH/Controllers/Front.php(176): imagettftext(Object(GdImage), 24, 10, 156.666666666666657192763523198664188385009765625, 41, 16777215, '/home/casalingenieros/public_html/public/template/fonts/Poppins-Bold.ttf', 'J')
 2 SYSTEMPATH/CodeIgniter.php(933): App\Controllers\Front->creaCaptcha()
 3 SYSTEMPATH/CodeIgniter.php(509): CodeIgniter\CodeIgniter->runController(Object(App\Controllers\Front))
 4 SYSTEMPATH/CodeIgniter.php(355): CodeIgniter\CodeIgniter->handleRequest(null, Object(Config\Cache), false)
 5 SYSTEMPATH/Boot.php(325): CodeIgniter\CodeIgniter->run()
 6 SYSTEMPATH/Boot.php(67): CodeIgniter\Boot::runCodeIgniter(Object(CodeIgniter\CodeIgniter))
 7 FCPATH/index.php(56): CodeIgniter\Boot::bootWeb(Object(Config\Paths))
INFO - 2025-02-07 14:52:01 --> Session: Class initialized using 'CodeIgniter\Session\Handlers\FileHandler' driver.
INFO - 2025-02-07 14:52:31 --> Session: Class initialized using 'CodeIgniter\Session\Handlers\FileHandler' driver.
INFO - 2025-02-07 14:54:55 --> Session: Class initialized using 'CodeIgniter\Session\Handlers\FileHandler' driver.
INFO - 2025-02-07 14:55:01 --> Session: Class initialized using 'CodeIgniter\Session\Handlers\FileHandler' driver.
INFO - 2025-02-07 14:55:10 --> Session: Class initialized using 'CodeIgniter\Session\Handlers\FileHandler' driver.
INFO - 2025-02-07 14:55:10 --> Session: Class initialized using 'CodeIgniter\Session\Handlers\FileHandler' driver.
WARNING - 2025-02-07 14:55:10 --> [DEPRECATED] Implicit conversion from float 43.33333333333333 to int loses precision in APPPATH/Controllers/Front.php on line 176.
 1 APPPATH/Controllers/Front.php(176): imagettftext(Object(GdImage), 24, 14, 43.3333333333333285963817615993320941925048828125, 42, 0, '/home/casalingenieros/public_html/public/template/fonts/Poppins-Regular.ttf', 'C')
 2 SYSTEMPATH/CodeIgniter.php(933): App\Controllers\Front->creaCaptcha()
 3 SYSTEMPATH/CodeIgniter.php(509): CodeIgniter\CodeIgniter->runController(Object(App\Controllers\Front))
 4 SYSTEMPATH/CodeIgniter.php(355): CodeIgniter\CodeIgniter->handleRequest(null, Object(Config\Cache), false)
 5 SYSTEMPATH/Boot.php(325): CodeIgniter\CodeIgniter->run()
 6 SYSTEMPATH/Boot.php(67): CodeIgniter\Boot::runCodeIgniter(Object(CodeIgniter\CodeIgniter))
 7 FCPATH/index.php(56): CodeIgniter\Boot::bootWeb(Object(Config\Paths))
WARNING - 2025-02-07 14:55:10 --> [DEPRECATED] Implicit conversion from float 71.66666666666666 to int loses precision in APPPATH/Controllers/Front.php on line 176.
 1 APPPATH/Controllers/Front.php(176): imagettftext(Object(GdImage), 24, -12, 71.666666666666657192763523198664188385009765625, 37, 0, '/home/casalingenieros/public_html/public/template/fonts/Poppins-Regular.ttf', 'V')
 2 SYSTEMPATH/CodeIgniter.php(933): App\Controllers\Front->creaCaptcha()
 3 SYSTEMPATH/CodeIgniter.php(509): CodeIgniter\CodeIgniter->runController(Object(App\Controllers\Front))
 4 SYSTEMPATH/CodeIgniter.php(355): CodeIgniter\CodeIgniter->handleRequest(null, Object(Config\Cache), false)
 5 SYSTEMPATH/Boot.php(325): CodeIgniter\CodeIgniter->run()
 6 SYSTEMPATH/Boot.php(67): CodeIgniter\Boot::runCodeIgniter(Object(CodeIgniter\CodeIgniter))
 7 FCPATH/index.php(56): CodeIgniter\Boot::bootWeb(Object(Config\Paths))
WARNING - 2025-02-07 14:55:10 --> [DEPRECATED] Implicit conversion from float 128.33333333333331 to int loses precision in APPPATH/Controllers/Front.php on line 176.
 1 APPPATH/Controllers/Front.php(176): imagettftext(Object(GdImage), 24, -9, 128.33333333333331438552704639732837677001953125, 34, 16777215, '/home/casalingenieros/public_html/public/template/fonts/Poppins-Bold.ttf', 'Z')
 2 SYSTEMPATH/CodeIgniter.php(933): App\Controllers\Front->creaCaptcha()
 3 SYSTEMPATH/CodeIgniter.php(509): CodeIgniter\CodeIgniter->runController(Object(App\Controllers\Front))
 4 SYSTEMPATH/CodeIgniter.php(355): CodeIgniter\CodeIgniter->handleRequest(null, Object(Config\Cache), false)
 5 SYSTEMPATH/Boot.php(325): CodeIgniter\CodeIgniter->run()
 6 SYSTEMPATH/Boot.php(67): CodeIgniter\Boot::runCodeIgniter(Object(CodeIgniter\CodeIgniter))
 7 FCPATH/index.php(56): CodeIgniter\Boot::bootWeb(Object(Config\Paths))
WARNING - 2025-02-07 14:55:10 --> [DEPRECATED] Implicit conversion from float 156.66666666666666 to int loses precision in APPPATH/Controllers/Front.php on line 176.
 1 APPPATH/Controllers/Front.php(176): imagettftext(Object(GdImage), 24, 2, 156.666666666666657192763523198664188385009765625, 37, 16777215, '/home/casalingenieros/public_html/public/template/fonts/Poppins-Regular.ttf', 'E')
 2 SYSTEMPATH/CodeIgniter.php(933): App\Controllers\Front->creaCaptcha()
 3 SYSTEMPATH/CodeIgniter.php(509): CodeIgniter\CodeIgniter->runController(Object(App\Controllers\Front))
 4 SYSTEMPATH/CodeIgniter.php(355): CodeIgniter\CodeIgniter->handleRequest(null, Object(Config\Cache), false)
 5 SYSTEMPATH/Boot.php(325): CodeIgniter\CodeIgniter->run()
 6 SYSTEMPATH/Boot.php(67): CodeIgniter\Boot::runCodeIgniter(Object(CodeIgniter\CodeIgniter))
 7 FCPATH/index.php(56): CodeIgniter\Boot::bootWeb(Object(Config\Paths))
INFO - 2025-02-07 14:55:11 --> Session: Class initialized using 'CodeIgniter\Session\Handlers\FileHandler' driver.
WARNING - 2025-02-07 14:55:11 --> [DEPRECATED] Implicit conversion from float 43.33333333333333 to int loses precision in APPPATH/Controllers/Front.php on line 176.
 1 APPPATH/Controllers/Front.php(176): imagettftext(Object(GdImage), 24, -15, 43.3333333333333285963817615993320941925048828125, 28, 16777215, '/home/casalingenieros/public_html/public/template/fonts/Poppins-Regular.ttf', 'P')
 2 SYSTEMPATH/CodeIgniter.php(933): App\Controllers\Front->creaCaptcha()
 3 SYSTEMPATH/CodeIgniter.php(509): CodeIgniter\CodeIgniter->runController(Object(App\Controllers\Front))
 4 SYSTEMPATH/CodeIgniter.php(355): CodeIgniter\CodeIgniter->handleRequest(null, Object(Config\Cache), false)
 5 SYSTEMPATH/Boot.php(325): CodeIgniter\CodeIgniter->run()
 6 SYSTEMPATH/Boot.php(67): CodeIgniter\Boot::runCodeIgniter(Object(CodeIgniter\CodeIgniter))
 7 FCPATH/index.php(56): CodeIgniter\Boot::bootWeb(Object(Config\Paths))
WARNING - 2025-02-07 14:55:11 --> [DEPRECATED] Implicit conversion from float 71.66666666666666 to int loses precision in APPPATH/Controllers/Front.php on line 176.
 1 APPPATH/Controllers/Front.php(176): imagettftext(Object(GdImage), 24, -6, 71.666666666666657192763523198664188385009765625, 28, 16777215, '/home/casalingenieros/public_html/public/template/fonts/Poppins-Regular.ttf', 'G')
 2 SYSTEMPATH/CodeIgniter.php(933): App\Controllers\Front->creaCaptcha()
 3 SYSTEMPATH/CodeIgniter.php(509): CodeIgniter\CodeIgniter->runController(Object(App\Controllers\Front))
 4 SYSTEMPATH/CodeIgniter.php(355): CodeIgniter\CodeIgniter->handleRequest(null, Object(Config\Cache), false)
 5 SYSTEMPATH/Boot.php(325): CodeIgniter\CodeIgniter->run()
 6 SYSTEMPATH/Boot.php(67): CodeIgniter\Boot::runCodeIgniter(Object(CodeIgniter\CodeIgniter))
 7 FCPATH/index.php(56): CodeIgniter\Boot::bootWeb(Object(Config\Paths))
WARNING - 2025-02-07 14:55:11 --> [DEPRECATED] Implicit conversion from float 128.33333333333331 to int loses precision in APPPATH/Controllers/Front.php on line 176.
 1 APPPATH/Controllers/Front.php(176): imagettftext(Object(GdImage), 24, -14, 128.33333333333331438552704639732837677001953125, 25, 16777215, '/home/casalingenieros/public_html/public/template/fonts/Poppins-Regular.ttf', 'W')
 2 SYSTEMPATH/CodeIgniter.php(933): App\Controllers\Front->creaCaptcha()
 3 SYSTEMPATH/CodeIgniter.php(509): CodeIgniter\CodeIgniter->runController(Object(App\Controllers\Front))
 4 SYSTEMPATH/CodeIgniter.php(355): CodeIgniter\CodeIgniter->handleRequest(null, Object(Config\Cache), false)
 5 SYSTEMPATH/Boot.php(325): CodeIgniter\CodeIgniter->run()
 6 SYSTEMPATH/Boot.php(67): CodeIgniter\Boot::runCodeIgniter(Object(CodeIgniter\CodeIgniter))
 7 FCPATH/index.php(56): CodeIgniter\Boot::bootWeb(Object(Config\Paths))
WARNING - 2025-02-07 14:55:11 --> [DEPRECATED] Implicit conversion from float 156.66666666666666 to int loses precision in APPPATH/Controllers/Front.php on line 176.
 1 APPPATH/Controllers/Front.php(176): imagettftext(Object(GdImage), 24, -1, 156.666666666666657192763523198664188385009765625, 44, 16777215, '/home/casalingenieros/public_html/public/template/fonts/Poppins-Regular.ttf', 'F')
 2 SYSTEMPATH/CodeIgniter.php(933): App\Controllers\Front->creaCaptcha()
 3 SYSTEMPATH/CodeIgniter.php(509): CodeIgniter\CodeIgniter->runController(Object(App\Controllers\Front))
 4 SYSTEMPATH/CodeIgniter.php(355): CodeIgniter\CodeIgniter->handleRequest(null, Object(Config\Cache), false)
 5 SYSTEMPATH/Boot.php(325): CodeIgniter\CodeIgniter->run()
 6 SYSTEMPATH/Boot.php(67): CodeIgniter\Boot::runCodeIgniter(Object(CodeIgniter\CodeIgniter))
 7 FCPATH/index.php(56): CodeIgniter\Boot::bootWeb(Object(Config\Paths))
INFO - 2025-02-07 14:56:32 --> Session: Class initialized using 'CodeIgniter\Session\Handlers\FileHandler' driver.
INFO - 2025-02-07 14:56:33 --> Session: Class initialized using 'CodeIgniter\Session\Handlers\FileHandler' driver.
WARNING - 2025-02-07 14:56:33 --> [DEPRECATED] Implicit conversion from float 43.33333333333333 to int loses precision in APPPATH/Controllers/Front.php on line 176.
 1 APPPATH/Controllers/Front.php(176): imagettftext(Object(GdImage), 24, -2, 43.3333333333333285963817615993320941925048828125, 41, 0, '/home/casalingenieros/public_html/public/template/fonts/Poppins-Regular.ttf', 'R')
 2 SYSTEMPATH/CodeIgniter.php(933): App\Controllers\Front->creaCaptcha()
 3 SYSTEMPATH/CodeIgniter.php(509): CodeIgniter\CodeIgniter->runController(Object(App\Controllers\Front))
 4 SYSTEMPATH/CodeIgniter.php(355): CodeIgniter\CodeIgniter->handleRequest(null, Object(Config\Cache), false)
 5 SYSTEMPATH/Boot.php(325): CodeIgniter\CodeIgniter->run()
 6 SYSTEMPATH/Boot.php(67): CodeIgniter\Boot::runCodeIgniter(Object(CodeIgniter\CodeIgniter))
 7 FCPATH/index.php(56): CodeIgniter\Boot::bootWeb(Object(Config\Paths))
WARNING - 2025-02-07 14:56:33 --> [DEPRECATED] Implicit conversion from float 71.66666666666666 to int loses precision in APPPATH/Controllers/Front.php on line 176.
 1 APPPATH/Controllers/Front.php(176): imagettftext(Object(GdImage), 24, 14, 71.666666666666657192763523198664188385009765625, 29, 16777215, '/home/casalingenieros/public_html/public/template/fonts/Poppins-Regular.ttf', 'R')
 2 SYSTEMPATH/CodeIgniter.php(933): App\Controllers\Front->creaCaptcha()
 3 SYSTEMPATH/CodeIgniter.php(509): CodeIgniter\CodeIgniter->runController(Object(App\Controllers\Front))
 4 SYSTEMPATH/CodeIgniter.php(355): CodeIgniter\CodeIgniter->handleRequest(null, Object(Config\Cache), false)
 5 SYSTEMPATH/Boot.php(325): CodeIgniter\CodeIgniter->run()
 6 SYSTEMPATH/Boot.php(67): CodeIgniter\Boot::runCodeIgniter(Object(CodeIgniter\CodeIgniter))
 7 FCPATH/index.php(56): CodeIgniter\Boot::bootWeb(Object(Config\Paths))
WARNING - 2025-02-07 14:56:33 --> [DEPRECATED] Implicit conversion from float 128.33333333333331 to int loses precision in APPPATH/Controllers/Front.php on line 176.
 1 APPPATH/Controllers/Front.php(176): imagettftext(Object(GdImage), 24, 8, 128.33333333333331438552704639732837677001953125, 27, 16777215, '/home/casalingenieros/public_html/public/template/fonts/Poppins-Bold.ttf', 'G')
 2 SYSTEMPATH/CodeIgniter.php(933): App\Controllers\Front->creaCaptcha()
 3 SYSTEMPATH/CodeIgniter.php(509): CodeIgniter\CodeIgniter->runController(Object(App\Controllers\Front))
 4 SYSTEMPATH/CodeIgniter.php(355): CodeIgniter\CodeIgniter->handleRequest(null, Object(Config\Cache), false)
 5 SYSTEMPATH/Boot.php(325): CodeIgniter\CodeIgniter->run()
 6 SYSTEMPATH/Boot.php(67): CodeIgniter\Boot::runCodeIgniter(Object(CodeIgniter\CodeIgniter))
 7 FCPATH/index.php(56): CodeIgniter\Boot::bootWeb(Object(Config\Paths))
WARNING - 2025-02-07 14:56:33 --> [DEPRECATED] Implicit conversion from float 156.66666666666666 to int loses precision in APPPATH/Controllers/Front.php on line 176.
 1 APPPATH/Controllers/Front.php(176): imagettftext(Object(GdImage), 24, 6, 156.666666666666657192763523198664188385009765625, 29, 16777215, '/home/casalingenieros/public_html/public/template/fonts/Poppins-Regular.ttf', 'N')
 2 SYSTEMPATH/CodeIgniter.php(933): App\Controllers\Front->creaCaptcha()
 3 SYSTEMPATH/CodeIgniter.php(509): CodeIgniter\CodeIgniter->runController(Object(App\Controllers\Front))
 4 SYSTEMPATH/CodeIgniter.php(355): CodeIgniter\CodeIgniter->handleRequest(null, Object(Config\Cache), false)
 5 SYSTEMPATH/Boot.php(325): CodeIgniter\CodeIgniter->run()
 6 SYSTEMPATH/Boot.php(67): CodeIgniter\Boot::runCodeIgniter(Object(CodeIgniter\CodeIgniter))
 7 FCPATH/index.php(56): CodeIgniter\Boot::bootWeb(Object(Config\Paths))
INFO - 2025-02-07 14:56:34 --> Session: Class initialized using 'CodeIgniter\Session\Handlers\FileHandler' driver.
WARNING - 2025-02-07 14:56:34 --> [DEPRECATED] Implicit conversion from float 43.33333333333333 to int loses precision in APPPATH/Controllers/Front.php on line 176.
 1 APPPATH/Controllers/Front.php(176): imagettftext(Object(GdImage), 24, -14, 43.3333333333333285963817615993320941925048828125, 33, 16777215, '/home/casalingenieros/public_html/public/template/fonts/Poppins-Bold.ttf', 'M')
 2 SYSTEMPATH/CodeIgniter.php(933): App\Controllers\Front->creaCaptcha()
 3 SYSTEMPATH/CodeIgniter.php(509): CodeIgniter\CodeIgniter->runController(Object(App\Controllers\Front))
 4 SYSTEMPATH/CodeIgniter.php(355): CodeIgniter\CodeIgniter->handleRequest(null, Object(Config\Cache), false)
 5 SYSTEMPATH/Boot.php(325): CodeIgniter\CodeIgniter->run()
 6 SYSTEMPATH/Boot.php(67): CodeIgniter\Boot::runCodeIgniter(Object(CodeIgniter\CodeIgniter))
 7 FCPATH/index.php(56): CodeIgniter\Boot::bootWeb(Object(Config\Paths))
WARNING - 2025-02-07 14:56:34 --> [DEPRECATED] Implicit conversion from float 71.66666666666666 to int loses precision in APPPATH/Controllers/Front.php on line 176.
 1 APPPATH/Controllers/Front.php(176): imagettftext(Object(GdImage), 24, 10, 71.666666666666657192763523198664188385009765625, 27, 16777215, '/home/casalingenieros/public_html/public/template/fonts/Poppins-Regular.ttf', 'S')
 2 SYSTEMPATH/CodeIgniter.php(933): App\Controllers\Front->creaCaptcha()
 3 SYSTEMPATH/CodeIgniter.php(509): CodeIgniter\CodeIgniter->runController(Object(App\Controllers\Front))
 4 SYSTEMPATH/CodeIgniter.php(355): CodeIgniter\CodeIgniter->handleRequest(null, Object(Config\Cache), false)
 5 SYSTEMPATH/Boot.php(325): CodeIgniter\CodeIgniter->run()
 6 SYSTEMPATH/Boot.php(67): CodeIgniter\Boot::runCodeIgniter(Object(CodeIgniter\CodeIgniter))
 7 FCPATH/index.php(56): CodeIgniter\Boot::bootWeb(Object(Config\Paths))
WARNING - 2025-02-07 14:56:34 --> [DEPRECATED] Implicit conversion from float 128.33333333333331 to int loses precision in APPPATH/Controllers/Front.php on line 176.
 1 APPPATH/Controllers/Front.php(176): imagettftext(Object(GdImage), 24, 7, 128.33333333333331438552704639732837677001953125, 34, 16777215, '/home/casalingenieros/public_html/public/template/fonts/Poppins-Bold.ttf', 'G')
 2 SYSTEMPATH/CodeIgniter.php(933): App\Controllers\Front->creaCaptcha()
 3 SYSTEMPATH/CodeIgniter.php(509): CodeIgniter\CodeIgniter->runController(Object(App\Controllers\Front))
 4 SYSTEMPATH/CodeIgniter.php(355): CodeIgniter\CodeIgniter->handleRequest(null, Object(Config\Cache), false)
 5 SYSTEMPATH/Boot.php(325): CodeIgniter\CodeIgniter->run()
 6 SYSTEMPATH/Boot.php(67): CodeIgniter\Boot::runCodeIgniter(Object(CodeIgniter\CodeIgniter))
 7 FCPATH/index.php(56): CodeIgniter\Boot::bootWeb(Object(Config\Paths))
WARNING - 2025-02-07 14:56:34 --> [DEPRECATED] Implicit conversion from float 156.66666666666666 to int loses precision in APPPATH/Controllers/Front.php on line 176.
 1 APPPATH/Controllers/Front.php(176): imagettftext(Object(GdImage), 24, -13, 156.666666666666657192763523198664188385009765625, 43, 16777215, '/home/casalingenieros/public_html/public/template/fonts/Poppins-Regular.ttf', 'W')
 2 SYSTEMPATH/CodeIgniter.php(933): App\Controllers\Front->creaCaptcha()
 3 SYSTEMPATH/CodeIgniter.php(509): CodeIgniter\CodeIgniter->runController(Object(App\Controllers\Front))
 4 SYSTEMPATH/CodeIgniter.php(355): CodeIgniter\CodeIgniter->handleRequest(null, Object(Config\Cache), false)
 5 SYSTEMPATH/Boot.php(325): CodeIgniter\CodeIgniter->run()
 6 SYSTEMPATH/Boot.php(67): CodeIgniter\Boot::runCodeIgniter(Object(CodeIgniter\CodeIgniter))
 7 FCPATH/index.php(56): CodeIgniter\Boot::bootWeb(Object(Config\Paths))
INFO - 2025-02-07 14:57:07 --> Session: Class initialized using 'CodeIgniter\Session\Handlers\FileHandler' driver.
INFO - 2025-02-07 14:57:08 --> Session: Class initialized using 'CodeIgniter\Session\Handlers\FileHandler' driver.
WARNING - 2025-02-07 14:57:08 --> [DEPRECATED] Implicit conversion from float 43.33333333333333 to int loses precision in APPPATH/Controllers/Front.php on line 176.
 1 APPPATH/Controllers/Front.php(176): imagettftext(Object(GdImage), 24, 7, 43.3333333333333285963817615993320941925048828125, 32, 0, '/home/casalingenieros/public_html/public/template/fonts/Poppins-Bold.ttf', 'X')
 2 SYSTEMPATH/CodeIgniter.php(933): App\Controllers\Front->creaCaptcha()
 3 SYSTEMPATH/CodeIgniter.php(509): CodeIgniter\CodeIgniter->runController(Object(App\Controllers\Front))
 4 SYSTEMPATH/CodeIgniter.php(355): CodeIgniter\CodeIgniter->handleRequest(null, Object(Config\Cache), false)
 5 SYSTEMPATH/Boot.php(325): CodeIgniter\CodeIgniter->run()
 6 SYSTEMPATH/Boot.php(67): CodeIgniter\Boot::runCodeIgniter(Object(CodeIgniter\CodeIgniter))
 7 FCPATH/index.php(56): CodeIgniter\Boot::bootWeb(Object(Config\Paths))
WARNING - 2025-02-07 14:57:08 --> [DEPRECATED] Implicit conversion from float 71.66666666666666 to int loses precision in APPPATH/Controllers/Front.php on line 176.
 1 APPPATH/Controllers/Front.php(176): imagettftext(Object(GdImage), 24, -5, 71.666666666666657192763523198664188385009765625, 37, 0, '/home/casalingenieros/public_html/public/template/fonts/Poppins-Regular.ttf', 'X')
 2 SYSTEMPATH/CodeIgniter.php(933): App\Controllers\Front->creaCaptcha()
 3 SYSTEMPATH/CodeIgniter.php(509): CodeIgniter\CodeIgniter->runController(Object(App\Controllers\Front))
 4 SYSTEMPATH/CodeIgniter.php(355): CodeIgniter\CodeIgniter->handleRequest(null, Object(Config\Cache), false)
 5 SYSTEMPATH/Boot.php(325): CodeIgniter\CodeIgniter->run()
 6 SYSTEMPATH/Boot.php(67): CodeIgniter\Boot::runCodeIgniter(Object(CodeIgniter\CodeIgniter))
 7 FCPATH/index.php(56): CodeIgniter\Boot::bootWeb(Object(Config\Paths))
WARNING - 2025-02-07 14:57:08 --> [DEPRECATED] Implicit conversion from float 128.33333333333331 to int loses precision in APPPATH/Controllers/Front.php on line 176.
 1 APPPATH/Controllers/Front.php(176): imagettftext(Object(GdImage), 24, -13, 128.33333333333331438552704639732837677001953125, 26, 0, '/home/casalingenieros/public_html/public/template/fonts/Poppins-Regular.ttf', 'A')
 2 SYSTEMPATH/CodeIgniter.php(933): App\Controllers\Front->creaCaptcha()
 3 SYSTEMPATH/CodeIgniter.php(509): CodeIgniter\CodeIgniter->runController(Object(App\Controllers\Front))
 4 SYSTEMPATH/CodeIgniter.php(355): CodeIgniter\CodeIgniter->handleRequest(null, Object(Config\Cache), false)
 5 SYSTEMPATH/Boot.php(325): CodeIgniter\CodeIgniter->run()
 6 SYSTEMPATH/Boot.php(67): CodeIgniter\Boot::runCodeIgniter(Object(CodeIgniter\CodeIgniter))
 7 FCPATH/index.php(56): CodeIgniter\Boot::bootWeb(Object(Config\Paths))
WARNING - 2025-02-07 14:57:08 --> [DEPRECATED] Implicit conversion from float 156.66666666666666 to int loses precision in APPPATH/Controllers/Front.php on line 176.
 1 APPPATH/Controllers/Front.php(176): imagettftext(Object(GdImage), 24, -7, 156.666666666666657192763523198664188385009765625, 38, 16777215, '/home/casalingenieros/public_html/public/template/fonts/Poppins-Bold.ttf', 'U')
 2 SYSTEMPATH/CodeIgniter.php(933): App\Controllers\Front->creaCaptcha()
 3 SYSTEMPATH/CodeIgniter.php(509): CodeIgniter\CodeIgniter->runController(Object(App\Controllers\Front))
 4 SYSTEMPATH/CodeIgniter.php(355): CodeIgniter\CodeIgniter->handleRequest(null, Object(Config\Cache), false)
 5 SYSTEMPATH/Boot.php(325): CodeIgniter\CodeIgniter->run()
 6 SYSTEMPATH/Boot.php(67): CodeIgniter\Boot::runCodeIgniter(Object(CodeIgniter\CodeIgniter))
 7 FCPATH/index.php(56): CodeIgniter\Boot::bootWeb(Object(Config\Paths))
INFO - 2025-02-07 14:57:09 --> Session: Class initialized using 'CodeIgniter\Session\Handlers\FileHandler' driver.
WARNING - 2025-02-07 14:57:09 --> [DEPRECATED] Implicit conversion from float 43.33333333333333 to int loses precision in APPPATH/Controllers/Front.php on line 176.
 1 APPPATH/Controllers/Front.php(176): imagettftext(Object(GdImage), 24, -12, 43.3333333333333285963817615993320941925048828125, 39, 16777215, '/home/casalingenieros/public_html/public/template/fonts/Poppins-Bold.ttf', 'U')
 2 SYSTEMPATH/CodeIgniter.php(933): App\Controllers\Front->creaCaptcha()
 3 SYSTEMPATH/CodeIgniter.php(509): CodeIgniter\CodeIgniter->runController(Object(App\Controllers\Front))
 4 SYSTEMPATH/CodeIgniter.php(355): CodeIgniter\CodeIgniter->handleRequest(null, Object(Config\Cache), false)
 5 SYSTEMPATH/Boot.php(325): CodeIgniter\CodeIgniter->run()
 6 SYSTEMPATH/Boot.php(67): CodeIgniter\Boot::runCodeIgniter(Object(CodeIgniter\CodeIgniter))
 7 FCPATH/index.php(56): CodeIgniter\Boot::bootWeb(Object(Config\Paths))
WARNING - 2025-02-07 14:57:09 --> [DEPRECATED] Implicit conversion from float 71.66666666666666 to int loses precision in APPPATH/Controllers/Front.php on line 176.
 1 APPPATH/Controllers/Front.php(176): imagettftext(Object(GdImage), 24, 6, 71.666666666666657192763523198664188385009765625, 45, 16777215, '/home/casalingenieros/public_html/public/template/fonts/Poppins-Regular.ttf', 'G')
 2 SYSTEMPATH/CodeIgniter.php(933): App\Controllers\Front->creaCaptcha()
 3 SYSTEMPATH/CodeIgniter.php(509): CodeIgniter\CodeIgniter->runController(Object(App\Controllers\Front))
 4 SYSTEMPATH/CodeIgniter.php(355): CodeIgniter\CodeIgniter->handleRequest(null, Object(Config\Cache), false)
 5 SYSTEMPATH/Boot.php(325): CodeIgniter\CodeIgniter->run()
 6 SYSTEMPATH/Boot.php(67): CodeIgniter\Boot::runCodeIgniter(Object(CodeIgniter\CodeIgniter))
 7 FCPATH/index.php(56): CodeIgniter\Boot::bootWeb(Object(Config\Paths))
WARNING - 2025-02-07 14:57:09 --> [DEPRECATED] Implicit conversion from float 128.33333333333331 to int loses precision in APPPATH/Controllers/Front.php on line 176.
 1 APPPATH/Controllers/Front.php(176): imagettftext(Object(GdImage), 24, 4, 128.33333333333331438552704639732837677001953125, 43, 16777215, '/home/casalingenieros/public_html/public/template/fonts/Poppins-Regular.ttf', 'E')
 2 SYSTEMPATH/CodeIgniter.php(933): App\Controllers\Front->creaCaptcha()
 3 SYSTEMPATH/CodeIgniter.php(509): CodeIgniter\CodeIgniter->runController(Object(App\Controllers\Front))
 4 SYSTEMPATH/CodeIgniter.php(355): CodeIgniter\CodeIgniter->handleRequest(null, Object(Config\Cache), false)
 5 SYSTEMPATH/Boot.php(325): CodeIgniter\CodeIgniter->run()
 6 SYSTEMPATH/Boot.php(67): CodeIgniter\Boot::runCodeIgniter(Object(CodeIgniter\CodeIgniter))
 7 FCPATH/index.php(56): CodeIgniter\Boot::bootWeb(Object(Config\Paths))
WARNING - 2025-02-07 14:57:09 --> [DEPRECATED] Implicit conversion from float 156.66666666666666 to int loses precision in APPPATH/Controllers/Front.php on line 176.
 1 APPPATH/Controllers/Front.php(176): imagettftext(Object(GdImage), 24, 9, 156.666666666666657192763523198664188385009765625, 33, 0, '/home/casalingenieros/public_html/public/template/fonts/Poppins-Regular.ttf', 'G')
 2 SYSTEMPATH/CodeIgniter.php(933): App\Controllers\Front->creaCaptcha()
 3 SYSTEMPATH/CodeIgniter.php(509): CodeIgniter\CodeIgniter->runController(Object(App\Controllers\Front))
 4 SYSTEMPATH/CodeIgniter.php(355): CodeIgniter\CodeIgniter->handleRequest(null, Object(Config\Cache), false)
 5 SYSTEMPATH/Boot.php(325): CodeIgniter\CodeIgniter->run()
 6 SYSTEMPATH/Boot.php(67): CodeIgniter\Boot::runCodeIgniter(Object(CodeIgniter\CodeIgniter))
 7 FCPATH/index.php(56): CodeIgniter\Boot::bootWeb(Object(Config\Paths))
INFO - 2025-02-07 14:57:16 --> Session: Class initialized using 'CodeIgniter\Session\Handlers\FileHandler' driver.
INFO - 2025-02-07 14:57:16 --> Session: Class initialized using 'CodeIgniter\Session\Handlers\FileHandler' driver.
WARNING - 2025-02-07 14:57:16 --> [DEPRECATED] Implicit conversion from float 43.33333333333333 to int loses precision in APPPATH/Controllers/Front.php on line 176.
 1 APPPATH/Controllers/Front.php(176): imagettftext(Object(GdImage), 24, -7, 43.3333333333333285963817615993320941925048828125, 27, 0, '/home/casalingenieros/public_html/public/template/fonts/Poppins-Bold.ttf', 'T')
 2 SYSTEMPATH/CodeIgniter.php(933): App\Controllers\Front->creaCaptcha()
 3 SYSTEMPATH/CodeIgniter.php(509): CodeIgniter\CodeIgniter->runController(Object(App\Controllers\Front))
 4 SYSTEMPATH/CodeIgniter.php(355): CodeIgniter\CodeIgniter->handleRequest(null, Object(Config\Cache), false)
 5 SYSTEMPATH/Boot.php(325): CodeIgniter\CodeIgniter->run()
 6 SYSTEMPATH/Boot.php(67): CodeIgniter\Boot::runCodeIgniter(Object(CodeIgniter\CodeIgniter))
 7 FCPATH/index.php(56): CodeIgniter\Boot::bootWeb(Object(Config\Paths))
WARNING - 2025-02-07 14:57:16 --> [DEPRECATED] Implicit conversion from float 71.66666666666666 to int loses precision in APPPATH/Controllers/Front.php on line 176.
 1 APPPATH/Controllers/Front.php(176): imagettftext(Object(GdImage), 24, 14, 71.666666666666657192763523198664188385009765625, 28, 16777215, '/home/casalingenieros/public_html/public/template/fonts/Poppins-Regular.ttf', 'L')
 2 SYSTEMPATH/CodeIgniter.php(933): App\Controllers\Front->creaCaptcha()
 3 SYSTEMPATH/CodeIgniter.php(509): CodeIgniter\CodeIgniter->runController(Object(App\Controllers\Front))
 4 SYSTEMPATH/CodeIgniter.php(355): CodeIgniter\CodeIgniter->handleRequest(null, Object(Config\Cache), false)
 5 SYSTEMPATH/Boot.php(325): CodeIgniter\CodeIgniter->run()
 6 SYSTEMPATH/Boot.php(67): CodeIgniter\Boot::runCodeIgniter(Object(CodeIgniter\CodeIgniter))
 7 FCPATH/index.php(56): CodeIgniter\Boot::bootWeb(Object(Config\Paths))
WARNING - 2025-02-07 14:57:16 --> [DEPRECATED] Implicit conversion from float 128.33333333333331 to int loses precision in APPPATH/Controllers/Front.php on line 176.
 1 APPPATH/Controllers/Front.php(176): imagettftext(Object(GdImage), 24, -15, 128.33333333333331438552704639732837677001953125, 31, 16777215, '/home/casalingenieros/public_html/public/template/fonts/Poppins-Bold.ttf', 'N')
 2 SYSTEMPATH/CodeIgniter.php(933): App\Controllers\Front->creaCaptcha()
 3 SYSTEMPATH/CodeIgniter.php(509): CodeIgniter\CodeIgniter->runController(Object(App\Controllers\Front))
 4 SYSTEMPATH/CodeIgniter.php(355): CodeIgniter\CodeIgniter->handleRequest(null, Object(Config\Cache), false)
 5 SYSTEMPATH/Boot.php(325): CodeIgniter\CodeIgniter->run()
 6 SYSTEMPATH/Boot.php(67): CodeIgniter\Boot::runCodeIgniter(Object(CodeIgniter\CodeIgniter))
 7 FCPATH/index.php(56): CodeIgniter\Boot::bootWeb(Object(Config\Paths))
WARNING - 2025-02-07 14:57:16 --> [DEPRECATED] Implicit conversion from float 156.66666666666666 to int loses precision in APPPATH/Controllers/Front.php on line 176.
 1 APPPATH/Controllers/Front.php(176): imagettftext(Object(GdImage), 24, 15, 156.666666666666657192763523198664188385009765625, 40, 0, '/home/casalingenieros/public_html/public/template/fonts/Poppins-Regular.ttf', 'W')
 2 SYSTEMPATH/CodeIgniter.php(933): App\Controllers\Front->creaCaptcha()
 3 SYSTEMPATH/CodeIgniter.php(509): CodeIgniter\CodeIgniter->runController(Object(App\Controllers\Front))
 4 SYSTEMPATH/CodeIgniter.php(355): CodeIgniter\CodeIgniter->handleRequest(null, Object(Config\Cache), false)
 5 SYSTEMPATH/Boot.php(325): CodeIgniter\CodeIgniter->run()
 6 SYSTEMPATH/Boot.php(67): CodeIgniter\Boot::runCodeIgniter(Object(CodeIgniter\CodeIgniter))
 7 FCPATH/index.php(56): CodeIgniter\Boot::bootWeb(Object(Config\Paths))
INFO - 2025-02-07 14:57:18 --> Session: Class initialized using 'CodeIgniter\Session\Handlers\FileHandler' driver.
WARNING - 2025-02-07 14:57:18 --> [DEPRECATED] Implicit conversion from float 43.33333333333333 to int loses precision in APPPATH/Controllers/Front.php on line 176.
 1 APPPATH/Controllers/Front.php(176): imagettftext(Object(GdImage), 24, -9, 43.3333333333333285963817615993320941925048828125, 39, 0, '/home/casalingenieros/public_html/public/template/fonts/Poppins-Bold.ttf', 'B')
 2 SYSTEMPATH/CodeIgniter.php(933): App\Controllers\Front->creaCaptcha()
 3 SYSTEMPATH/CodeIgniter.php(509): CodeIgniter\CodeIgniter->runController(Object(App\Controllers\Front))
 4 SYSTEMPATH/CodeIgniter.php(355): CodeIgniter\CodeIgniter->handleRequest(null, Object(Config\Cache), false)
 5 SYSTEMPATH/Boot.php(325): CodeIgniter\CodeIgniter->run()
 6 SYSTEMPATH/Boot.php(67): CodeIgniter\Boot::runCodeIgniter(Object(CodeIgniter\CodeIgniter))
 7 FCPATH/index.php(56): CodeIgniter\Boot::bootWeb(Object(Config\Paths))
WARNING - 2025-02-07 14:57:18 --> [DEPRECATED] Implicit conversion from float 71.66666666666666 to int loses precision in APPPATH/Controllers/Front.php on line 176.
 1 APPPATH/Controllers/Front.php(176): imagettftext(Object(GdImage), 24, 0, 71.666666666666657192763523198664188385009765625, 41, 16777215, '/home/casalingenieros/public_html/public/template/fonts/Poppins-Bold.ttf', 'H')
 2 SYSTEMPATH/CodeIgniter.php(933): App\Controllers\Front->creaCaptcha()
 3 SYSTEMPATH/CodeIgniter.php(509): CodeIgniter\CodeIgniter->runController(Object(App\Controllers\Front))
 4 SYSTEMPATH/CodeIgniter.php(355): CodeIgniter\CodeIgniter->handleRequest(null, Object(Config\Cache), false)
 5 SYSTEMPATH/Boot.php(325): CodeIgniter\CodeIgniter->run()
 6 SYSTEMPATH/Boot.php(67): CodeIgniter\Boot::runCodeIgniter(Object(CodeIgniter\CodeIgniter))
 7 FCPATH/index.php(56): CodeIgniter\Boot::bootWeb(Object(Config\Paths))
WARNING - 2025-02-07 14:57:18 --> [DEPRECATED] Implicit conversion from float 128.33333333333331 to int loses precision in APPPATH/Controllers/Front.php on line 176.
 1 APPPATH/Controllers/Front.php(176): imagettftext(Object(GdImage), 24, 2, 128.33333333333331438552704639732837677001953125, 36, 16777215, '/home/casalingenieros/public_html/public/template/fonts/Poppins-Regular.ttf', 'Y')
 2 SYSTEMPATH/CodeIgniter.php(933): App\Controllers\Front->creaCaptcha()
 3 SYSTEMPATH/CodeIgniter.php(509): CodeIgniter\CodeIgniter->runController(Object(App\Controllers\Front))
 4 SYSTEMPATH/CodeIgniter.php(355): CodeIgniter\CodeIgniter->handleRequest(null, Object(Config\Cache), false)
 5 SYSTEMPATH/Boot.php(325): CodeIgniter\CodeIgniter->run()
 6 SYSTEMPATH/Boot.php(67): CodeIgniter\Boot::runCodeIgniter(Object(CodeIgniter\CodeIgniter))
 7 FCPATH/index.php(56): CodeIgniter\Boot::bootWeb(Object(Config\Paths))
WARNING - 2025-02-07 14:57:18 --> [DEPRECATED] Implicit conversion from float 156.66666666666666 to int loses precision in APPPATH/Controllers/Front.php on line 176.
 1 APPPATH/Controllers/Front.php(176): imagettftext(Object(GdImage), 24, 12, 156.666666666666657192763523198664188385009765625, 38, 0, '/home/casalingenieros/public_html/public/template/fonts/Poppins-Regular.ttf', 'D')
 2 SYSTEMPATH/CodeIgniter.php(933): App\Controllers\Front->creaCaptcha()
 3 SYSTEMPATH/CodeIgniter.php(509): CodeIgniter\CodeIgniter->runController(Object(App\Controllers\Front))
 4 SYSTEMPATH/CodeIgniter.php(355): CodeIgniter\CodeIgniter->handleRequest(null, Object(Config\Cache), false)
 5 SYSTEMPATH/Boot.php(325): CodeIgniter\CodeIgniter->run()
 6 SYSTEMPATH/Boot.php(67): CodeIgniter\Boot::runCodeIgniter(Object(CodeIgniter\CodeIgniter))
 7 FCPATH/index.php(56): CodeIgniter\Boot::bootWeb(Object(Config\Paths))
INFO - 2025-02-07 14:57:28 --> Session: Class initialized using 'CodeIgniter\Session\Handlers\FileHandler' driver.
INFO - 2025-02-07 14:58:01 --> Session: Class initialized using 'CodeIgniter\Session\Handlers\FileHandler' driver.
INFO - 2025-02-07 14:58:02 --> Session: Class initialized using 'CodeIgniter\Session\Handlers\FileHandler' driver.
WARNING - 2025-02-07 14:58:02 --> [DEPRECATED] Implicit conversion from float 43.33333333333333 to int loses precision in APPPATH/Controllers/Front.php on line 176.
 1 APPPATH/Controllers/Front.php(176): imagettftext(Object(GdImage), 24, -8, 43.3333333333333285963817615993320941925048828125, 27, 16777215, '/home/casalingenieros/public_html/public/template/fonts/Poppins-Bold.ttf', 'B')
 2 SYSTEMPATH/CodeIgniter.php(933): App\Controllers\Front->creaCaptcha()
 3 SYSTEMPATH/CodeIgniter.php(509): CodeIgniter\CodeIgniter->runController(Object(App\Controllers\Front))
 4 SYSTEMPATH/CodeIgniter.php(355): CodeIgniter\CodeIgniter->handleRequest(null, Object(Config\Cache), false)
 5 SYSTEMPATH/Boot.php(325): CodeIgniter\CodeIgniter->run()
 6 SYSTEMPATH/Boot.php(67): CodeIgniter\Boot::runCodeIgniter(Object(CodeIgniter\CodeIgniter))
 7 FCPATH/index.php(56): CodeIgniter\Boot::bootWeb(Object(Config\Paths))
WARNING - 2025-02-07 14:58:02 --> [DEPRECATED] Implicit conversion from float 71.66666666666666 to int loses precision in APPPATH/Controllers/Front.php on line 176.
 1 APPPATH/Controllers/Front.php(176): imagettftext(Object(GdImage), 24, 0, 71.666666666666657192763523198664188385009765625, 30, 0, '/home/casalingenieros/public_html/public/template/fonts/Poppins-Bold.ttf', 'G')
 2 SYSTEMPATH/CodeIgniter.php(933): App\Controllers\Front->creaCaptcha()
 3 SYSTEMPATH/CodeIgniter.php(509): CodeIgniter\CodeIgniter->runController(Object(App\Controllers\Front))
 4 SYSTEMPATH/CodeIgniter.php(355): CodeIgniter\CodeIgniter->handleRequest(null, Object(Config\Cache), false)
 5 SYSTEMPATH/Boot.php(325): CodeIgniter\CodeIgniter->run()
 6 SYSTEMPATH/Boot.php(67): CodeIgniter\Boot::runCodeIgniter(Object(CodeIgniter\CodeIgniter))
 7 FCPATH/index.php(56): CodeIgniter\Boot::bootWeb(Object(Config\Paths))
WARNING - 2025-02-07 14:58:02 --> [DEPRECATED] Implicit conversion from float 128.33333333333331 to int loses precision in APPPATH/Controllers/Front.php on line 176.
 1 APPPATH/Controllers/Front.php(176): imagettftext(Object(GdImage), 24, -14, 128.33333333333331438552704639732837677001953125, 38, 0, '/home/casalingenieros/public_html/public/template/fonts/Poppins-Regular.ttf', 'K')
 2 SYSTEMPATH/CodeIgniter.php(933): App\Controllers\Front->creaCaptcha()
 3 SYSTEMPATH/CodeIgniter.php(509): CodeIgniter\CodeIgniter->runController(Object(App\Controllers\Front))
 4 SYSTEMPATH/CodeIgniter.php(355): CodeIgniter\CodeIgniter->handleRequest(null, Object(Config\Cache), false)
 5 SYSTEMPATH/Boot.php(325): CodeIgniter\CodeIgniter->run()
 6 SYSTEMPATH/Boot.php(67): CodeIgniter\Boot::runCodeIgniter(Object(CodeIgniter\CodeIgniter))
 7 FCPATH/index.php(56): CodeIgniter\Boot::bootWeb(Object(Config\Paths))
WARNING - 2025-02-07 14:58:02 --> [DEPRECATED] Implicit conversion from float 156.66666666666666 to int loses precision in APPPATH/Controllers/Front.php on line 176.
 1 APPPATH/Controllers/Front.php(176): imagettftext(Object(GdImage), 24, 13, 156.666666666666657192763523198664188385009765625, 36, 0, '/home/casalingenieros/public_html/public/template/fonts/Poppins-Bold.ttf', 'R')
 2 SYSTEMPATH/CodeIgniter.php(933): App\Controllers\Front->creaCaptcha()
 3 SYSTEMPATH/CodeIgniter.php(509): CodeIgniter\CodeIgniter->runController(Object(App\Controllers\Front))
 4 SYSTEMPATH/CodeIgniter.php(355): CodeIgniter\CodeIgniter->handleRequest(null, Object(Config\Cache), false)
 5 SYSTEMPATH/Boot.php(325): CodeIgniter\CodeIgniter->run()
 6 SYSTEMPATH/Boot.php(67): CodeIgniter\Boot::runCodeIgniter(Object(CodeIgniter\CodeIgniter))
 7 FCPATH/index.php(56): CodeIgniter\Boot::bootWeb(Object(Config\Paths))
INFO - 2025-02-07 14:58:02 --> Session: Class initialized using 'CodeIgniter\Session\Handlers\FileHandler' driver.
WARNING - 2025-02-07 14:58:02 --> [DEPRECATED] Implicit conversion from float 43.33333333333333 to int loses precision in APPPATH/Controllers/Front.php on line 176.
 1 APPPATH/Controllers/Front.php(176): imagettftext(Object(GdImage), 24, -11, 43.3333333333333285963817615993320941925048828125, 43, 0, '/home/casalingenieros/public_html/public/template/fonts/Poppins-Bold.ttf', 'U')
 2 SYSTEMPATH/CodeIgniter.php(933): App\Controllers\Front->creaCaptcha()
 3 SYSTEMPATH/CodeIgniter.php(509): CodeIgniter\CodeIgniter->runController(Object(App\Controllers\Front))
 4 SYSTEMPATH/CodeIgniter.php(355): CodeIgniter\CodeIgniter->handleRequest(null, Object(Config\Cache), false)
 5 SYSTEMPATH/Boot.php(325): CodeIgniter\CodeIgniter->run()
 6 SYSTEMPATH/Boot.php(67): CodeIgniter\Boot::runCodeIgniter(Object(CodeIgniter\CodeIgniter))
 7 FCPATH/index.php(56): CodeIgniter\Boot::bootWeb(Object(Config\Paths))
WARNING - 2025-02-07 14:58:02 --> [DEPRECATED] Implicit conversion from float 71.66666666666666 to int loses precision in APPPATH/Controllers/Front.php on line 176.
 1 APPPATH/Controllers/Front.php(176): imagettftext(Object(GdImage), 24, -15, 71.666666666666657192763523198664188385009765625, 29, 0, '/home/casalingenieros/public_html/public/template/fonts/Poppins-Bold.ttf', 'N')
 2 SYSTEMPATH/CodeIgniter.php(933): App\Controllers\Front->creaCaptcha()
 3 SYSTEMPATH/CodeIgniter.php(509): CodeIgniter\CodeIgniter->runController(Object(App\Controllers\Front))
 4 SYSTEMPATH/CodeIgniter.php(355): CodeIgniter\CodeIgniter->handleRequest(null, Object(Config\Cache), false)
 5 SYSTEMPATH/Boot.php(325): CodeIgniter\CodeIgniter->run()
 6 SYSTEMPATH/Boot.php(67): CodeIgniter\Boot::runCodeIgniter(Object(CodeIgniter\CodeIgniter))
 7 FCPATH/index.php(56): CodeIgniter\Boot::bootWeb(Object(Config\Paths))
WARNING - 2025-02-07 14:58:02 --> [DEPRECATED] Implicit conversion from float 128.33333333333331 to int loses precision in APPPATH/Controllers/Front.php on line 176.
 1 APPPATH/Controllers/Front.php(176): imagettftext(Object(GdImage), 24, 9, 128.33333333333331438552704639732837677001953125, 30, 0, '/home/casalingenieros/public_html/public/template/fonts/Poppins-Bold.ttf', 'T')
 2 SYSTEMPATH/CodeIgniter.php(933): App\Controllers\Front->creaCaptcha()
 3 SYSTEMPATH/CodeIgniter.php(509): CodeIgniter\CodeIgniter->runController(Object(App\Controllers\Front))
 4 SYSTEMPATH/CodeIgniter.php(355): CodeIgniter\CodeIgniter->handleRequest(null, Object(Config\Cache), false)
 5 SYSTEMPATH/Boot.php(325): CodeIgniter\CodeIgniter->run()
 6 SYSTEMPATH/Boot.php(67): CodeIgniter\Boot::runCodeIgniter(Object(CodeIgniter\CodeIgniter))
 7 FCPATH/index.php(56): CodeIgniter\Boot::bootWeb(Object(Config\Paths))
WARNING - 2025-02-07 14:58:02 --> [DEPRECATED] Implicit conversion from float 156.66666666666666 to int loses precision in APPPATH/Controllers/Front.php on line 176.
 1 APPPATH/Controllers/Front.php(176): imagettftext(Object(GdImage), 24, 7, 156.666666666666657192763523198664188385009765625, 34, 0, '/home/casalingenieros/public_html/public/template/fonts/Poppins-Bold.ttf', 'Y')
 2 SYSTEMPATH/CodeIgniter.php(933): App\Controllers\Front->creaCaptcha()
 3 SYSTEMPATH/CodeIgniter.php(509): CodeIgniter\CodeIgniter->runController(Object(App\Controllers\Front))
 4 SYSTEMPATH/CodeIgniter.php(355): CodeIgniter\CodeIgniter->handleRequest(null, Object(Config\Cache), false)
 5 SYSTEMPATH/Boot.php(325): CodeIgniter\CodeIgniter->run()
 6 SYSTEMPATH/Boot.php(67): CodeIgniter\Boot::runCodeIgniter(Object(CodeIgniter\CodeIgniter))
 7 FCPATH/index.php(56): CodeIgniter\Boot::bootWeb(Object(Config\Paths))
INFO - 2025-02-07 15:00:48 --> Session: Class initialized using 'CodeIgniter\Session\Handlers\FileHandler' driver.
INFO - 2025-02-07 15:00:49 --> Session: Class initialized using 'CodeIgniter\Session\Handlers\FileHandler' driver.
WARNING - 2025-02-07 15:00:49 --> [DEPRECATED] Implicit conversion from float 43.33333333333333 to int loses precision in APPPATH/Controllers/Front.php on line 176.
 1 APPPATH/Controllers/Front.php(176): imagettftext(Object(GdImage), 24, -9, 43.3333333333333285963817615993320941925048828125, 40, 0, '/home/casalingenieros/public_html/public/template/fonts/Poppins-Bold.ttf', 'L')
 2 SYSTEMPATH/CodeIgniter.php(933): App\Controllers\Front->creaCaptcha()
 3 SYSTEMPATH/CodeIgniter.php(509): CodeIgniter\CodeIgniter->runController(Object(App\Controllers\Front))
 4 SYSTEMPATH/CodeIgniter.php(355): CodeIgniter\CodeIgniter->handleRequest(null, Object(Config\Cache), false)
 5 SYSTEMPATH/Boot.php(325): CodeIgniter\CodeIgniter->run()
 6 SYSTEMPATH/Boot.php(67): CodeIgniter\Boot::runCodeIgniter(Object(CodeIgniter\CodeIgniter))
 7 FCPATH/index.php(56): CodeIgniter\Boot::bootWeb(Object(Config\Paths))
WARNING - 2025-02-07 15:00:49 --> [DEPRECATED] Implicit conversion from float 71.66666666666666 to int loses precision in APPPATH/Controllers/Front.php on line 176.
 1 APPPATH/Controllers/Front.php(176): imagettftext(Object(GdImage), 24, 6, 71.666666666666657192763523198664188385009765625, 41, 0, '/home/casalingenieros/public_html/public/template/fonts/Poppins-Regular.ttf', 'R')
 2 SYSTEMPATH/CodeIgniter.php(933): App\Controllers\Front->creaCaptcha()
 3 SYSTEMPATH/CodeIgniter.php(509): CodeIgniter\CodeIgniter->runController(Object(App\Controllers\Front))
 4 SYSTEMPATH/CodeIgniter.php(355): CodeIgniter\CodeIgniter->handleRequest(null, Object(Config\Cache), false)
 5 SYSTEMPATH/Boot.php(325): CodeIgniter\CodeIgniter->run()
 6 SYSTEMPATH/Boot.php(67): CodeIgniter\Boot::runCodeIgniter(Object(CodeIgniter\CodeIgniter))
 7 FCPATH/index.php(56): CodeIgniter\Boot::bootWeb(Object(Config\Paths))
WARNING - 2025-02-07 15:00:49 --> [DEPRECATED] Implicit conversion from float 128.33333333333331 to int loses precision in APPPATH/Controllers/Front.php on line 176.
 1 APPPATH/Controllers/Front.php(176): imagettftext(Object(GdImage), 24, 9, 128.33333333333331438552704639732837677001953125, 27, 16777215, '/home/casalingenieros/public_html/public/template/fonts/Poppins-Bold.ttf', 'X')
 2 SYSTEMPATH/CodeIgniter.php(933): App\Controllers\Front->creaCaptcha()
 3 SYSTEMPATH/CodeIgniter.php(509): CodeIgniter\CodeIgniter->runController(Object(App\Controllers\Front))
 4 SYSTEMPATH/CodeIgniter.php(355): CodeIgniter\CodeIgniter->handleRequest(null, Object(Config\Cache), false)
 5 SYSTEMPATH/Boot.php(325): CodeIgniter\CodeIgniter->run()
 6 SYSTEMPATH/Boot.php(67): CodeIgniter\Boot::runCodeIgniter(Object(CodeIgniter\CodeIgniter))
 7 FCPATH/index.php(56): CodeIgniter\Boot::bootWeb(Object(Config\Paths))
WARNING - 2025-02-07 15:00:49 --> [DEPRECATED] Implicit conversion from float 156.66666666666666 to int loses precision in APPPATH/Controllers/Front.php on line 176.
 1 APPPATH/Controllers/Front.php(176): imagettftext(Object(GdImage), 24, 0, 156.666666666666657192763523198664188385009765625, 26, 0, '/home/casalingenieros/public_html/public/template/fonts/Poppins-Bold.ttf', 'H')
 2 SYSTEMPATH/CodeIgniter.php(933): App\Controllers\Front->creaCaptcha()
 3 SYSTEMPATH/CodeIgniter.php(509): CodeIgniter\CodeIgniter->runController(Object(App\Controllers\Front))
 4 SYSTEMPATH/CodeIgniter.php(355): CodeIgniter\CodeIgniter->handleRequest(null, Object(Config\Cache), false)
 5 SYSTEMPATH/Boot.php(325): CodeIgniter\CodeIgniter->run()
 6 SYSTEMPATH/Boot.php(67): CodeIgniter\Boot::runCodeIgniter(Object(CodeIgniter\CodeIgniter))
 7 FCPATH/index.php(56): CodeIgniter\Boot::bootWeb(Object(Config\Paths))
INFO - 2025-02-07 15:00:50 --> Session: Class initialized using 'CodeIgniter\Session\Handlers\FileHandler' driver.
WARNING - 2025-02-07 15:00:50 --> [DEPRECATED] Implicit conversion from float 43.33333333333333 to int loses precision in APPPATH/Controllers/Front.php on line 176.
 1 APPPATH/Controllers/Front.php(176): imagettftext(Object(GdImage), 24, 13, 43.3333333333333285963817615993320941925048828125, 31, 0, '/home/casalingenieros/public_html/public/template/fonts/Poppins-Regular.ttf', 'U')
 2 SYSTEMPATH/CodeIgniter.php(933): App\Controllers\Front->creaCaptcha()
 3 SYSTEMPATH/CodeIgniter.php(509): CodeIgniter\CodeIgniter->runController(Object(App\Controllers\Front))
 4 SYSTEMPATH/CodeIgniter.php(355): CodeIgniter\CodeIgniter->handleRequest(null, Object(Config\Cache), false)
 5 SYSTEMPATH/Boot.php(325): CodeIgniter\CodeIgniter->run()
 6 SYSTEMPATH/Boot.php(67): CodeIgniter\Boot::runCodeIgniter(Object(CodeIgniter\CodeIgniter))
 7 FCPATH/index.php(56): CodeIgniter\Boot::bootWeb(Object(Config\Paths))
WARNING - 2025-02-07 15:00:50 --> [DEPRECATED] Implicit conversion from float 71.66666666666666 to int loses precision in APPPATH/Controllers/Front.php on line 176.
 1 APPPATH/Controllers/Front.php(176): imagettftext(Object(GdImage), 24, -13, 71.666666666666657192763523198664188385009765625, 27, 16777215, '/home/casalingenieros/public_html/public/template/fonts/Poppins-Regular.ttf', 'J')
 2 SYSTEMPATH/CodeIgniter.php(933): App\Controllers\Front->creaCaptcha()
 3 SYSTEMPATH/CodeIgniter.php(509): CodeIgniter\CodeIgniter->runController(Object(App\Controllers\Front))
 4 SYSTEMPATH/CodeIgniter.php(355): CodeIgniter\CodeIgniter->handleRequest(null, Object(Config\Cache), false)
 5 SYSTEMPATH/Boot.php(325): CodeIgniter\CodeIgniter->run()
 6 SYSTEMPATH/Boot.php(67): CodeIgniter\Boot::runCodeIgniter(Object(CodeIgniter\CodeIgniter))
 7 FCPATH/index.php(56): CodeIgniter\Boot::bootWeb(Object(Config\Paths))
WARNING - 2025-02-07 15:00:50 --> [DEPRECATED] Implicit conversion from float 128.33333333333331 to int loses precision in APPPATH/Controllers/Front.php on line 176.
 1 APPPATH/Controllers/Front.php(176): imagettftext(Object(GdImage), 24, 11, 128.33333333333331438552704639732837677001953125, 29, 16777215, '/home/casalingenieros/public_html/public/template/fonts/Poppins-Bold.ttf', 'J')
 2 SYSTEMPATH/CodeIgniter.php(933): App\Controllers\Front->creaCaptcha()
 3 SYSTEMPATH/CodeIgniter.php(509): CodeIgniter\CodeIgniter->runController(Object(App\Controllers\Front))
 4 SYSTEMPATH/CodeIgniter.php(355): CodeIgniter\CodeIgniter->handleRequest(null, Object(Config\Cache), false)
 5 SYSTEMPATH/Boot.php(325): CodeIgniter\CodeIgniter->run()
 6 SYSTEMPATH/Boot.php(67): CodeIgniter\Boot::runCodeIgniter(Object(CodeIgniter\CodeIgniter))
 7 FCPATH/index.php(56): CodeIgniter\Boot::bootWeb(Object(Config\Paths))
WARNING - 2025-02-07 15:00:50 --> [DEPRECATED] Implicit conversion from float 156.66666666666666 to int loses precision in APPPATH/Controllers/Front.php on line 176.
 1 APPPATH/Controllers/Front.php(176): imagettftext(Object(GdImage), 24, -15, 156.666666666666657192763523198664188385009765625, 41, 0, '/home/casalingenieros/public_html/public/template/fonts/Poppins-Regular.ttf', 'A')
 2 SYSTEMPATH/CodeIgniter.php(933): App\Controllers\Front->creaCaptcha()
 3 SYSTEMPATH/CodeIgniter.php(509): CodeIgniter\CodeIgniter->runController(Object(App\Controllers\Front))
 4 SYSTEMPATH/CodeIgniter.php(355): CodeIgniter\CodeIgniter->handleRequest(null, Object(Config\Cache), false)
 5 SYSTEMPATH/Boot.php(325): CodeIgniter\CodeIgniter->run()
 6 SYSTEMPATH/Boot.php(67): CodeIgniter\Boot::runCodeIgniter(Object(CodeIgniter\CodeIgniter))
 7 FCPATH/index.php(56): CodeIgniter\Boot::bootWeb(Object(Config\Paths))
INFO - 2025-02-07 15:00:53 --> Session: Class initialized using 'CodeIgniter\Session\Handlers\FileHandler' driver.
INFO - 2025-02-07 15:00:53 --> Session: Class initialized using 'CodeIgniter\Session\Handlers\FileHandler' driver.
WARNING - 2025-02-07 15:00:53 --> [DEPRECATED] Implicit conversion from float 43.33333333333333 to int loses precision in APPPATH/Controllers/Front.php on line 176.
 1 APPPATH/Controllers/Front.php(176): imagettftext(Object(GdImage), 24, 2, 43.3333333333333285963817615993320941925048828125, 30, 16777215, '/home/casalingenieros/public_html/public/template/fonts/Poppins-Bold.ttf', 'N')
 2 SYSTEMPATH/CodeIgniter.php(933): App\Controllers\Front->creaCaptcha()
 3 SYSTEMPATH/CodeIgniter.php(509): CodeIgniter\CodeIgniter->runController(Object(App\Controllers\Front))
 4 SYSTEMPATH/CodeIgniter.php(355): CodeIgniter\CodeIgniter->handleRequest(null, Object(Config\Cache), false)
 5 SYSTEMPATH/Boot.php(325): CodeIgniter\CodeIgniter->run()
 6 SYSTEMPATH/Boot.php(67): CodeIgniter\Boot::runCodeIgniter(Object(CodeIgniter\CodeIgniter))
 7 FCPATH/index.php(56): CodeIgniter\Boot::bootWeb(Object(Config\Paths))
WARNING - 2025-02-07 15:00:53 --> [DEPRECATED] Implicit conversion from float 71.66666666666666 to int loses precision in APPPATH/Controllers/Front.php on line 176.
 1 APPPATH/Controllers/Front.php(176): imagettftext(Object(GdImage), 24, 15, 71.666666666666657192763523198664188385009765625, 31, 16777215, '/home/casalingenieros/public_html/public/template/fonts/Poppins-Bold.ttf', 'L')
 2 SYSTEMPATH/CodeIgniter.php(933): App\Controllers\Front->creaCaptcha()
 3 SYSTEMPATH/CodeIgniter.php(509): CodeIgniter\CodeIgniter->runController(Object(App\Controllers\Front))
 4 SYSTEMPATH/CodeIgniter.php(355): CodeIgniter\CodeIgniter->handleRequest(null, Object(Config\Cache), false)
 5 SYSTEMPATH/Boot.php(325): CodeIgniter\CodeIgniter->run()
 6 SYSTEMPATH/Boot.php(67): CodeIgniter\Boot::runCodeIgniter(Object(CodeIgniter\CodeIgniter))
 7 FCPATH/index.php(56): CodeIgniter\Boot::bootWeb(Object(Config\Paths))
WARNING - 2025-02-07 15:00:53 --> [DEPRECATED] Implicit conversion from float 128.33333333333331 to int loses precision in APPPATH/Controllers/Front.php on line 176.
 1 APPPATH/Controllers/Front.php(176): imagettftext(Object(GdImage), 24, -2, 128.33333333333331438552704639732837677001953125, 41, 0, '/home/casalingenieros/public_html/public/template/fonts/Poppins-Bold.ttf', 'K')
 2 SYSTEMPATH/CodeIgniter.php(933): App\Controllers\Front->creaCaptcha()
 3 SYSTEMPATH/CodeIgniter.php(509): CodeIgniter\CodeIgniter->runController(Object(App\Controllers\Front))
 4 SYSTEMPATH/CodeIgniter.php(355): CodeIgniter\CodeIgniter->handleRequest(null, Object(Config\Cache), false)
 5 SYSTEMPATH/Boot.php(325): CodeIgniter\CodeIgniter->run()
 6 SYSTEMPATH/Boot.php(67): CodeIgniter\Boot::runCodeIgniter(Object(CodeIgniter\CodeIgniter))
 7 FCPATH/index.php(56): CodeIgniter\Boot::bootWeb(Object(Config\Paths))
WARNING - 2025-02-07 15:00:53 --> [DEPRECATED] Implicit conversion from float 156.66666666666666 to int loses precision in APPPATH/Controllers/Front.php on line 176.
 1 APPPATH/Controllers/Front.php(176): imagettftext(Object(GdImage), 24, 4, 156.666666666666657192763523198664188385009765625, 30, 0, '/home/casalingenieros/public_html/public/template/fonts/Poppins-Bold.ttf', 'X')
 2 SYSTEMPATH/CodeIgniter.php(933): App\Controllers\Front->creaCaptcha()
 3 SYSTEMPATH/CodeIgniter.php(509): CodeIgniter\CodeIgniter->runController(Object(App\Controllers\Front))
 4 SYSTEMPATH/CodeIgniter.php(355): CodeIgniter\CodeIgniter->handleRequest(null, Object(Config\Cache), false)
 5 SYSTEMPATH/Boot.php(325): CodeIgniter\CodeIgniter->run()
 6 SYSTEMPATH/Boot.php(67): CodeIgniter\Boot::runCodeIgniter(Object(CodeIgniter\CodeIgniter))
 7 FCPATH/index.php(56): CodeIgniter\Boot::bootWeb(Object(Config\Paths))
INFO - 2025-02-07 15:00:55 --> Session: Class initialized using 'CodeIgniter\Session\Handlers\FileHandler' driver.
WARNING - 2025-02-07 15:00:55 --> [DEPRECATED] Implicit conversion from float 43.33333333333333 to int loses precision in APPPATH/Controllers/Front.php on line 176.
 1 APPPATH/Controllers/Front.php(176): imagettftext(Object(GdImage), 24, 5, 43.3333333333333285963817615993320941925048828125, 27, 16777215, '/home/casalingenieros/public_html/public/template/fonts/Poppins-Bold.ttf', 'M')
 2 SYSTEMPATH/CodeIgniter.php(933): App\Controllers\Front->creaCaptcha()
 3 SYSTEMPATH/CodeIgniter.php(509): CodeIgniter\CodeIgniter->runController(Object(App\Controllers\Front))
 4 SYSTEMPATH/CodeIgniter.php(355): CodeIgniter\CodeIgniter->handleRequest(null, Object(Config\Cache), false)
 5 SYSTEMPATH/Boot.php(325): CodeIgniter\CodeIgniter->run()
 6 SYSTEMPATH/Boot.php(67): CodeIgniter\Boot::runCodeIgniter(Object(CodeIgniter\CodeIgniter))
 7 FCPATH/index.php(56): CodeIgniter\Boot::bootWeb(Object(Config\Paths))
WARNING - 2025-02-07 15:00:55 --> [DEPRECATED] Implicit conversion from float 71.66666666666666 to int loses precision in APPPATH/Controllers/Front.php on line 176.
 1 APPPATH/Controllers/Front.php(176): imagettftext(Object(GdImage), 24, -5, 71.666666666666657192763523198664188385009765625, 39, 0, '/home/casalingenieros/public_html/public/template/fonts/Poppins-Regular.ttf', 'S')
 2 SYSTEMPATH/CodeIgniter.php(933): App\Controllers\Front->creaCaptcha()
 3 SYSTEMPATH/CodeIgniter.php(509): CodeIgniter\CodeIgniter->runController(Object(App\Controllers\Front))
 4 SYSTEMPATH/CodeIgniter.php(355): CodeIgniter\CodeIgniter->handleRequest(null, Object(Config\Cache), false)
 5 SYSTEMPATH/Boot.php(325): CodeIgniter\CodeIgniter->run()
 6 SYSTEMPATH/Boot.php(67): CodeIgniter\Boot::runCodeIgniter(Object(CodeIgniter\CodeIgniter))
 7 FCPATH/index.php(56): CodeIgniter\Boot::bootWeb(Object(Config\Paths))
WARNING - 2025-02-07 15:00:55 --> [DEPRECATED] Implicit conversion from float 128.33333333333331 to int loses precision in APPPATH/Controllers/Front.php on line 176.
 1 APPPATH/Controllers/Front.php(176): imagettftext(Object(GdImage), 24, 1, 128.33333333333331438552704639732837677001953125, 32, 0, '/home/casalingenieros/public_html/public/template/fonts/Poppins-Regular.ttf', 'K')
 2 SYSTEMPATH/CodeIgniter.php(933): App\Controllers\Front->creaCaptcha()
 3 SYSTEMPATH/CodeIgniter.php(509): CodeIgniter\CodeIgniter->runController(Object(App\Controllers\Front))
 4 SYSTEMPATH/CodeIgniter.php(355): CodeIgniter\CodeIgniter->handleRequest(null, Object(Config\Cache), false)
 5 SYSTEMPATH/Boot.php(325): CodeIgniter\CodeIgniter->run()
 6 SYSTEMPATH/Boot.php(67): CodeIgniter\Boot::runCodeIgniter(Object(CodeIgniter\CodeIgniter))
 7 FCPATH/index.php(56): CodeIgniter\Boot::bootWeb(Object(Config\Paths))
WARNING - 2025-02-07 15:00:55 --> [DEPRECATED] Implicit conversion from float 156.66666666666666 to int loses precision in APPPATH/Controllers/Front.php on line 176.
 1 APPPATH/Controllers/Front.php(176): imagettftext(Object(GdImage), 24, 6, 156.666666666666657192763523198664188385009765625, 39, 16777215, '/home/casalingenieros/public_html/public/template/fonts/Poppins-Bold.ttf', 'W')
 2 SYSTEMPATH/CodeIgniter.php(933): App\Controllers\Front->creaCaptcha()
 3 SYSTEMPATH/CodeIgniter.php(509): CodeIgniter\CodeIgniter->runController(Object(App\Controllers\Front))
 4 SYSTEMPATH/CodeIgniter.php(355): CodeIgniter\CodeIgniter->handleRequest(null, Object(Config\Cache), false)
 5 SYSTEMPATH/Boot.php(325): CodeIgniter\CodeIgniter->run()
 6 SYSTEMPATH/Boot.php(67): CodeIgniter\Boot::runCodeIgniter(Object(CodeIgniter\CodeIgniter))
 7 FCPATH/index.php(56): CodeIgniter\Boot::bootWeb(Object(Config\Paths))
INFO - 2025-02-07 15:01:21 --> Session: Class initialized using 'CodeIgniter\Session\Handlers\FileHandler' driver.
INFO - 2025-02-07 15:01:22 --> Session: Class initialized using 'CodeIgniter\Session\Handlers\FileHandler' driver.
WARNING - 2025-02-07 15:01:22 --> [DEPRECATED] Implicit conversion from float 43.33333333333333 to int loses precision in APPPATH/Controllers/Front.php on line 176.
 1 APPPATH/Controllers/Front.php(176): imagettftext(Object(GdImage), 24, -8, 43.3333333333333285963817615993320941925048828125, 40, 16777215, '/home/casalingenieros/public_html/public/template/fonts/Poppins-Bold.ttf', 'A')
 2 SYSTEMPATH/CodeIgniter.php(933): App\Controllers\Front->creaCaptcha()
 3 SYSTEMPATH/CodeIgniter.php(509): CodeIgniter\CodeIgniter->runController(Object(App\Controllers\Front))
 4 SYSTEMPATH/CodeIgniter.php(355): CodeIgniter\CodeIgniter->handleRequest(null, Object(Config\Cache), false)
 5 SYSTEMPATH/Boot.php(325): CodeIgniter\CodeIgniter->run()
 6 SYSTEMPATH/Boot.php(67): CodeIgniter\Boot::runCodeIgniter(Object(CodeIgniter\CodeIgniter))
 7 FCPATH/index.php(56): CodeIgniter\Boot::bootWeb(Object(Config\Paths))
WARNING - 2025-02-07 15:01:22 --> [DEPRECATED] Implicit conversion from float 71.66666666666666 to int loses precision in APPPATH/Controllers/Front.php on line 176.
 1 APPPATH/Controllers/Front.php(176): imagettftext(Object(GdImage), 24, -12, 71.666666666666657192763523198664188385009765625, 44, 16777215, '/home/casalingenieros/public_html/public/template/fonts/Poppins-Regular.ttf', 'Z')
 2 SYSTEMPATH/CodeIgniter.php(933): App\Controllers\Front->creaCaptcha()
 3 SYSTEMPATH/CodeIgniter.php(509): CodeIgniter\CodeIgniter->runController(Object(App\Controllers\Front))
 4 SYSTEMPATH/CodeIgniter.php(355): CodeIgniter\CodeIgniter->handleRequest(null, Object(Config\Cache), false)
 5 SYSTEMPATH/Boot.php(325): CodeIgniter\CodeIgniter->run()
 6 SYSTEMPATH/Boot.php(67): CodeIgniter\Boot::runCodeIgniter(Object(CodeIgniter\CodeIgniter))
 7 FCPATH/index.php(56): CodeIgniter\Boot::bootWeb(Object(Config\Paths))
WARNING - 2025-02-07 15:01:22 --> [DEPRECATED] Implicit conversion from float 128.33333333333331 to int loses precision in APPPATH/Controllers/Front.php on line 176.
 1 APPPATH/Controllers/Front.php(176): imagettftext(Object(GdImage), 24, 11, 128.33333333333331438552704639732837677001953125, 42, 0, '/home/casalingenieros/public_html/public/template/fonts/Poppins-Regular.ttf', 'K')
 2 SYSTEMPATH/CodeIgniter.php(933): App\Controllers\Front->creaCaptcha()
 3 SYSTEMPATH/CodeIgniter.php(509): CodeIgniter\CodeIgniter->runController(Object(App\Controllers\Front))
 4 SYSTEMPATH/CodeIgniter.php(355): CodeIgniter\CodeIgniter->handleRequest(null, Object(Config\Cache), false)
 5 SYSTEMPATH/Boot.php(325): CodeIgniter\CodeIgniter->run()
 6 SYSTEMPATH/Boot.php(67): CodeIgniter\Boot::runCodeIgniter(Object(CodeIgniter\CodeIgniter))
 7 FCPATH/index.php(56): CodeIgniter\Boot::bootWeb(Object(Config\Paths))
WARNING - 2025-02-07 15:01:22 --> [DEPRECATED] Implicit conversion from float 156.66666666666666 to int loses precision in APPPATH/Controllers/Front.php on line 176.
 1 APPPATH/Controllers/Front.php(176): imagettftext(Object(GdImage), 24, -5, 156.666666666666657192763523198664188385009765625, 45, 0, '/home/casalingenieros/public_html/public/template/fonts/Poppins-Bold.ttf', 'P')
 2 SYSTEMPATH/CodeIgniter.php(933): App\Controllers\Front->creaCaptcha()
 3 SYSTEMPATH/CodeIgniter.php(509): CodeIgniter\CodeIgniter->runController(Object(App\Controllers\Front))
 4 SYSTEMPATH/CodeIgniter.php(355): CodeIgniter\CodeIgniter->handleRequest(null, Object(Config\Cache), false)
 5 SYSTEMPATH/Boot.php(325): CodeIgniter\CodeIgniter->run()
 6 SYSTEMPATH/Boot.php(67): CodeIgniter\Boot::runCodeIgniter(Object(CodeIgniter\CodeIgniter))
 7 FCPATH/index.php(56): CodeIgniter\Boot::bootWeb(Object(Config\Paths))
INFO - 2025-02-07 15:01:23 --> Session: Class initialized using 'CodeIgniter\Session\Handlers\FileHandler' driver.
WARNING - 2025-02-07 15:01:23 --> [DEPRECATED] Implicit conversion from float 43.33333333333333 to int loses precision in APPPATH/Controllers/Front.php on line 176.
 1 APPPATH/Controllers/Front.php(176): imagettftext(Object(GdImage), 24, -12, 43.3333333333333285963817615993320941925048828125, 35, 0, '/home/casalingenieros/public_html/public/template/fonts/Poppins-Regular.ttf', 'E')
 2 SYSTEMPATH/CodeIgniter.php(933): App\Controllers\Front->creaCaptcha()
 3 SYSTEMPATH/CodeIgniter.php(509): CodeIgniter\CodeIgniter->runController(Object(App\Controllers\Front))
 4 SYSTEMPATH/CodeIgniter.php(355): CodeIgniter\CodeIgniter->handleRequest(null, Object(Config\Cache), false)
 5 SYSTEMPATH/Boot.php(325): CodeIgniter\CodeIgniter->run()
 6 SYSTEMPATH/Boot.php(67): CodeIgniter\Boot::runCodeIgniter(Object(CodeIgniter\CodeIgniter))
 7 FCPATH/index.php(56): CodeIgniter\Boot::bootWeb(Object(Config\Paths))
WARNING - 2025-02-07 15:01:23 --> [DEPRECATED] Implicit conversion from float 71.66666666666666 to int loses precision in APPPATH/Controllers/Front.php on line 176.
 1 APPPATH/Controllers/Front.php(176): imagettftext(Object(GdImage), 24, 0, 71.666666666666657192763523198664188385009765625, 44, 0, '/home/casalingenieros/public_html/public/template/fonts/Poppins-Bold.ttf', 'W')
 2 SYSTEMPATH/CodeIgniter.php(933): App\Controllers\Front->creaCaptcha()
 3 SYSTEMPATH/CodeIgniter.php(509): CodeIgniter\CodeIgniter->runController(Object(App\Controllers\Front))
 4 SYSTEMPATH/CodeIgniter.php(355): CodeIgniter\CodeIgniter->handleRequest(null, Object(Config\Cache), false)
 5 SYSTEMPATH/Boot.php(325): CodeIgniter\CodeIgniter->run()
 6 SYSTEMPATH/Boot.php(67): CodeIgniter\Boot::runCodeIgniter(Object(CodeIgniter\CodeIgniter))
 7 FCPATH/index.php(56): CodeIgniter\Boot::bootWeb(Object(Config\Paths))
WARNING - 2025-02-07 15:01:23 --> [DEPRECATED] Implicit conversion from float 128.33333333333331 to int loses precision in APPPATH/Controllers/Front.php on line 176.
 1 APPPATH/Controllers/Front.php(176): imagettftext(Object(GdImage), 24, 15, 128.33333333333331438552704639732837677001953125, 43, 0, '/home/casalingenieros/public_html/public/template/fonts/Poppins-Regular.ttf', 'P')
 2 SYSTEMPATH/CodeIgniter.php(933): App\Controllers\Front->creaCaptcha()
 3 SYSTEMPATH/CodeIgniter.php(509): CodeIgniter\CodeIgniter->runController(Object(App\Controllers\Front))
 4 SYSTEMPATH/CodeIgniter.php(355): CodeIgniter\CodeIgniter->handleRequest(null, Object(Config\Cache), false)
 5 SYSTEMPATH/Boot.php(325): CodeIgniter\CodeIgniter->run()
 6 SYSTEMPATH/Boot.php(67): CodeIgniter\Boot::runCodeIgniter(Object(CodeIgniter\CodeIgniter))
 7 FCPATH/index.php(56): CodeIgniter\Boot::bootWeb(Object(Config\Paths))
WARNING - 2025-02-07 15:01:23 --> [DEPRECATED] Implicit conversion from float 156.66666666666666 to int loses precision in APPPATH/Controllers/Front.php on line 176.
 1 APPPATH/Controllers/Front.php(176): imagettftext(Object(GdImage), 24, 0, 156.666666666666657192763523198664188385009765625, 45, 16777215, '/home/casalingenieros/public_html/public/template/fonts/Poppins-Regular.ttf', 'S')
 2 SYSTEMPATH/CodeIgniter.php(933): App\Controllers\Front->creaCaptcha()
 3 SYSTEMPATH/CodeIgniter.php(509): CodeIgniter\CodeIgniter->runController(Object(App\Controllers\Front))
 4 SYSTEMPATH/CodeIgniter.php(355): CodeIgniter\CodeIgniter->handleRequest(null, Object(Config\Cache), false)
 5 SYSTEMPATH/Boot.php(325): CodeIgniter\CodeIgniter->run()
 6 SYSTEMPATH/Boot.php(67): CodeIgniter\Boot::runCodeIgniter(Object(CodeIgniter\CodeIgniter))
 7 FCPATH/index.php(56): CodeIgniter\Boot::bootWeb(Object(Config\Paths))
INFO - 2025-02-07 15:01:28 --> Session: Class initialized using 'CodeIgniter\Session\Handlers\FileHandler' driver.
INFO - 2025-02-07 15:01:30 --> Session: Class initialized using 'CodeIgniter\Session\Handlers\FileHandler' driver.
INFO - 2025-02-07 15:02:27 --> Session: Class initialized using 'CodeIgniter\Session\Handlers\FileHandler' driver.
INFO - 2025-02-07 15:10:52 --> Session: Class initialized using 'CodeIgniter\Session\Handlers\FileHandler' driver.
INFO - 2025-02-07 15:43:12 --> Session: Class initialized using 'CodeIgniter\Session\Handlers\FileHandler' driver.
INFO - 2025-02-07 15:54:31 --> Session: Class initialized using 'CodeIgniter\Session\Handlers\FileHandler' driver.
INFO - 2025-02-07 16:07:01 --> Session: Class initialized using 'CodeIgniter\Session\Handlers\FileHandler' driver.
INFO - 2025-02-07 16:13:56 --> Session: Class initialized using 'CodeIgniter\Session\Handlers\FileHandler' driver.
INFO - 2025-02-07 16:29:19 --> Session: Class initialized using 'CodeIgniter\Session\Handlers\FileHandler' driver.
INFO - 2025-02-07 16:30:02 --> Session: Class initialized using 'CodeIgniter\Session\Handlers\FileHandler' driver.
INFO - 2025-02-07 16:35:25 --> Session: Class initialized using 'CodeIgniter\Session\Handlers\FileHandler' driver.
INFO - 2025-02-07 16:41:49 --> Session: Class initialized using 'CodeIgniter\Session\Handlers\FileHandler' driver.
INFO - 2025-02-07 16:52:35 --> Session: Class initialized using 'CodeIgniter\Session\Handlers\FileHandler' driver.
INFO - 2025-02-07 17:04:45 --> Session: Class initialized using 'CodeIgniter\Session\Handlers\FileHandler' driver.
INFO - 2025-02-07 17:50:57 --> Session: Class initialized using 'CodeIgniter\Session\Handlers\FileHandler' driver.
INFO - 2025-02-07 18:05:51 --> Session: Class initialized using 'CodeIgniter\Session\Handlers\FileHandler' driver.
INFO - 2025-02-07 18:15:10 --> Session: Class initialized using 'CodeIgniter\Session\Handlers\FileHandler' driver.
INFO - 2025-02-07 18:51:26 --> Session: Class initialized using 'CodeIgniter\Session\Handlers\FileHandler' driver.
INFO - 2025-02-07 18:57:09 --> Session: Class initialized using 'CodeIgniter\Session\Handlers\FileHandler' driver.
INFO - 2025-02-07 19:40:12 --> Session: Class initialized using 'CodeIgniter\Session\Handlers\FileHandler' driver.
INFO - 2025-02-07 21:02:35 --> Session: Class initialized using 'CodeIgniter\Session\Handlers\FileHandler' driver.
INFO - 2025-02-07 21:02:37 --> Session: Class initialized using 'CodeIgniter\Session\Handlers\FileHandler' driver.
INFO - 2025-02-07 21:02:39 --> Session: Class initialized using 'CodeIgniter\Session\Handlers\FileHandler' driver.
INFO - 2025-02-07 21:02:41 --> Session: Class initialized using 'CodeIgniter\Session\Handlers\FileHandler' driver.
INFO - 2025-02-07 21:02:42 --> Session: Class initialized using 'CodeIgniter\Session\Handlers\FileHandler' driver.
INFO - 2025-02-07 21:02:44 --> Session: Class initialized using 'CodeIgniter\Session\Handlers\FileHandler' driver.
INFO - 2025-02-07 21:02:45 --> Session: Class initialized using 'CodeIgniter\Session\Handlers\FileHandler' driver.
INFO - 2025-02-07 21:02:47 --> Session: Class initialized using 'CodeIgniter\Session\Handlers\FileHandler' driver.
INFO - 2025-02-07 21:02:50 --> Session: Class initialized using 'CodeIgniter\Session\Handlers\FileHandler' driver.
INFO - 2025-02-07 21:02:51 --> Session: Class initialized using 'CodeIgniter\Session\Handlers\FileHandler' driver.
INFO - 2025-02-07 21:02:53 --> Session: Class initialized using 'CodeIgniter\Session\Handlers\FileHandler' driver.
INFO - 2025-02-07 21:02:54 --> Session: Class initialized using 'CodeIgniter\Session\Handlers\FileHandler' driver.
INFO - 2025-02-07 21:02:56 --> Session: Class initialized using 'CodeIgniter\Session\Handlers\FileHandler' driver.
INFO - 2025-02-07 21:03:00 --> Session: Class initialized using 'CodeIgniter\Session\Handlers\FileHandler' driver.
INFO - 2025-02-07 21:03:01 --> Session: Class initialized using 'CodeIgniter\Session\Handlers\FileHandler' driver.
INFO - 2025-02-07 21:03:04 --> Session: Class initialized using 'CodeIgniter\Session\Handlers\FileHandler' driver.
INFO - 2025-02-07 21:03:06 --> Session: Class initialized using 'CodeIgniter\Session\Handlers\FileHandler' driver.
INFO - 2025-02-07 21:03:08 --> Session: Class initialized using 'CodeIgniter\Session\Handlers\FileHandler' driver.
INFO - 2025-02-07 21:03:09 --> Session: Class initialized using 'CodeIgniter\Session\Handlers\FileHandler' driver.
INFO - 2025-02-07 21:03:11 --> Session: Class initialized using 'CodeIgniter\Session\Handlers\FileHandler' driver.
INFO - 2025-02-07 21:03:14 --> Session: Class initialized using 'CodeIgniter\Session\Handlers\FileHandler' driver.
INFO - 2025-02-07 21:03:15 --> Session: Class initialized using 'CodeIgniter\Session\Handlers\FileHandler' driver.
INFO - 2025-02-07 21:03:18 --> Session: Class initialized using 'CodeIgniter\Session\Handlers\FileHandler' driver.
INFO - 2025-02-07 21:11:21 --> Session: Class initialized using 'CodeIgniter\Session\Handlers\FileHandler' driver.
INFO - 2025-02-07 21:23:14 --> Session: Class initialized using 'CodeIgniter\Session\Handlers\FileHandler' driver.
INFO - 2025-02-07 21:49:42 --> Session: Class initialized using 'CodeIgniter\Session\Handlers\FileHandler' driver.
INFO - 2025-02-07 21:58:34 --> Session: Class initialized using 'CodeIgniter\Session\Handlers\FileHandler' driver.
INFO - 2025-02-07 21:59:08 --> Session: Class initialized using 'CodeIgniter\Session\Handlers\FileHandler' driver.
INFO - 2025-02-07 22:46:12 --> Session: Class initialized using 'CodeIgniter\Session\Handlers\FileHandler' driver.
INFO - 2025-02-07 23:28:57 --> Session: Class initialized using 'CodeIgniter\Session\Handlers\FileHandler' driver.
INFO - 2025-02-07 23:47:37 --> Session: Class initialized using 'CodeIgniter\Session\Handlers\FileHandler' driver.
INFO - 2025-02-07 23:49:12 --> Session: Class initialized using 'CodeIgniter\Session\Handlers\FileHandler' driver.
INFO - 2025-02-07 23:49:27 --> Session: Class initialized using 'CodeIgniter\Session\Handlers\FileHandler' driver.
INFO - 2025-02-07 23:49:43 --> Session: Class initialized using 'CodeIgniter\Session\Handlers\FileHandler' driver.
INFO - 2025-02-07 23:49:57 --> Session: Class initialized using 'CodeIgniter\Session\Handlers\FileHandler' driver.
INFO - 2025-02-07 23:49:59 --> Session: Class initialized using 'CodeIgniter\Session\Handlers\FileHandler' driver.
WARNING - 2025-02-07 23:49:59 --> [DEPRECATED] Implicit conversion from float 43.33333333333333 to int loses precision in APPPATH/Controllers/Front.php on line 176.
 1 APPPATH/Controllers/Front.php(176): imagettftext(Object(GdImage), 24, 12, 43.3333333333333285963817615993320941925048828125, 31, 0, '/home/casalingenieros/public_html/public/template/fonts/Poppins-Bold.ttf', 'A')
 2 SYSTEMPATH/CodeIgniter.php(933): App\Controllers\Front->creaCaptcha()
 3 SYSTEMPATH/CodeIgniter.php(509): CodeIgniter\CodeIgniter->runController(Object(App\Controllers\Front))
 4 SYSTEMPATH/CodeIgniter.php(355): CodeIgniter\CodeIgniter->handleRequest(null, Object(Config\Cache), false)
 5 SYSTEMPATH/Boot.php(325): CodeIgniter\CodeIgniter->run()
 6 SYSTEMPATH/Boot.php(67): CodeIgniter\Boot::runCodeIgniter(Object(CodeIgniter\CodeIgniter))
 7 FCPATH/index.php(56): CodeIgniter\Boot::bootWeb(Object(Config\Paths))
WARNING - 2025-02-07 23:49:59 --> [DEPRECATED] Implicit conversion from float 71.66666666666666 to int loses precision in APPPATH/Controllers/Front.php on line 176.
 1 APPPATH/Controllers/Front.php(176): imagettftext(Object(GdImage), 24, -4, 71.666666666666657192763523198664188385009765625, 37, 16777215, '/home/casalingenieros/public_html/public/template/fonts/Poppins-Regular.ttf', 'P')
 2 SYSTEMPATH/CodeIgniter.php(933): App\Controllers\Front->creaCaptcha()
 3 SYSTEMPATH/CodeIgniter.php(509): CodeIgniter\CodeIgniter->runController(Object(App\Controllers\Front))
 4 SYSTEMPATH/CodeIgniter.php(355): CodeIgniter\CodeIgniter->handleRequest(null, Object(Config\Cache), false)
 5 SYSTEMPATH/Boot.php(325): CodeIgniter\CodeIgniter->run()
 6 SYSTEMPATH/Boot.php(67): CodeIgniter\Boot::runCodeIgniter(Object(CodeIgniter\CodeIgniter))
 7 FCPATH/index.php(56): CodeIgniter\Boot::bootWeb(Object(Config\Paths))
WARNING - 2025-02-07 23:49:59 --> [DEPRECATED] Implicit conversion from float 128.33333333333331 to int loses precision in APPPATH/Controllers/Front.php on line 176.
 1 APPPATH/Controllers/Front.php(176): imagettftext(Object(GdImage), 24, -9, 128.33333333333331438552704639732837677001953125, 37, 0, '/home/casalingenieros/public_html/public/template/fonts/Poppins-Bold.ttf', 'B')
 2 SYSTEMPATH/CodeIgniter.php(933): App\Controllers\Front->creaCaptcha()
 3 SYSTEMPATH/CodeIgniter.php(509): CodeIgniter\CodeIgniter->runController(Object(App\Controllers\Front))
 4 SYSTEMPATH/CodeIgniter.php(355): CodeIgniter\CodeIgniter->handleRequest(null, Object(Config\Cache), false)
 5 SYSTEMPATH/Boot.php(325): CodeIgniter\CodeIgniter->run()
 6 SYSTEMPATH/Boot.php(67): CodeIgniter\Boot::runCodeIgniter(Object(CodeIgniter\CodeIgniter))
 7 FCPATH/index.php(56): CodeIgniter\Boot::bootWeb(Object(Config\Paths))
WARNING - 2025-02-07 23:49:59 --> [DEPRECATED] Implicit conversion from float 156.66666666666666 to int loses precision in APPPATH/Controllers/Front.php on line 176.
 1 APPPATH/Controllers/Front.php(176): imagettftext(Object(GdImage), 24, 8, 156.666666666666657192763523198664188385009765625, 35, 16777215, '/home/casalingenieros/public_html/public/template/fonts/Poppins-Bold.ttf', 'K')
 2 SYSTEMPATH/CodeIgniter.php(933): App\Controllers\Front->creaCaptcha()
 3 SYSTEMPATH/CodeIgniter.php(509): CodeIgniter\CodeIgniter->runController(Object(App\Controllers\Front))
 4 SYSTEMPATH/CodeIgniter.php(355): CodeIgniter\CodeIgniter->handleRequest(null, Object(Config\Cache), false)
 5 SYSTEMPATH/Boot.php(325): CodeIgniter\CodeIgniter->run()
 6 SYSTEMPATH/Boot.php(67): CodeIgniter\Boot::runCodeIgniter(Object(CodeIgniter\CodeIgniter))
 7 FCPATH/index.php(56): CodeIgniter\Boot::bootWeb(Object(Config\Paths))
